"deployment_code_yyyymm","deployment_code_yyyymmdd","Key_yyyymm","Key_yyyymmdd","Keys_Match"
"SWFSC_NEPAC-BCN_201608_PASCAL_007","SWFSC_BCN_20160824_PASCAL_006","PASCAL_007","PASCAL_006",FALSE
"SWFSC_NEPAC-CHI_201809_CCES_013","SWFSC_BCN_20160825_PASCAL_007","CCES_013","PASCAL_007",FALSE
"SWFSC_NEPAC-HUM_201609_PASCAL_016","SWFSC_BCN_20181005_CCES_014","PASCAL_016","CCES_014",FALSE
"SWFSC_NEPAC-HUM_201609_PASCAL_016","SWFSC_BCN_20181030_CCES_016","PASCAL_016","CCES_016",FALSE
"SWFSC_NEPAC-BCN_201608_PASCAL_006","SWFSC_BCN_20181031_CCES_017","PASCAL_006","CCES_017",FALSE
"SWFSC_NEPAC-BCN_201608_PASCAL_006","SWFSC_BCN_20181031_CCES_018","PASCAL_006","CCES_018",FALSE
"SWFSC_NEPAC-BCN_201608_PASCAL_006","SWFSC_BCN_20181101_CCES_019","PASCAL_006","CCES_019",FALSE
"SWFSC_NEPAC-BCN_201608_PASCAL_006","SWFSC_BCN_20181105_CCES_020","PASCAL_006","CCES_020",FALSE
"SWFSC_NEPAC-BCN_201608_PASCAL_006","SWFSC_BCN_20181106_CCES_021","PASCAL_006","CCES_021",FALSE
"SWFSC_NEPAC-BCN_201608_PASCAL_006","SWFSC_BCN_20181107_CCES_022","PASCAL_006","CCES_022",FALSE
"SWFSC_NEPAC-BCN_201608_PASCAL_007","SWFSC_BCN_20181122_CCES_023","PASCAL_007","CCES_023",FALSE
"SWFSC_NEPAC-BCN_201608_PASCAL_007","SWFSC_CHI_20160822_PASCAL_005","PASCAL_007","PASCAL_005",FALSE
"SWFSC_NEPAC-BCN_201608_PASCAL_007","SWFSC_CHI_20160826_PASCAL_008","PASCAL_007","PASCAL_008",FALSE
"SWFSC_NEPAC-BCN_201608_PASCAL_007","SWFSC_CHI_20160904_PASCAL_019","PASCAL_007","PASCAL_019",FALSE
"SWFSC_NEPAC-BCN_201810_CCES_014","SWFSC_CHI_20160906_PASCAL_020","CCES_014","PASCAL_020",FALSE
"SWFSC_NEPAC-BCN_201810_CCES_014","SWFSC_CHI_20160924_PASCAL_026","CCES_014","PASCAL_026",FALSE
"SWFSC_NEPAC-BCN_201810_CCES_014","SWFSC_CHI_20160924_PASCAL_026","CCES_014","PASCAL_026",FALSE
"SWFSC_NEPAC-BCN_201810_CCES_014","SWFSC_CHI_20160924_PASCAL_027","CCES_014","PASCAL_027",FALSE
"SWFSC_NEPAC-BCN_201810_CCES_014","SWFSC_CHI_20160924_PASCAL_028","CCES_014","PASCAL_028",FALSE
"SWFSC_NEPAC-BCN_201810_CCES_014","SWFSC_CHI_20160926_PASCAL_029","CCES_014","PASCAL_029",FALSE
"SWFSC_NEPAC-BCN_201810_CCES_016","SWFSC_CHI_20160926_PASCAL_029","CCES_016","PASCAL_029",FALSE
"SWFSC_NEPAC-BCN_201810_CCES_016","SWFSC_CHI_20160926_PASCAL_030","CCES_016","PASCAL_030",FALSE
"SWFSC_NEPAC-BCN_201810_CCES_016","SWFSC_CHI_20180911_CCES_013","CCES_016","CCES_013",FALSE
"SWFSC_NEPAC-BCN_201810_CCES_016","SWFSC_COL_20160829_PASCAL_012","CCES_016","PASCAL_012",FALSE
"SWFSC_NEPAC-BCN_201810_CCES_016","SWFSC_COL_20160829_PASCAL_013","CCES_016","PASCAL_013",FALSE
"SWFSC_NEPAC-BCN_201810_CCES_017","SWFSC_HMB_20210609_ADRIFT_002","CCES_017","ADRIFT_002",FALSE
"SWFSC_NEPAC-BCN_201810_CCES_017","SWFSC_HUM_20160821_PASCAL_002","CCES_017","PASCAL_002",FALSE
"SWFSC_NEPAC-BCN_201810_CCES_017","SWFSC_HUM_20160901_PASCAL_016","CCES_017","PASCAL_016",FALSE
"SWFSC_NEPAC-BCN_201810_CCES_017","SWFSC_HUM_20180725_CCES_004","CCES_017","CCES_004",FALSE
"SWFSC_NEPAC-BCN_201810_CCES_017","SWFSC_HUM_20180805_CCES_007","CCES_017","CCES_007",FALSE
"SWFSC_NEPAC-BCN_201810_CCES_017","SWFSC_HUM_20180816_CCES_008","CCES_017","CCES_008",FALSE
"SWFSC_NEPAC-BCN_201810_CCES_018","SWFSC_HUM_20210822_ADRIFT_001","CCES_018","ADRIFT_001",FALSE
"SWFSC_NEPAC-BCN_201810_CCES_018","SWFSC_HUM_20220118_ADRIFT_012","CCES_018","ADRIFT_012",FALSE
"SWFSC_NEPAC-BCN_201810_CCES_018","SWFSC_HUM_20220425_ADRIFT_017","CCES_018","ADRIFT_017",FALSE
"SWFSC_NEPAC-BCN_201810_CCES_018","SWFSC_HUM_20220425_ADRIFT_018","CCES_018","ADRIFT_018",FALSE
"SWFSC_NEPAC-BCN_201810_CCES_018","SWFSC_HUM_20220728_ADRIFT_030","CCES_018","ADRIFT_030",FALSE
"SWFSC_NEPAC-BCN_201810_CCES_018","SWFSC_HUM_20220728_ADRIFT_031","CCES_018","ADRIFT_031",FALSE
"SWFSC_NEPAC-BCN_201810_CCES_018","SWFSC_HUM_20220913_ADRIFT_032","CCES_018","ADRIFT_032",FALSE
"SWFSC_NEPAC-BCN_201810_CCES_018","SWFSC_HUM_20220913_ADRIFT_033","CCES_018","ADRIFT_033",FALSE
"SWFSC_NEPAC-BCN_201811_CCES_019","SWFSC_HUM_20221116_ADRIFT_036","CCES_019","ADRIFT_036",FALSE
"SWFSC_NEPAC-BCN_201811_CCES_019","SWFSC_HUM_20221116_ADRIFT_037","CCES_019","ADRIFT_037",FALSE
"SWFSC_NEPAC-BCN_201811_CCES_019","SWFSC_HUM_20221116_ADRIFT_038","CCES_019","ADRIFT_038",FALSE
"SWFSC_NEPAC-BCN_201811_CCES_019","SWFSC_HUM_20221213_ADRIFT_039","CCES_019","ADRIFT_039",FALSE
"SWFSC_NEPAC-BCN_201811_CCES_019","SWFSC_HUM_20221213_ADRIFT_040","CCES_019","ADRIFT_040",FALSE
"SWFSC_NEPAC-BCN_201811_CCES_019","SWFSC_HUM_20221213_ADRIFT_041","CCES_019","ADRIFT_041",FALSE
"SWFSC_NEPAC-BCN_201811_CCES_019","SWFSC_HUM_20230316_ADRIFT_054","CCES_019","ADRIFT_054",FALSE
"SWFSC_NEPAC-CHI_201608_PASCAL_008","SWFSC_HUM_20230316_ADRIFT_055","PASCAL_008","ADRIFT_055",FALSE
"SWFSC_NEPAC-BCN_201811_CCES_019","SWFSC_HUM_20230316_ADRIFT_057","CCES_019","ADRIFT_057",FALSE
"SWFSC_NEPAC-BCN_201811_CCES_020","SWFSC_HUM_20230507_ADRIFT_068","CCES_020","ADRIFT_068",FALSE
"SWFSC_NEPAC-BCN_201811_CCES_020","SWFSC_HUM_20230507_ADRIFT_070","CCES_020","ADRIFT_070",FALSE
"SWFSC_NEPAC-BCN_201811_CCES_020","SWFSC_HUM_20230507_ADRIFT_071","CCES_020","ADRIFT_071",FALSE
"SWFSC_NEPAC-BCN_201811_CCES_020","SWFSC_HUM_20230825_ADRIFT_088","CCES_020","ADRIFT_088",FALSE
"SWFSC_NEPAC-BCN_201811_CCES_020","SWFSC_HUM_20230825_ADRIFT_089","CCES_020","ADRIFT_089",FALSE
"SWFSC_NEPAC-BCN_201811_CCES_020","SWFSC_HUM_20230825_ADRIFT_090","CCES_020","ADRIFT_090",FALSE
"SWFSC_NEPAC-BCN_201811_CCES_020","SWFSC_HUM_20230825_ADRIFT_091","CCES_020","ADRIFT_091",FALSE
"SWFSC_NEPAC-BCN_201811_CCES_021","SWFSC_HUM_20231005_ADRIFT_097","CCES_021","ADRIFT_097",FALSE
"SWFSC_NEPAC-BCN_201811_CCES_021","SWFSC_HUM_20231005_ADRIFT_098","CCES_021","ADRIFT_098",FALSE
"SWFSC_NEPAC-BCN_201811_CCES_021","SWFSC_HUM_20231005_ADRIFT_099","CCES_021","ADRIFT_099",FALSE
"SWFSC_NEPAC-BCN_201811_CCES_021","SWFSC_HUM_20231005_ADRIFT_100","CCES_021","ADRIFT_100",FALSE
"SWFSC_NEPAC-BCN_201811_CCES_021","SWFSC_MBY_20160822_PASCAL_004","CCES_021","PASCAL_004",FALSE
"SWFSC_NEPAC-BCN_201811_CCES_021","SWFSC_MBY_20160827_PASCAL_009","CCES_021","PASCAL_009",FALSE
"SWFSC_NEPAC-BCN_201811_CCES_022","SWFSC_MBY_20160827_PASCAL_009","CCES_022","PASCAL_009",FALSE
"SWFSC_NEPAC-BCN_201811_CCES_022","SWFSC_MBY_20160903_PASCAL_018","CCES_022","PASCAL_018",FALSE
"SWFSC_NEPAC-BCN_201811_CCES_022","SWFSC_MBY_20220621_ADRIFT_019","CCES_022","ADRIFT_019",FALSE
"SWFSC_NEPAC-BCN_201811_CCES_022","SWFSC_MBY_20220621_ADRIFT_020","CCES_022","ADRIFT_020",FALSE
"SWFSC_NEPAC-BCN_201811_CCES_022","SWFSC_MBY_20220621_ADRIFT_021","CCES_022","ADRIFT_021",FALSE
"SWFSC_NEPAC-BCN_201811_CCES_022","SWFSC_MBY_20220621_ADRIFT_022","CCES_022","ADRIFT_022",FALSE
"SWFSC_NEPAC-BCN_201811_CCES_023","SWFSC_MBY_20220621_ADRIFT_023","CCES_023","ADRIFT_023",FALSE
"SWFSC_NEPAC-BCN_201811_CCES_023","SWFSC_MBY_20220621_ADRIFT_024","CCES_023","ADRIFT_024",FALSE
"SWFSC_NEPAC-BCN_201811_CCES_023","SWFSC_MBY_20220621_ADRIFT_025","CCES_023","ADRIFT_025",FALSE
"SWFSC_NEPAC-BCN_201811_CCES_023","SWFSC_MBY_20220621_ADRIFT_026","CCES_023","ADRIFT_026",FALSE
"SWFSC_NEPAC-BCN_201811_CCES_023","SWFSC_MBY_20230311_ADRIFT_046","CCES_023","ADRIFT_046",FALSE
"SWFSC_NEPAC-BCN_201811_CCES_023","SWFSC_MBY_20230311_ADRIFT_047","CCES_023","ADRIFT_047",FALSE
"SWFSC_NEPAC-BCN_201811_CCES_023","SWFSC_MBY_20230311_ADRIFT_048","CCES_023","ADRIFT_048",FALSE
"SWFSC_NEPAC-CHI_201608_PASCAL_005","SWFSC_MBY_20230311_ADRIFT_049","PASCAL_005","ADRIFT_049",FALSE
"SWFSC_NEPAC-CHI_201608_PASCAL_005","SWFSC_MBY_20230311_ADRIFT_050","PASCAL_005","ADRIFT_050",FALSE
"SWFSC_NEPAC-CHI_201608_PASCAL_005","SWFSC_MBY_20230311_ADRIFT_051","PASCAL_005","ADRIFT_051",FALSE
"SWFSC_NEPAC-CHI_201608_PASCAL_005","SWFSC_MBY_20230311_ADRIFT_052","PASCAL_005","ADRIFT_052",FALSE
"SWFSC_NEPAC-CHI_201608_PASCAL_005","SWFSC_MBY_20230311_ADRIFT_053","PASCAL_005","ADRIFT_053",FALSE
"SWFSC_NEPAC-CHI_201608_PASCAL_005","SWFSC_MBY_20230711_ADRIFT_079","PASCAL_005","ADRIFT_079",FALSE
"SWFSC_NEPAC-CHI_201809_CCES_013","SWFSC_MBY_20230711_ADRIFT_080","CCES_013","ADRIFT_080",FALSE
"SWFSC_NEPAC-CHI_201608_PASCAL_008","SWFSC_MBY_20230711_ADRIFT_081","PASCAL_008","ADRIFT_081",FALSE
"SWFSC_NEPAC-CHI_201608_PASCAL_008","SWFSC_MBY_20230711_ADRIFT_082","PASCAL_008","ADRIFT_082",FALSE
"SWFSC_NEPAC-CHI_201609_PASCAL_019","SWFSC_MBY_20230711_ADRIFT_083","PASCAL_019","ADRIFT_083",FALSE
"SWFSC_NEPAC-CHI_201609_PASCAL_019","SWFSC_MBY_20231106_ADRIFT_101","PASCAL_019","ADRIFT_101",FALSE
"SWFSC_NEPAC-CHI_201609_PASCAL_019","SWFSC_MBY_20231106_ADRIFT_102","PASCAL_019","ADRIFT_102",FALSE
"SWFSC_NEPAC-CHI_201609_PASCAL_019","SWFSC_MBY_20231106_ADRIFT_103","PASCAL_019","ADRIFT_103",FALSE
"SWFSC_NEPAC-CHI_201609_PASCAL_019","SWFSC_MBY_20231106_ADRIFT_104","PASCAL_019","ADRIFT_104",FALSE
"SWFSC_NEPAC-CHI_201609_PASCAL_019","SWFSC_MBY_20231106_ADRIFT_105","PASCAL_019","ADRIFT_105",FALSE
"SWFSC_NEPAC-CHI_201609_PASCAL_020","SWFSC_MBY_20231106_ADRIFT_106","PASCAL_020","ADRIFT_106",FALSE
"SWFSC_NEPAC-CHI_201609_PASCAL_020","SWFSC_MBY_20231106_ADRIFT_107","PASCAL_020","ADRIFT_107",FALSE
"SWFSC_NEPAC-CHI_201609_PASCAL_020","SWFSC_MBY_20231106_ADRIFT_108","PASCAL_020","ADRIFT_108",FALSE
"SWFSC_NEPAC-CHI_201609_PASCAL_020","SWFSC_MND_20160821_PASCAL_003","PASCAL_020","PASCAL_003",FALSE
"SWFSC_NEPAC-CHI_201609_PASCAL_020","SWFSC_MND_20160827_PASCAL_010","PASCAL_020","PASCAL_010",FALSE
"SWFSC_NEPAC-CHI_201609_PASCAL_020","SWFSC_MOB_20160904_PASCAL_021","PASCAL_020","PASCAL_021",FALSE
"SWFSC_NEPAC-CHI_201609_PASCAL_026","SWFSC_MOB_20180830_CCES_012","PASCAL_026","CCES_012",FALSE
"SWFSC_NEPAC-CHI_201609_PASCAL_026","SWFSC_MOB_20220423_ADRIFT_013","PASCAL_026","ADRIFT_013",FALSE
"SWFSC_NEPAC-CHI_201609_PASCAL_026","SWFSC_NEPAC_20240817_CALCURCEAS_001","PASCAL_026","CALCURCEAS_001",FALSE
"SWFSC_NEPAC-CHI_201609_PASCAL_026","SWFSC_NEPAC_20240820_CALCURCEAS_002","PASCAL_026","CALCURCEAS_002",FALSE
"SWFSC_NEPAC-CHI_201609_PASCAL_027","SWFSC_NEPAC_20240820_CALCURCEAS_003","PASCAL_027","CALCURCEAS_003",FALSE
"SWFSC_NEPAC-CHI_201609_PASCAL_027","SWFSC_NEPAC_20240821_CALCURCEAS_004","PASCAL_027","CALCURCEAS_004",FALSE
"SWFSC_NEPAC-CHI_201609_PASCAL_027","SWFSC_NEPAC_20240823_CALCURCEAS_006","PASCAL_027","CALCURCEAS_006",FALSE
"SWFSC_NEPAC-CHI_201609_PASCAL_027","SWFSC_NEPAC_20240913_CALCURCEAS_008","PASCAL_027","CALCURCEAS_008",FALSE
"SWFSC_NEPAC-CHI_201609_PASCAL_027","SWFSC_NEPAC_20240914_CALCURCEAS_009","PASCAL_027","CALCURCEAS_009",FALSE
"SWFSC_NEPAC-CHI_201609_PASCAL_028","SWFSC_NEPAC_20240914_CALCURCEAS_010","PASCAL_028","CALCURCEAS_010",FALSE
"SWFSC_NEPAC-CHI_201609_PASCAL_028","SWFSC_NEPAC_20240915_CALCURCEAS_011","PASCAL_028","CALCURCEAS_011",FALSE
"SWFSC_NEPAC-CHI_201609_PASCAL_028","SWFSC_NEPAC_20241001_CALCURCEAS_012","PASCAL_028","CALCURCEAS_012",FALSE
"SWFSC_NEPAC-CHI_201609_PASCAL_028","SWFSC_NEPAC_20241002_CALCURCEAS_013","PASCAL_028","CALCURCEAS_013",FALSE
"SWFSC_NEPAC-CHI_201609_PASCAL_029","SWFSC_NEPAC_20241002_CALCURCEAS_014","PASCAL_029","CALCURCEAS_014",FALSE
"SWFSC_NEPAC-CHI_201609_PASCAL_029","SWFSC_NEPAC_20241005_CALCURCEAS_015","PASCAL_029","CALCURCEAS_015",FALSE
"SWFSC_NEPAC-CHI_201609_PASCAL_029","SWFSC_NEPAC_20241006_CALCURCEAS_016","PASCAL_029","CALCURCEAS_016",FALSE
"SWFSC_NEPAC-CHI_201609_PASCAL_030","SWFSC_NEPAC_20241006_CALCURCEAS_017","PASCAL_030","CALCURCEAS_017",FALSE
"SWFSC_NEPAC-CHI_201609_PASCAL_030","SWFSC_NEPAC_20241006_CALCURCEAS_018","PASCAL_030","CALCURCEAS_018",FALSE
"SWFSC_NEPAC-CHI_201609_PASCAL_030","SWFSC_NEPAC_20241009_CALCURCEAS_019","PASCAL_030","CALCURCEAS_019",FALSE
"SWFSC_NEPAC-CHI_201809_CCES_013","SWFSC_NEPAC_20241026_CALCURCEAS_020","CCES_013","CALCURCEAS_020",FALSE
"SWFSC_NEPAC-CHI_201809_CCES_013","SWFSC_NEPAC_20241027_CALCURCEAS_021","CCES_013","CALCURCEAS_021",FALSE
"SWFSC_NEPAC-CHI_201809_CCES_013","SWFSC_NEPAC_20241027_CALCURCEAS_022","CCES_013","CALCURCEAS_022",FALSE
"SWFSC_NEPAC-CHI_201809_CCES_013","SWFSC_NEPAC_20241028_CALCURCEAS_023","CCES_013","CALCURCEAS_023",FALSE
"SWFSC_NEPAC-CHI_201809_CCES_013","SWFSC_NEPAC_20241111_CALCURCEAS_024","CCES_013","CALCURCEAS_024",FALSE
"SWFSC_NEPAC-CHI_201809_CCES_013","SWFSC_NEPAC_20241120_CALCURCEAS_025","CCES_013","CALCURCEAS_025",FALSE
"SWFSC_NEPAC-COL_201608_PASCAL_012","SWFSC_NEPAC_20241122_CALCURCEAS_026","PASCAL_012","CALCURCEAS_026",FALSE
"SWFSC_NEPAC-COL_201608_PASCAL_012","SWFSC_NEPAC_20241123_CALCURCEAS_027","PASCAL_012","CALCURCEAS_027",FALSE
"SWFSC_NEPAC-COL_201608_PASCAL_012","SWFSC_ORE_20160819_PASCAL_001","PASCAL_012","PASCAL_001",FALSE
"SWFSC_NEPAC-COL_201608_PASCAL_012","SWFSC_ORE_20160828_PASCAL_011","PASCAL_012","PASCAL_011",FALSE
"SWFSC_NEPAC-COL_201608_PASCAL_012","SWFSC_ORE_20160831_PASCAL_015","PASCAL_012","PASCAL_015",FALSE
"SWFSC_NEPAC-COL_201608_PASCAL_012","SWFSC_ORE_20230316_ADRIFT_042","PASCAL_012","ADRIFT_042",FALSE
"SWFSC_NEPAC-COL_201608_PASCAL_013","SWFSC_ORE_20230316_ADRIFT_043","PASCAL_013","ADRIFT_043",FALSE
"SWFSC_NEPAC-COL_201608_PASCAL_013","SWFSC_ORE_20230316_ADRIFT_044","PASCAL_013","ADRIFT_044",FALSE
"SWFSC_NEPAC-COL_201608_PASCAL_013","SWFSC_ORE_20230316_ADRIFT_045","PASCAL_013","ADRIFT_045",FALSE
"SWFSC_NEPAC-COL_201608_PASCAL_013","SWFSC_ORE_20230413_ADRIFT_058","PASCAL_013","ADRIFT_058",FALSE
"SWFSC_NEPAC-HMB_202106_ADRIFT_002","SWFSC_ORE_20230413_ADRIFT_059","ADRIFT_002","ADRIFT_059",FALSE
"SWFSC_NEPAC-HMB_202106_ADRIFT_002","SWFSC_ORE_20230413_ADRIFT_060","ADRIFT_002","ADRIFT_060",FALSE
"SWFSC_NEPAC-HMB_202106_ADRIFT_002","SWFSC_ORE_20230413_ADRIFT_061","ADRIFT_002","ADRIFT_061",FALSE
"SWFSC_NEPAC-HMB_202106_ADRIFT_002","SWFSC_ORE_20230426_ADRIFT_062","ADRIFT_002","ADRIFT_062",FALSE
"SWFSC_NEPAC-HMB_202106_ADRIFT_002","SWFSC_ORE_20230426_ADRIFT_063","ADRIFT_002","ADRIFT_063",FALSE
"SWFSC_NEPAC-HMB_202106_ADRIFT_002","SWFSC_ORE_20230426_ADRIFT_064","ADRIFT_002","ADRIFT_064",FALSE
"SWFSC_NEPAC-HMB_202106_ADRIFT_002","SWFSC_ORE_20230426_ADRIFT_065","ADRIFT_002","ADRIFT_065",FALSE
"SWFSC_NEPAC-HUM_202207_ADRIFT_030","SWFSC_ORE_20230517_ADRIFT_072","ADRIFT_030","ADRIFT_072",FALSE
"SWFSC_NEPAC-HUM_202207_ADRIFT_031","SWFSC_ORE_20230517_ADRIFT_073","ADRIFT_031","ADRIFT_073",FALSE
"SWFSC_NEPAC-HMB_202106_ADRIFT_002","SWFSC_ORE_20230517_ADRIFT_074","ADRIFT_002","ADRIFT_074",FALSE
"SWFSC_NEPAC-HUM_201608_PASCAL_002","SWFSC_ORE_20230517_ADRIFT_075","PASCAL_002","ADRIFT_075",FALSE
"SWFSC_NEPAC-HUM_201608_PASCAL_002","SWFSC_ORE_20230717_ADRIFT_077","PASCAL_002","ADRIFT_077",FALSE
"SWFSC_NEPAC-HUM_201608_PASCAL_002","SWFSC_ORE_20230717_ADRIFT_078","PASCAL_002","ADRIFT_078",FALSE
"SWFSC_NEPAC-HUM_201608_PASCAL_002","SWFSC_ORE_20230804_ADRIFT_085","PASCAL_002","ADRIFT_085",FALSE
"SWFSC_NEPAC-HUM_201608_PASCAL_002","SWFSC_ORE_20230804_ADRIFT_086","PASCAL_002","ADRIFT_086",FALSE
"SWFSC_NEPAC-HUM_201608_PASCAL_002","SWFSC_ORE_20230804_ADRIFT_087","PASCAL_002","ADRIFT_087",FALSE
"SWFSC_NEPAC-HUM_201609_PASCAL_016","SWFSC_PTA_20160902_PASCAL_017","PASCAL_016","PASCAL_017",FALSE
"SWFSC_NEPAC-HUM_201609_PASCAL_016","SWFSC_PTA_20180822_CCES_010","PASCAL_016","CCES_010",FALSE
"SWFSC_NEPAC-HUM_201609_PASCAL_016","SWFSC_SFB_20210610_ADRIFT_005","PASCAL_016","ADRIFT_005",FALSE
"SWFSC_NEPAC-HUM_201807_CCES_004","SWFSC_SFB_20210610_ADRIFT_007","CCES_004","ADRIFT_007",FALSE
"SWFSC_NEPAC-HUM_201807_CCES_004","SWFSC_SFB_20210725_ADRIFT_003","CCES_004","ADRIFT_003",FALSE
"SWFSC_NEPAC-HUM_201807_CCES_004","SWFSC_SFB_20210725_ADRIFT_006","CCES_004","ADRIFT_006",FALSE
"SWFSC_NEPAC-HUM_201807_CCES_004","SWFSC_SFB_20220618_ADRIFT_015","CCES_004","ADRIFT_015",FALSE
"SWFSC_NEPAC-HUM_201807_CCES_004","SWFSC_SFB_20220726_ADRIFT_027","CCES_004","ADRIFT_027",FALSE
"SWFSC_NEPAC-HUM_201807_CCES_004","SWFSC_SFB_20220726_ADRIFT_028","CCES_004","ADRIFT_028",FALSE
"SWFSC_NEPAC-HUM_201807_CCES_004","SWFSC_SFB_20220927_ADRIFT_034","CCES_004","ADRIFT_034",FALSE
"SWFSC_NEPAC-HUM_201808_CCES_007","SWFSC_SFB_20230508_ADRIFT_067","CCES_007","ADRIFT_067",FALSE
"SWFSC_NEPAC-HUM_201808_CCES_007","SWFSC_SFB_20230917_ADRIFT_092","CCES_007","ADRIFT_092",FALSE
"SWFSC_NEPAC-HUM_201808_CCES_007","SWFSC_SND_20160905_PASCAL_022","CCES_007","PASCAL_022",FALSE
"SWFSC_NEPAC-HUM_201808_CCES_007","SWFSC_SND_20160924_PASCAL_023","CCES_007","PASCAL_023",FALSE
"SWFSC_NEPAC-HUM_201808_CCES_007","SWFSC_SND_20160924_PASCAL_024","CCES_007","PASCAL_024",FALSE
"SWFSC_NEPAC-HUM_201808_CCES_007","SWFSC_SND_20160924_PASCAL_024","CCES_007","PASCAL_024",FALSE
"SWFSC_NEPAC-HUM_201808_CCES_007","SWFSC_SND_20160924_PASCAL_025","CCES_007","PASCAL_025",FALSE
"SWFSC_NEPAC-HUM_201808_CCES_007","","CCES_007","",FALSE
"SWFSC_NEPAC-HUM_201808_CCES_008","","CCES_008","",FALSE
"SWFSC_NEPAC-HUM_201808_CCES_008","","CCES_008","",FALSE
"SWFSC_NEPAC-HUM_201808_CCES_008","","CCES_008","",FALSE
"SWFSC_NEPAC-HUM_202207_ADRIFT_031","","ADRIFT_031","",FALSE
"SWFSC_NEPAC-HUM_201808_CCES_008","","CCES_008","",FALSE
"SWFSC_NEPAC-HUM_201808_CCES_008","","CCES_008","",FALSE
"SWFSC_NEPAC-HUM_201808_CCES_008","","CCES_008","",FALSE
"SWFSC_NEPAC-HUM_201808_CCES_008","","CCES_008","",FALSE
"SWFSC_NEPAC-HUM_201808_CCES_008","","CCES_008","",FALSE
"SWFSC_NEPAC-HUM_202108_ADRIFT_001","","ADRIFT_001","",FALSE
"SWFSC_NEPAC-HUM_202108_ADRIFT_001","","ADRIFT_001","",FALSE
"SWFSC_NEPAC-HUM_202108_ADRIFT_001","","ADRIFT_001","",FALSE
"SWFSC_NEPAC-HUM_202108_ADRIFT_001","","ADRIFT_001","",FALSE
"SWFSC_NEPAC-HUM_202108_ADRIFT_001","","ADRIFT_001","",FALSE
"SWFSC_NEPAC-HUM_202108_ADRIFT_001","","ADRIFT_001","",FALSE
"SWFSC_NEPAC-HUM_202201_ADRIFT_012","","ADRIFT_012","",FALSE
"SWFSC_NEPAC-HUM_202201_ADRIFT_012","","ADRIFT_012","",FALSE
"SWFSC_NEPAC-HUM_202201_ADRIFT_012","","ADRIFT_012","",FALSE
"SWFSC_NEPAC-HUM_202201_ADRIFT_012","","ADRIFT_012","",FALSE
"SWFSC_NEPAC-HUM_202201_ADRIFT_012","","ADRIFT_012","",FALSE
"SWFSC_NEPAC-HUM_202201_ADRIFT_012","","ADRIFT_012","",FALSE
"SWFSC_NEPAC-HUM_202204_ADRIFT_017","","ADRIFT_017","",FALSE
"SWFSC_NEPAC-HUM_202204_ADRIFT_017","","ADRIFT_017","",FALSE
"SWFSC_NEPAC-HUM_202204_ADRIFT_017","","ADRIFT_017","",FALSE
"SWFSC_NEPAC-HUM_202204_ADRIFT_017","","ADRIFT_017","",FALSE
"SWFSC_NEPAC-HUM_202204_ADRIFT_017","","ADRIFT_017","",FALSE
"SWFSC_NEPAC-HUM_202204_ADRIFT_018","","ADRIFT_018","",FALSE
"SWFSC_NEPAC-HUM_202204_ADRIFT_018","","ADRIFT_018","",FALSE
"SWFSC_NEPAC-HUM_202204_ADRIFT_018","","ADRIFT_018","",FALSE
"SWFSC_NEPAC-HUM_202204_ADRIFT_018","","ADRIFT_018","",FALSE
"SWFSC_NEPAC-HUM_202207_ADRIFT_030","","ADRIFT_030","",FALSE
"SWFSC_NEPAC-HUM_202207_ADRIFT_030","","ADRIFT_030","",FALSE
"SWFSC_NEPAC-HUM_202207_ADRIFT_030","","ADRIFT_030","",FALSE
"SWFSC_NEPAC-HUM_202207_ADRIFT_030","","ADRIFT_030","",FALSE
"SWFSC_NEPAC-HUM_202207_ADRIFT_030","","ADRIFT_030","",FALSE
"SWFSC_NEPAC-HUM_202207_ADRIFT_031","","ADRIFT_031","",FALSE
"SWFSC_NEPAC-HUM_202207_ADRIFT_031","","ADRIFT_031","",FALSE
"SWFSC_NEPAC-HUM_202207_ADRIFT_031","","ADRIFT_031","",FALSE
"SWFSC_NEPAC-HUM_202207_ADRIFT_031","","ADRIFT_031","",FALSE
"SWFSC_NEPAC-HUM_202209_ADRIFT_032","","ADRIFT_032","",FALSE
"SWFSC_NEPAC-HUM_202209_ADRIFT_032","","ADRIFT_032","",FALSE
"SWFSC_NEPAC-HUM_202209_ADRIFT_032","","ADRIFT_032","",FALSE
"SWFSC_NEPAC-HUM_202209_ADRIFT_032","","ADRIFT_032","",FALSE
"SWFSC_NEPAC-HUM_202209_ADRIFT_032","","ADRIFT_032","",FALSE
"SWFSC_NEPAC-HUM_202211_ADRIFT_038","","ADRIFT_038","",FALSE
"SWFSC_NEPAC-HUM_202209_ADRIFT_032","","ADRIFT_032","",FALSE
"SWFSC_NEPAC-HUM_202209_ADRIFT_032","","ADRIFT_032","",FALSE
"SWFSC_NEPAC-HUM_202209_ADRIFT_033","","ADRIFT_033","",FALSE
"SWFSC_NEPAC-HUM_202209_ADRIFT_033","","ADRIFT_033","",FALSE
"SWFSC_NEPAC-HUM_202209_ADRIFT_033","","ADRIFT_033","",FALSE
"SWFSC_NEPAC-HUM_202209_ADRIFT_033","","ADRIFT_033","",FALSE
"SWFSC_NEPAC-HUM_202209_ADRIFT_033","","ADRIFT_033","",FALSE
"SWFSC_NEPAC-HUM_202209_ADRIFT_033","","ADRIFT_033","",FALSE
"SWFSC_NEPAC-HUM_202209_ADRIFT_033","","ADRIFT_033","",FALSE
"SWFSC_NEPAC-HUM_202209_ADRIFT_033","","ADRIFT_033","",FALSE
"SWFSC_NEPAC-HUM_202211_ADRIFT_036","","ADRIFT_036","",FALSE
"SWFSC_NEPAC-HUM_202211_ADRIFT_036","","ADRIFT_036","",FALSE
"SWFSC_NEPAC-HUM_202211_ADRIFT_036","","ADRIFT_036","",FALSE
"SWFSC_NEPAC-HUM_202211_ADRIFT_036","","ADRIFT_036","",FALSE
"SWFSC_NEPAC-HUM_202211_ADRIFT_036","","ADRIFT_036","",FALSE
"SWFSC_NEPAC-HUM_202211_ADRIFT_036","","ADRIFT_036","",FALSE
"SWFSC_NEPAC-HUM_202211_ADRIFT_036","","ADRIFT_036","",FALSE
"SWFSC_NEPAC-HUM_202211_ADRIFT_036","","ADRIFT_036","",FALSE
"SWFSC_NEPAC-HUM_202211_ADRIFT_037","","ADRIFT_037","",FALSE
"SWFSC_NEPAC-HUM_202211_ADRIFT_037","","ADRIFT_037","",FALSE
"SWFSC_NEPAC-ORE_201608_PASCAL_015","","PASCAL_015","",FALSE
"SWFSC_NEPAC-HUM_202211_ADRIFT_037","","ADRIFT_037","",FALSE
"SWFSC_NEPAC-HUM_202211_ADRIFT_037","","ADRIFT_037","",FALSE
"SWFSC_NEPAC-HUM_202211_ADRIFT_037","","ADRIFT_037","",FALSE
"SWFSC_NEPAC-HUM_202211_ADRIFT_037","","ADRIFT_037","",FALSE
"SWFSC_NEPAC-HUM_202211_ADRIFT_037","","ADRIFT_037","",FALSE
"SWFSC_NEPAC-HUM_202211_ADRIFT_038","","ADRIFT_038","",FALSE
"SWFSC_NEPAC-HUM_202211_ADRIFT_038","","ADRIFT_038","",FALSE
"SWFSC_NEPAC-HUM_202211_ADRIFT_038","","ADRIFT_038","",FALSE
"SWFSC_NEPAC-HUM_202211_ADRIFT_038","","ADRIFT_038","",FALSE
"SWFSC_NEPAC-HUM_202211_ADRIFT_038","","ADRIFT_038","",FALSE
"SWFSC_NEPAC-HUM_202212_ADRIFT_039","","ADRIFT_039","",FALSE
"SWFSC_NEPAC-HUM_202212_ADRIFT_039","","ADRIFT_039","",FALSE
"SWFSC_NEPAC-HUM_202212_ADRIFT_039","","ADRIFT_039","",FALSE
"SWFSC_NEPAC-HUM_202212_ADRIFT_039","","ADRIFT_039","",FALSE
"SWFSC_NEPAC-HUM_202212_ADRIFT_039","","ADRIFT_039","",FALSE
"SWFSC_NEPAC-HUM_202212_ADRIFT_039","","ADRIFT_039","",FALSE
"SWFSC_NEPAC-HUM_202212_ADRIFT_040","","ADRIFT_040","",FALSE
"SWFSC_NEPAC-HUM_202212_ADRIFT_040","","ADRIFT_040","",FALSE
"SWFSC_NEPAC-HUM_202212_ADRIFT_040","","ADRIFT_040","",FALSE
"SWFSC_NEPAC-HUM_202212_ADRIFT_040","","ADRIFT_040","",FALSE
"SWFSC_NEPAC-HUM_202212_ADRIFT_040","","ADRIFT_040","",FALSE
"SWFSC_NEPAC-HUM_202212_ADRIFT_040","","ADRIFT_040","",FALSE
"SWFSC_NEPAC-HUM_202212_ADRIFT_041","","ADRIFT_041","",FALSE
"SWFSC_NEPAC-HUM_202212_ADRIFT_041","","ADRIFT_041","",FALSE
"SWFSC_NEPAC-HUM_202212_ADRIFT_041","","ADRIFT_041","",FALSE
"SWFSC_NEPAC-HUM_202212_ADRIFT_041","","ADRIFT_041","",FALSE
"SWFSC_NEPAC-HUM_202212_ADRIFT_041","","ADRIFT_041","",FALSE
"SWFSC_NEPAC-HUM_202212_ADRIFT_041","","ADRIFT_041","",FALSE
"SWFSC_NEPAC-HUM_202303_ADRIFT_054","","ADRIFT_054","",FALSE
"SWFSC_NEPAC-HUM_202308_ADRIFT_088","","ADRIFT_088","",FALSE
"SWFSC_NEPAC-HUM_202303_ADRIFT_054","","ADRIFT_054","",FALSE
"SWFSC_NEPAC-HUM_202303_ADRIFT_054","","ADRIFT_054","",FALSE
"SWFSC_NEPAC-HUM_202303_ADRIFT_054","","ADRIFT_054","",FALSE
"SWFSC_NEPAC-HUM_202303_ADRIFT_055","","ADRIFT_055","",FALSE
"SWFSC_NEPAC-HUM_202303_ADRIFT_055","","ADRIFT_055","",FALSE
"SWFSC_NEPAC-HUM_202303_ADRIFT_055","","ADRIFT_055","",FALSE
"SWFSC_NEPAC-HUM_202303_ADRIFT_055","","ADRIFT_055","",FALSE
"SWFSC_NEPAC-HUM_202303_ADRIFT_057","","ADRIFT_057","",FALSE
"SWFSC_NEPAC-HUM_202303_ADRIFT_057","","ADRIFT_057","",FALSE
"SWFSC_NEPAC-HUM_202303_ADRIFT_057","","ADRIFT_057","",FALSE
"SWFSC_NEPAC-MBY_201608_PASCAL_009","","PASCAL_009","",FALSE
"SWFSC_NEPAC-HUM_202303_ADRIFT_057","","ADRIFT_057","",FALSE
"SWFSC_NEPAC-HUM_202305_ADRIFT_068","","ADRIFT_068","",FALSE
"SWFSC_NEPAC-HUM_202305_ADRIFT_068","","ADRIFT_068","",FALSE
"SWFSC_NEPAC-HUM_202305_ADRIFT_068","","ADRIFT_068","",FALSE
"SWFSC_NEPAC-HUM_202305_ADRIFT_068","","ADRIFT_068","",FALSE
"SWFSC_NEPAC-HUM_202305_ADRIFT_068","","ADRIFT_068","",FALSE
"SWFSC_NEPAC-HUM_202305_ADRIFT_070","","ADRIFT_070","",FALSE
"SWFSC_NEPAC-HUM_202305_ADRIFT_070","","ADRIFT_070","",FALSE
"SWFSC_NEPAC-HUM_202305_ADRIFT_070","","ADRIFT_070","",FALSE
"SWFSC_NEPAC-HUM_202305_ADRIFT_070","","ADRIFT_070","",FALSE
"SWFSC_NEPAC-HUM_202305_ADRIFT_071","","ADRIFT_071","",FALSE
"SWFSC_NEPAC-HUM_202305_ADRIFT_071","","ADRIFT_071","",FALSE
"SWFSC_NEPAC-HUM_202308_ADRIFT_088","","ADRIFT_088","",FALSE
"SWFSC_NEPAC-HUM_202308_ADRIFT_088","","ADRIFT_088","",FALSE
"SWFSC_NEPAC-HUM_202308_ADRIFT_088","","ADRIFT_088","",FALSE
"SWFSC_NEPAC-HUM_202308_ADRIFT_088","","ADRIFT_088","",FALSE
"SWFSC_NEPAC-HUM_202308_ADRIFT_088","","ADRIFT_088","",FALSE
"SWFSC_NEPAC-HUM_202308_ADRIFT_089","","ADRIFT_089","",FALSE
"SWFSC_NEPAC-HUM_202308_ADRIFT_089","","ADRIFT_089","",FALSE
"SWFSC_NEPAC-HUM_202308_ADRIFT_089","","ADRIFT_089","",FALSE
"SWFSC_NEPAC-HUM_202308_ADRIFT_089","","ADRIFT_089","",FALSE
"SWFSC_NEPAC-HUM_202308_ADRIFT_089","","ADRIFT_089","",FALSE
"SWFSC_NEPAC-HUM_202308_ADRIFT_090","","ADRIFT_090","",FALSE
"SWFSC_NEPAC-HUM_202308_ADRIFT_090","","ADRIFT_090","",FALSE
"SWFSC_NEPAC-HUM_202308_ADRIFT_090","","ADRIFT_090","",FALSE
"SWFSC_NEPAC-HUM_202308_ADRIFT_090","","ADRIFT_090","",FALSE
"SWFSC_NEPAC-HUM_202308_ADRIFT_090","","ADRIFT_090","",FALSE
"SWFSC_NEPAC-HUM_202308_ADRIFT_091","","ADRIFT_091","",FALSE
"SWFSC_NEPAC-HUM_202308_ADRIFT_091","","ADRIFT_091","",FALSE
"SWFSC_NEPAC-HUM_202308_ADRIFT_091","","ADRIFT_091","",FALSE
"SWFSC_NEPAC-HUM_202308_ADRIFT_091","","ADRIFT_091","",FALSE
"SWFSC_NEPAC-HUM_202308_ADRIFT_091","","ADRIFT_091","",FALSE
"SWFSC_NEPAC-HUM_202310_ADRIFT_097","","ADRIFT_097","",FALSE
"SWFSC_NEPAC-HUM_202310_ADRIFT_097","","ADRIFT_097","",FALSE
"SWFSC_NEPAC-HUM_202310_ADRIFT_097","","ADRIFT_097","",FALSE
"SWFSC_NEPAC-HUM_202310_ADRIFT_097","","ADRIFT_097","",FALSE
"SWFSC_NEPAC-HUM_202310_ADRIFT_097","","ADRIFT_097","",FALSE
"SWFSC_NEPAC-HUM_202310_ADRIFT_097","","ADRIFT_097","",FALSE
"SWFSC_NEPAC-HUM_202310_ADRIFT_098","","ADRIFT_098","",FALSE
"SWFSC_NEPAC-HUM_202310_ADRIFT_098","","ADRIFT_098","",FALSE
"SWFSC_NEPAC-HUM_202310_ADRIFT_098","","ADRIFT_098","",FALSE
"SWFSC_NEPAC-HUM_202310_ADRIFT_098","","ADRIFT_098","",FALSE
"SWFSC_NEPAC-HUM_202310_ADRIFT_098","","ADRIFT_098","",FALSE
"SWFSC_NEPAC-HUM_202310_ADRIFT_098","","ADRIFT_098","",FALSE
"SWFSC_NEPAC-HUM_202310_ADRIFT_099","","ADRIFT_099","",FALSE
"SWFSC_NEPAC-HUM_202310_ADRIFT_099","","ADRIFT_099","",FALSE
"SWFSC_NEPAC-HUM_202310_ADRIFT_099","","ADRIFT_099","",FALSE
"SWFSC_NEPAC-HUM_202310_ADRIFT_099","","ADRIFT_099","",FALSE
"SWFSC_NEPAC-MBY_202206_ADRIFT_025","","ADRIFT_025","",FALSE
"SWFSC_NEPAC-HUM_202310_ADRIFT_099","","ADRIFT_099","",FALSE
"SWFSC_NEPAC-HUM_202310_ADRIFT_099","","ADRIFT_099","",FALSE
"SWFSC_NEPAC-HUM_202310_ADRIFT_100","","ADRIFT_100","",FALSE
"SWFSC_NEPAC-HUM_202310_ADRIFT_100","","ADRIFT_100","",FALSE
"SWFSC_NEPAC-HUM_202310_ADRIFT_100","","ADRIFT_100","",FALSE
"SWFSC_NEPAC-HUM_202310_ADRIFT_100","","ADRIFT_100","",FALSE
"SWFSC_NEPAC-HUM_202310_ADRIFT_100","","ADRIFT_100","",FALSE
"SWFSC_NEPAC-HUM_202310_ADRIFT_100","","ADRIFT_100","",FALSE
"SWFSC_NEPAC-HUM_202310_ADRIFT_100","","ADRIFT_100","",FALSE
"SWFSC_NEPAC-MBY_201608_PASCAL_004","","PASCAL_004","",FALSE
"SWFSC_NEPAC-MBY_201608_PASCAL_004","","PASCAL_004","",FALSE
"SWFSC_NEPAC-MBY_201608_PASCAL_004","","PASCAL_004","",FALSE
"SWFSC_NEPAC-MBY_201608_PASCAL_004","","PASCAL_004","",FALSE
"SWFSC_NEPAC-MBY_201608_PASCAL_004","","PASCAL_004","",FALSE
"SWFSC_NEPAC-MBY_201608_PASCAL_009","","PASCAL_009","",FALSE
"SWFSC_NEPAC-MBY_201608_PASCAL_009","","PASCAL_009","",FALSE
"SWFSC_NEPAC-MBY_201608_PASCAL_009","","PASCAL_009","",FALSE
"SWFSC_NEPAC-MBY_201608_PASCAL_009","","PASCAL_009","",FALSE
"SWFSC_NEPAC-MBY_201608_PASCAL_009","","PASCAL_009","",FALSE
"SWFSC_NEPAC-MBY_201608_PASCAL_009","","PASCAL_009","",FALSE
"SWFSC_NEPAC-MBY_201609_PASCAL_018","","PASCAL_018","",FALSE
"SWFSC_NEPAC-MBY_201609_PASCAL_018","","PASCAL_018","",FALSE
"SWFSC_NEPAC-MBY_201609_PASCAL_018","","PASCAL_018","",FALSE
"SWFSC_NEPAC-MBY_201609_PASCAL_018","","PASCAL_018","",FALSE
"SWFSC_NEPAC-MBY_202206_ADRIFT_019","","ADRIFT_019","",FALSE
"SWFSC_NEPAC-MBY_202206_ADRIFT_019","","ADRIFT_019","",FALSE
"SWFSC_NEPAC-MBY_202206_ADRIFT_019","","ADRIFT_019","",FALSE
"SWFSC_NEPAC-MBY_202206_ADRIFT_019","","ADRIFT_019","",FALSE
"SWFSC_NEPAC-MBY_202206_ADRIFT_019","","ADRIFT_019","",FALSE
"SWFSC_NEPAC-SND_201609_PASCAL_023","","PASCAL_023","",FALSE
"SWFSC_NEPAC-MBY_202206_ADRIFT_020","","ADRIFT_020","",FALSE
"SWFSC_NEPAC-MBY_202206_ADRIFT_020","","ADRIFT_020","",FALSE
"SWFSC_NEPAC-MBY_202206_ADRIFT_020","","ADRIFT_020","",FALSE
"SWFSC_NEPAC-MBY_202206_ADRIFT_020","","ADRIFT_020","",FALSE
"SWFSC_NEPAC-MBY_202206_ADRIFT_021","","ADRIFT_021","",FALSE
"SWFSC_NEPAC-MBY_202206_ADRIFT_021","","ADRIFT_021","",FALSE
"SWFSC_NEPAC-MBY_202206_ADRIFT_021","","ADRIFT_021","",FALSE
"SWFSC_NEPAC-MBY_202206_ADRIFT_021","","ADRIFT_021","",FALSE
"SWFSC_NEPAC-MBY_202206_ADRIFT_021","","ADRIFT_021","",FALSE
"SWFSC_NEPAC-MBY_202206_ADRIFT_022","","ADRIFT_022","",FALSE
"SWFSC_NEPAC-MBY_202206_ADRIFT_022","","ADRIFT_022","",FALSE
"SWFSC_NEPAC-MBY_202206_ADRIFT_022","","ADRIFT_022","",FALSE
"SWFSC_NEPAC-MBY_202206_ADRIFT_023","","ADRIFT_023","",FALSE
"SWFSC_NEPAC-MBY_202311_ADRIFT_104","","ADRIFT_104","",FALSE
"SWFSC_NEPAC-MBY_202206_ADRIFT_023","","ADRIFT_023","",FALSE
"SWFSC_NEPAC-MBY_202206_ADRIFT_023","","ADRIFT_023","",FALSE
"SWFSC_NEPAC-MBY_202206_ADRIFT_023","","ADRIFT_023","",FALSE
"SWFSC_NEPAC-MBY_202206_ADRIFT_024","","ADRIFT_024","",FALSE
"SWFSC_NEPAC-MBY_202206_ADRIFT_024","","ADRIFT_024","",FALSE
"SWFSC_NEPAC-MBY_202206_ADRIFT_024","","ADRIFT_024","",FALSE
"SWFSC_NEPAC-MBY_202206_ADRIFT_024","","ADRIFT_024","",FALSE
"SWFSC_NEPAC-MBY_202206_ADRIFT_024","","ADRIFT_024","",FALSE
"SWFSC_NEPAC-MBY_202206_ADRIFT_024","","ADRIFT_024","",FALSE
"SWFSC_NEPAC-MBY_202206_ADRIFT_024","","ADRIFT_024","",FALSE
"SWFSC_NEPAC-MBY_202206_ADRIFT_025","","ADRIFT_025","",FALSE
"SWFSC_NEPAC-MBY_202206_ADRIFT_025","","ADRIFT_025","",FALSE
"SWFSC_NEPAC-MBY_202206_ADRIFT_025","","ADRIFT_025","",FALSE
"SWFSC_NEPAC-MBY_202206_ADRIFT_025","","ADRIFT_025","",FALSE
"SWFSC_NEPAC-MBY_202206_ADRIFT_025","","ADRIFT_025","",FALSE
"SWFSC_NEPAC-MBY_202206_ADRIFT_025","","ADRIFT_025","",FALSE
"SWFSC_NEPAC-MBY_202206_ADRIFT_026","","ADRIFT_026","",FALSE
"SWFSC_NEPAC-MBY_202206_ADRIFT_026","","ADRIFT_026","",FALSE
"SWFSC_NEPAC-MBY_202206_ADRIFT_026","","ADRIFT_026","",FALSE
"SWFSC_NEPAC-MBY_202303_ADRIFT_046","","ADRIFT_046","",FALSE
"SWFSC_NEPAC-MBY_202303_ADRIFT_046","","ADRIFT_046","",FALSE
"SWFSC_NEPAC-MBY_202303_ADRIFT_046","","ADRIFT_046","",FALSE
"SWFSC_NEPAC-MBY_202303_ADRIFT_046","","ADRIFT_046","",FALSE
"SWFSC_NEPAC-MBY_202303_ADRIFT_047","","ADRIFT_047","",FALSE
"SWFSC_NEPAC-MBY_202303_ADRIFT_047","","ADRIFT_047","",FALSE
"SWFSC_NEPAC-MBY_202303_ADRIFT_047","","ADRIFT_047","",FALSE
"SWFSC_NEPAC-MBY_202303_ADRIFT_047","","ADRIFT_047","",FALSE
"SWFSC_NEPAC-MBY_202311_ADRIFT_104","","ADRIFT_104","",FALSE
"SWFSC_NEPAC-MBY_202303_ADRIFT_047","","ADRIFT_047","",FALSE
"SWFSC_NEPAC-MBY_202303_ADRIFT_048","","ADRIFT_048","",FALSE
"SWFSC_NEPAC-MBY_202303_ADRIFT_048","","ADRIFT_048","",FALSE
"SWFSC_NEPAC-MBY_202303_ADRIFT_048","","ADRIFT_048","",FALSE
"SWFSC_NEPAC-MBY_202303_ADRIFT_048","","ADRIFT_048","",FALSE
"SWFSC_NEPAC-MBY_202303_ADRIFT_048","","ADRIFT_048","",FALSE
"SWFSC_NEPAC-MBY_202303_ADRIFT_049","","ADRIFT_049","",FALSE
"SWFSC_NEPAC-MBY_202303_ADRIFT_049","","ADRIFT_049","",FALSE
"SWFSC_NEPAC-MBY_202303_ADRIFT_049","","ADRIFT_049","",FALSE
"SWFSC_NEPAC-MBY_202303_ADRIFT_049","","ADRIFT_049","",FALSE
"SWFSC_NEPAC-MBY_202303_ADRIFT_050","","ADRIFT_050","",FALSE
"SWFSC_NEPAC-MBY_202303_ADRIFT_050","","ADRIFT_050","",FALSE
"SWFSC_NEPAC-MBY_202311_ADRIFT_101","","ADRIFT_101","",FALSE
"SWFSC_NEPAC-MBY_202303_ADRIFT_050","","ADRIFT_050","",FALSE
"SWFSC_NEPAC-MBY_202303_ADRIFT_051","","ADRIFT_051","",FALSE
"SWFSC_NEPAC-MBY_202303_ADRIFT_051","","ADRIFT_051","",FALSE
"SWFSC_NEPAC-MBY_202303_ADRIFT_051","","ADRIFT_051","",FALSE
"SWFSC_NEPAC-MBY_202303_ADRIFT_051","","ADRIFT_051","",FALSE
"SWFSC_NEPAC-MBY_202303_ADRIFT_052","","ADRIFT_052","",FALSE
"SWFSC_NEPAC-MBY_202303_ADRIFT_052","","ADRIFT_052","",FALSE
"SWFSC_NEPAC-MBY_202303_ADRIFT_052","","ADRIFT_052","",FALSE
"SWFSC_NEPAC-MBY_202303_ADRIFT_052","","ADRIFT_052","",FALSE
"SWFSC_NEPAC-MBY_202303_ADRIFT_053","","ADRIFT_053","",FALSE
"SWFSC_NEPAC-MBY_202303_ADRIFT_053","","ADRIFT_053","",FALSE
"SWFSC_NEPAC-MBY_202303_ADRIFT_053","","ADRIFT_053","",FALSE
"SWFSC_NEPAC-MBY_202303_ADRIFT_053","","ADRIFT_053","",FALSE
"SWFSC_NEPAC-MBY_202307_ADRIFT_079","","ADRIFT_079","",FALSE
"SWFSC_NEPAC-MBY_202307_ADRIFT_079","","ADRIFT_079","",FALSE
"SWFSC_NEPAC-MBY_202307_ADRIFT_079","","ADRIFT_079","",FALSE
"SWFSC_NEPAC-MBY_202311_ADRIFT_104","","ADRIFT_104","",FALSE
"SWFSC_NEPAC-MBY_202311_ADRIFT_104","","ADRIFT_104","",FALSE
"SWFSC_NEPAC-MBY_202307_ADRIFT_079","","ADRIFT_079","",FALSE
"SWFSC_NEPAC-MBY_202307_ADRIFT_079","","ADRIFT_079","",FALSE
"SWFSC_NEPAC-MBY_202307_ADRIFT_079","","ADRIFT_079","",FALSE
"SWFSC_NEPAC-MBY_202307_ADRIFT_079","","ADRIFT_079","",FALSE
"SWFSC_NEPAC-MBY_202307_ADRIFT_079","","ADRIFT_079","",FALSE
"SWFSC_NEPAC-MBY_202307_ADRIFT_080","","ADRIFT_080","",FALSE
"SWFSC_NEPAC-MBY_202307_ADRIFT_080","","ADRIFT_080","",FALSE
"SWFSC_NEPAC-MBY_202307_ADRIFT_080","","ADRIFT_080","",FALSE
"SWFSC_NEPAC-MBY_202307_ADRIFT_080","","ADRIFT_080","",FALSE
"SWFSC_NEPAC-MBY_202307_ADRIFT_080","","ADRIFT_080","",FALSE
"SWFSC_NEPAC-MBY_202307_ADRIFT_080","","ADRIFT_080","",FALSE
"SWFSC_NEPAC-MBY_202307_ADRIFT_080","","ADRIFT_080","",FALSE
"SWFSC_NEPAC-MBY_202307_ADRIFT_081","","ADRIFT_081","",FALSE
"SWFSC_NEPAC-MBY_202307_ADRIFT_081","","ADRIFT_081","",FALSE
"SWFSC_NEPAC-MBY_202307_ADRIFT_081","","ADRIFT_081","",FALSE
"SWFSC_NEPAC-MBY_202307_ADRIFT_081","","ADRIFT_081","",FALSE
"SWFSC_NEPAC-MBY_202307_ADRIFT_081","","ADRIFT_081","",FALSE
"SWFSC_NEPAC-MBY_202307_ADRIFT_081","","ADRIFT_081","",FALSE
"SWFSC_NEPAC-MBY_202307_ADRIFT_082","","ADRIFT_082","",FALSE
"SWFSC_NEPAC-MBY_202307_ADRIFT_082","","ADRIFT_082","",FALSE
"SWFSC_NEPAC-MBY_202307_ADRIFT_082","","ADRIFT_082","",FALSE
"SWFSC_NEPAC-MBY_202307_ADRIFT_082","","ADRIFT_082","",FALSE
"SWFSC_NEPAC-MBY_202307_ADRIFT_082","","ADRIFT_082","",FALSE
"SWFSC_NEPAC-MBY_202307_ADRIFT_083","","ADRIFT_083","",FALSE
"SWFSC_NEPAC-MBY_202307_ADRIFT_083","","ADRIFT_083","",FALSE
"SWFSC_NEPAC-MND_201608_PASCAL_003","","PASCAL_003","",FALSE
"SWFSC_NEPAC-MBY_202307_ADRIFT_083","","ADRIFT_083","",FALSE
"SWFSC_NEPAC-MBY_202307_ADRIFT_083","","ADRIFT_083","",FALSE
"SWFSC_NEPAC-MBY_202307_ADRIFT_083","","ADRIFT_083","",FALSE
"SWFSC_NEPAC-MBY_202307_ADRIFT_083","","ADRIFT_083","",FALSE
"SWFSC_NEPAC-MBY_202307_ADRIFT_083","","ADRIFT_083","",FALSE
"SWFSC_NEPAC-MBY_202311_ADRIFT_101","","ADRIFT_101","",FALSE
"SWFSC_NEPAC-MBY_202311_ADRIFT_101","","ADRIFT_101","",FALSE
"SWFSC_NEPAC-MBY_202311_ADRIFT_101","","ADRIFT_101","",FALSE
"SWFSC_NEPAC-MBY_202311_ADRIFT_101","","ADRIFT_101","",FALSE
"SWFSC_NEPAC-MBY_202311_ADRIFT_101","","ADRIFT_101","",FALSE
"SWFSC_NEPAC-MBY_202311_ADRIFT_101","","ADRIFT_101","",FALSE
"SWFSC_NEPAC-MBY_202311_ADRIFT_102","","ADRIFT_102","",FALSE
"SWFSC_NEPAC-MBY_202311_ADRIFT_102","","ADRIFT_102","",FALSE
"SWFSC_NEPAC-MBY_202311_ADRIFT_102","","ADRIFT_102","",FALSE
"SWFSC_NEPAC-MBY_202311_ADRIFT_102","","ADRIFT_102","",FALSE
"SWFSC_NEPAC-MBY_202311_ADRIFT_102","","ADRIFT_102","",FALSE
"SWFSC_NEPAC-MBY_202311_ADRIFT_102","","ADRIFT_102","",FALSE
"SWFSC_NEPAC-MBY_202311_ADRIFT_102","","ADRIFT_102","",FALSE
"SWFSC_NEPAC-MBY_202311_ADRIFT_103","","ADRIFT_103","",FALSE
"SWFSC_NEPAC-MBY_202311_ADRIFT_103","","ADRIFT_103","",FALSE
"SWFSC_NEPAC-MBY_202311_ADRIFT_103","","ADRIFT_103","",FALSE
"SWFSC_NEPAC-MBY_202311_ADRIFT_103","","ADRIFT_103","",FALSE
"SWFSC_NEPAC-MBY_202311_ADRIFT_103","","ADRIFT_103","",FALSE
"SWFSC_NEPAC-MBY_202311_ADRIFT_103","","ADRIFT_103","",FALSE
"SWFSC_NEPAC-MBY_202311_ADRIFT_103","","ADRIFT_103","",FALSE
"SWFSC_NEPAC-MBY_202311_ADRIFT_104","","ADRIFT_104","",FALSE
"SWFSC_NEPAC-MBY_202311_ADRIFT_104","","ADRIFT_104","",FALSE
"SWFSC_NEPAC-MBY_202311_ADRIFT_105","","ADRIFT_105","",FALSE
"SWFSC_NEPAC-MBY_202311_ADRIFT_105","","ADRIFT_105","",FALSE
"SWFSC_NEPAC-MBY_202311_ADRIFT_105","","ADRIFT_105","",FALSE
"SWFSC_NEPAC-MBY_202311_ADRIFT_105","","ADRIFT_105","",FALSE
"SWFSC_NEPAC-MBY_202311_ADRIFT_105","","ADRIFT_105","",FALSE
"SWFSC_NEPAC-MBY_202311_ADRIFT_105","","ADRIFT_105","",FALSE
"SWFSC_NEPAC-MBY_202311_ADRIFT_105","","ADRIFT_105","",FALSE
"SWFSC_NEPAC-MBY_202311_ADRIFT_105","","ADRIFT_105","",FALSE
"SWFSC_NEPAC-MBY_202311_ADRIFT_106","","ADRIFT_106","",FALSE
"SWFSC_NEPAC-MBY_202311_ADRIFT_106","","ADRIFT_106","",FALSE
"SWFSC_NEPAC-MBY_202311_ADRIFT_106","","ADRIFT_106","",FALSE
"SWFSC_NEPAC-MND_201608_PASCAL_010","","PASCAL_010","",FALSE
"SWFSC_NEPAC-MBY_202311_ADRIFT_106","","ADRIFT_106","",FALSE
"SWFSC_NEPAC-MBY_202311_ADRIFT_106","","ADRIFT_106","",FALSE
"SWFSC_NEPAC-MBY_202311_ADRIFT_106","","ADRIFT_106","",FALSE
"SWFSC_NEPAC-MBY_202311_ADRIFT_106","","ADRIFT_106","",FALSE
"SWFSC_NEPAC-MBY_202311_ADRIFT_107","","ADRIFT_107","",FALSE
"SWFSC_NEPAC-MBY_202311_ADRIFT_107","","ADRIFT_107","",FALSE
"SWFSC_NEPAC-MBY_202311_ADRIFT_107","","ADRIFT_107","",FALSE
"SWFSC_NEPAC-MBY_202311_ADRIFT_107","","ADRIFT_107","",FALSE
"SWFSC_NEPAC-MBY_202311_ADRIFT_107","","ADRIFT_107","",FALSE
"SWFSC_NEPAC-MBY_202311_ADRIFT_107","","ADRIFT_107","",FALSE
"SWFSC_NEPAC-MBY_202311_ADRIFT_107","","ADRIFT_107","",FALSE
"SWFSC_NEPAC-MBY_202311_ADRIFT_107","","ADRIFT_107","",FALSE
"SWFSC_NEPAC-MBY_202311_ADRIFT_108","","ADRIFT_108","",FALSE
"SWFSC_NEPAC-MBY_202311_ADRIFT_108","","ADRIFT_108","",FALSE
"SWFSC_NEPAC-MBY_202311_ADRIFT_108","","ADRIFT_108","",FALSE
"SWFSC_NEPAC-MBY_202311_ADRIFT_108","","ADRIFT_108","",FALSE
"SWFSC_NEPAC-MBY_202311_ADRIFT_108","","ADRIFT_108","",FALSE
"SWFSC_NEPAC-MBY_202311_ADRIFT_108","","ADRIFT_108","",FALSE
"SWFSC_NEPAC-MBY_202311_ADRIFT_108","","ADRIFT_108","",FALSE
"SWFSC_NEPAC-MND_201608_PASCAL_003","","PASCAL_003","",FALSE
"SWFSC_NEPAC-MND_201608_PASCAL_003","","PASCAL_003","",FALSE
"SWFSC_NEPAC-MND_201608_PASCAL_003","","PASCAL_003","",FALSE
"SWFSC_NEPAC-MND_201608_PASCAL_003","","PASCAL_003","",FALSE
"SWFSC_NEPAC-MND_201608_PASCAL_003","","PASCAL_003","",FALSE
"SWFSC_NEPAC-MND_201608_PASCAL_003","","PASCAL_003","",FALSE
"SWFSC_NEPAC-MND_201608_PASCAL_003","","PASCAL_003","",FALSE
"SWFSC_NEPAC-MND_201608_PASCAL_010","","PASCAL_010","",FALSE
"SWFSC_NEPAC-MND_201608_PASCAL_010","","PASCAL_010","",FALSE
"SWFSC_NEPAC-MND_201608_PASCAL_010","","PASCAL_010","",FALSE
"SWFSC_NEPAC-MND_201608_PASCAL_010","","PASCAL_010","",FALSE
"SWFSC_NEPAC-MND_201608_PASCAL_010","","PASCAL_010","",FALSE
"SWFSC_NEPAC-MND_201608_PASCAL_010","","PASCAL_010","",FALSE
"SWFSC_NEPAC-MOB_201609_PASCAL_021","","PASCAL_021","",FALSE
"SWFSC_NEPAC-MOB_201609_PASCAL_021","","PASCAL_021","",FALSE
"SWFSC_NEPAC-MOB_201609_PASCAL_021","","PASCAL_021","",FALSE
"SWFSC_NEPAC-MOB_201609_PASCAL_021","","PASCAL_021","",FALSE
"SWFSC_NEPAC-MOB_201609_PASCAL_021","","PASCAL_021","",FALSE
"SWFSC_NEPAC-MOB_201609_PASCAL_021","","PASCAL_021","",FALSE
"SWFSC_NEPAC-MOB_201609_PASCAL_021","","PASCAL_021","",FALSE
"SWFSC_NEPAC-MOB_201808_CCES_012","","CCES_012","",FALSE
"SWFSC_NEPAC-MOB_201808_CCES_012","","CCES_012","",FALSE
"SWFSC_NEPAC-MOB_201808_CCES_012","","CCES_012","",FALSE
"SWFSC_NEPAC-MOB_201808_CCES_012","","CCES_012","",FALSE
"SWFSC_NEPAC-MOB_201808_CCES_012","","CCES_012","",FALSE
"SWFSC_NEPAC-MOB_201808_CCES_012","","CCES_012","",FALSE
"SWFSC_NEPAC-MOB_201808_CCES_012","","CCES_012","",FALSE
"SWFSC_NEPAC-MOB_201808_CCES_012","","CCES_012","",FALSE
"SWFSC_NEPAC-MOB_202204_ADRIFT_013","","ADRIFT_013","",FALSE
"SWFSC_NEPAC-MOB_202204_ADRIFT_013","","ADRIFT_013","",FALSE
"SWFSC_NEPAC-MOB_202204_ADRIFT_013","","ADRIFT_013","",FALSE
"SWFSC_NEPAC-MOB_202204_ADRIFT_013","","ADRIFT_013","",FALSE
"SWFSC_NEPAC-MOB_202204_ADRIFT_013","","ADRIFT_013","",FALSE
"SWFSC_NEPAC-MOB_202204_ADRIFT_013","","ADRIFT_013","",FALSE
"SWFSC_NEPAC-ORE_201608_PASCAL_001","","PASCAL_001","",FALSE
"SWFSC_NEPAC-ORE_201608_PASCAL_001","","PASCAL_001","",FALSE
"SWFSC_NEPAC-ORE_201608_PASCAL_001","","PASCAL_001","",FALSE
"SWFSC_NEPAC-ORE_201608_PASCAL_001","","PASCAL_001","",FALSE
"SWFSC_NEPAC-ORE_201608_PASCAL_001","","PASCAL_001","",FALSE
"SWFSC_NEPAC-ORE_201608_PASCAL_001","","PASCAL_001","",FALSE
"SWFSC_NEPAC-ORE_201608_PASCAL_011","","PASCAL_011","",FALSE
"SWFSC_NEPAC-ORE_201608_PASCAL_011","","PASCAL_011","",FALSE
"SWFSC_NEPAC-ORE_201608_PASCAL_015","","PASCAL_015","",FALSE
"SWFSC_NEPAC-ORE_201608_PASCAL_015","","PASCAL_015","",FALSE
"SWFSC_NEPAC-ORE_201608_PASCAL_015","","PASCAL_015","",FALSE
"SWFSC_NEPAC-ORE_202303_ADRIFT_042","","ADRIFT_042","",FALSE
"SWFSC_NEPAC-ORE_202303_ADRIFT_042","","ADRIFT_042","",FALSE
"SWFSC_NEPAC-ORE_202303_ADRIFT_042","","ADRIFT_042","",FALSE
"SWFSC_NEPAC-ORE_202303_ADRIFT_042","","ADRIFT_042","",FALSE
"SWFSC_NEPAC-ORE_202303_ADRIFT_042","","ADRIFT_042","",FALSE
"SWFSC_NEPAC-ORE_202303_ADRIFT_043","","ADRIFT_043","",FALSE
"SWFSC_NEPAC-ORE_202303_ADRIFT_043","","ADRIFT_043","",FALSE
"SWFSC_NEPAC-ORE_202303_ADRIFT_043","","ADRIFT_043","",FALSE
"SWFSC_NEPAC-ORE_202303_ADRIFT_043","","ADRIFT_043","",FALSE
"SWFSC_NEPAC-ORE_202303_ADRIFT_043","","ADRIFT_043","",FALSE
"SWFSC_NEPAC-ORE_202303_ADRIFT_043","","ADRIFT_043","",FALSE
"SWFSC_NEPAC-ORE_202303_ADRIFT_044","","ADRIFT_044","",FALSE
"SWFSC_NEPAC-ORE_202303_ADRIFT_044","","ADRIFT_044","",FALSE
"SWFSC_NEPAC-ORE_202303_ADRIFT_044","","ADRIFT_044","",FALSE
"SWFSC_NEPAC-ORE_202303_ADRIFT_045","","ADRIFT_045","",FALSE
"SWFSC_NEPAC-ORE_202303_ADRIFT_045","","ADRIFT_045","",FALSE
"SWFSC_NEPAC-ORE_202303_ADRIFT_045","","ADRIFT_045","",FALSE
"SWFSC_NEPAC-ORE_202304_ADRIFT_058","","ADRIFT_058","",FALSE
"SWFSC_NEPAC-ORE_202304_ADRIFT_058","","ADRIFT_058","",FALSE
"SWFSC_NEPAC-ORE_202304_ADRIFT_058","","ADRIFT_058","",FALSE
"SWFSC_NEPAC-ORE_202304_ADRIFT_059","","ADRIFT_059","",FALSE
"SWFSC_NEPAC-ORE_202304_ADRIFT_059","","ADRIFT_059","",FALSE
"SWFSC_NEPAC-ORE_202304_ADRIFT_060","","ADRIFT_060","",FALSE
"SWFSC_NEPAC-ORE_202304_ADRIFT_060","","ADRIFT_060","",FALSE
"SWFSC_NEPAC-ORE_202304_ADRIFT_060","","ADRIFT_060","",FALSE
"SWFSC_NEPAC-ORE_202304_ADRIFT_060","","ADRIFT_060","",FALSE
"SWFSC_NEPAC-ORE_202304_ADRIFT_061","","ADRIFT_061","",FALSE
"SWFSC_NEPAC-ORE_202304_ADRIFT_061","","ADRIFT_061","",FALSE
"SWFSC_NEPAC-ORE_202304_ADRIFT_062","","ADRIFT_062","",FALSE
"SWFSC_NEPAC-ORE_202304_ADRIFT_062","","ADRIFT_062","",FALSE
"SWFSC_NEPAC-ORE_202304_ADRIFT_063","","ADRIFT_063","",FALSE
"SWFSC_NEPAC-ORE_202304_ADRIFT_063","","ADRIFT_063","",FALSE
"SWFSC_NEPAC-ORE_202304_ADRIFT_063","","ADRIFT_063","",FALSE
"SWFSC_NEPAC-ORE_202304_ADRIFT_064","","ADRIFT_064","",FALSE
"SWFSC_NEPAC-ORE_202304_ADRIFT_064","","ADRIFT_064","",FALSE
"SWFSC_NEPAC-ORE_202304_ADRIFT_064","","ADRIFT_064","",FALSE
"SWFSC_NEPAC-ORE_202304_ADRIFT_065","","ADRIFT_065","",FALSE
"SWFSC_NEPAC-ORE_202304_ADRIFT_065","","ADRIFT_065","",FALSE
"SWFSC_NEPAC-ORE_202304_ADRIFT_065","","ADRIFT_065","",FALSE
"SWFSC_NEPAC-ORE_202304_ADRIFT_065","","ADRIFT_065","",FALSE
"SWFSC_NEPAC-ORE_202305_ADRIFT_072","","ADRIFT_072","",FALSE
"SWFSC_NEPAC-ORE_202305_ADRIFT_072","","ADRIFT_072","",FALSE
"SWFSC_NEPAC-ORE_202305_ADRIFT_072","","ADRIFT_072","",FALSE
"SWFSC_NEPAC-ORE_202305_ADRIFT_072","","ADRIFT_072","",FALSE
"SWFSC_NEPAC-ORE_202305_ADRIFT_072","","ADRIFT_072","",FALSE
"SWFSC_NEPAC-ORE_202305_ADRIFT_073","","ADRIFT_073","",FALSE
"SWFSC_NEPAC-ORE_202305_ADRIFT_073","","ADRIFT_073","",FALSE
"SWFSC_NEPAC-ORE_202305_ADRIFT_074","","ADRIFT_074","",FALSE
"SWFSC_NEPAC-ORE_202305_ADRIFT_074","","ADRIFT_074","",FALSE
"SWFSC_NEPAC-ORE_202305_ADRIFT_074","","ADRIFT_074","",FALSE
"SWFSC_NEPAC-ORE_202305_ADRIFT_075","","ADRIFT_075","",FALSE
"SWFSC_NEPAC-SND_201609_PASCAL_023","","PASCAL_023","",FALSE
"SWFSC_NEPAC-ORE_202305_ADRIFT_075","","ADRIFT_075","",FALSE
"SWFSC_NEPAC-ORE_202305_ADRIFT_075","","ADRIFT_075","",FALSE
"SWFSC_NEPAC-ORE_202305_ADRIFT_075","","ADRIFT_075","",FALSE
"SWFSC_NEPAC-ORE_202307_ADRIFT_077","","ADRIFT_077","",FALSE
"SWFSC_NEPAC-ORE_202307_ADRIFT_077","","ADRIFT_077","",FALSE
"SWFSC_NEPAC-ORE_202307_ADRIFT_077","","ADRIFT_077","",FALSE
"SWFSC_NEPAC-ORE_202307_ADRIFT_077","","ADRIFT_077","",FALSE
"SWFSC_NEPAC-ORE_202307_ADRIFT_077","","ADRIFT_077","",FALSE
"SWFSC_NEPAC-ORE_202307_ADRIFT_077","","ADRIFT_077","",FALSE
"SWFSC_NEPAC-ORE_202307_ADRIFT_077","","ADRIFT_077","",FALSE
"SWFSC_NEPAC-ORE_202307_ADRIFT_077","","ADRIFT_077","",FALSE
"SWFSC_NEPAC-ORE_202307_ADRIFT_078","","ADRIFT_078","",FALSE
"SWFSC_NEPAC-ORE_202307_ADRIFT_078","","ADRIFT_078","",FALSE
"SWFSC_NEPAC-ORE_202307_ADRIFT_078","","ADRIFT_078","",FALSE
"SWFSC_NEPAC-ORE_202307_ADRIFT_078","","ADRIFT_078","",FALSE
"SWFSC_NEPAC-ORE_202307_ADRIFT_078","","ADRIFT_078","",FALSE
"SWFSC_NEPAC-ORE_202307_ADRIFT_078","","ADRIFT_078","",FALSE
"SWFSC_NEPAC-ORE_202308_ADRIFT_085","","ADRIFT_085","",FALSE
"SWFSC_NEPAC-ORE_202308_ADRIFT_085","","ADRIFT_085","",FALSE
"SWFSC_NEPAC-ORE_202308_ADRIFT_085","","ADRIFT_085","",FALSE
"SWFSC_NEPAC-SND_201609_PASCAL_022","","PASCAL_022","",FALSE
"SWFSC_NEPAC-ORE_202308_ADRIFT_085","","ADRIFT_085","",FALSE
"SWFSC_NEPAC-ORE_202308_ADRIFT_086","","ADRIFT_086","",FALSE
"SWFSC_NEPAC-ORE_202308_ADRIFT_086","","ADRIFT_086","",FALSE
"SWFSC_NEPAC-ORE_202308_ADRIFT_086","","ADRIFT_086","",FALSE
"SWFSC_NEPAC-ORE_202308_ADRIFT_086","","ADRIFT_086","",FALSE
"SWFSC_NEPAC-ORE_202308_ADRIFT_087","","ADRIFT_087","",FALSE
"SWFSC_NEPAC-ORE_202308_ADRIFT_087","","ADRIFT_087","",FALSE
"SWFSC_NEPAC-ORE_202308_ADRIFT_087","","ADRIFT_087","",FALSE
"SWFSC_NEPAC-ORE_202308_ADRIFT_087","","ADRIFT_087","",FALSE
"SWFSC_NEPAC-ORE_202308_ADRIFT_087","","ADRIFT_087","",FALSE
"SWFSC_NEPAC-PTA_201609_PASCAL_017","","PASCAL_017","",FALSE
"SWFSC_NEPAC-PTA_201609_PASCAL_017","","PASCAL_017","",FALSE
"SWFSC_NEPAC-PTA_201609_PASCAL_017","","PASCAL_017","",FALSE
"SWFSC_NEPAC-PTA_201609_PASCAL_017","","PASCAL_017","",FALSE
"SWFSC_NEPAC-PTA_201609_PASCAL_017","","PASCAL_017","",FALSE
"SWFSC_NEPAC-PTA_201808_CCES_010","","CCES_010","",FALSE
"SWFSC_NEPAC-PTA_201808_CCES_010","","CCES_010","",FALSE
"SWFSC_NEPAC-PTA_201808_CCES_010","","CCES_010","",FALSE
"SWFSC_NEPAC-PTA_201808_CCES_010","","CCES_010","",FALSE
"SWFSC_NEPAC-PTA_201808_CCES_010","","CCES_010","",FALSE
"SWFSC_NEPAC-PTA_201808_CCES_010","","CCES_010","",FALSE
"SWFSC_NEPAC-PTA_201808_CCES_010","","CCES_010","",FALSE
"SWFSC_NEPAC-PTA_201808_CCES_010","","CCES_010","",FALSE
"SWFSC_NEPAC-PTA_201808_CCES_010","","CCES_010","",FALSE
"SWFSC_NEPAC-SFB_202106_ADRIFT_005","","ADRIFT_005","",FALSE
"SWFSC_NEPAC-SFB_202106_ADRIFT_005","","ADRIFT_005","",FALSE
"SWFSC_NEPAC-SFB_202106_ADRIFT_005","","ADRIFT_005","",FALSE
"SWFSC_NEPAC-SFB_202106_ADRIFT_005","","ADRIFT_005","",FALSE
"SWFSC_NEPAC-SFB_202106_ADRIFT_005","","ADRIFT_005","",FALSE
"SWFSC_NEPAC-SFB_202106_ADRIFT_005","","ADRIFT_005","",FALSE
"SWFSC_NEPAC-SFB_202106_ADRIFT_005","","ADRIFT_005","",FALSE
"SWFSC_NEPAC-SFB_202106_ADRIFT_007","","ADRIFT_007","",FALSE
"SWFSC_NEPAC-SFB_202106_ADRIFT_007","","ADRIFT_007","",FALSE
"SWFSC_NEPAC-SND_201609_PASCAL_023","","PASCAL_023","",FALSE
"SWFSC_NEPAC-SFB_202106_ADRIFT_007","","ADRIFT_007","",FALSE
"SWFSC_NEPAC-SFB_202106_ADRIFT_007","","ADRIFT_007","",FALSE
"SWFSC_NEPAC-SFB_202106_ADRIFT_007","","ADRIFT_007","",FALSE
"SWFSC_NEPAC-SFB_202106_ADRIFT_007","","ADRIFT_007","",FALSE
"SWFSC_NEPAC-SFB_202106_ADRIFT_007","","ADRIFT_007","",FALSE
"SWFSC_NEPAC-SFB_202107_ADRIFT_003","","ADRIFT_003","",FALSE
"SWFSC_NEPAC-SFB_202107_ADRIFT_003","","ADRIFT_003","",FALSE
"SWFSC_NEPAC-SFB_202107_ADRIFT_003","","ADRIFT_003","",FALSE
"SWFSC_NEPAC-SFB_202107_ADRIFT_003","","ADRIFT_003","",FALSE
"SWFSC_NEPAC-SFB_202107_ADRIFT_003","","ADRIFT_003","",FALSE
"SWFSC_NEPAC-SFB_202107_ADRIFT_003","","ADRIFT_003","",FALSE
"SWFSC_NEPAC-SFB_202107_ADRIFT_006","","ADRIFT_006","",FALSE
"SWFSC_NEPAC-SFB_202107_ADRIFT_006","","ADRIFT_006","",FALSE
"SWFSC_NEPAC-SFB_202107_ADRIFT_006","","ADRIFT_006","",FALSE
"SWFSC_NEPAC-SFB_202107_ADRIFT_006","","ADRIFT_006","",FALSE
"SWFSC_NEPAC-SFB_202107_ADRIFT_006","","ADRIFT_006","",FALSE
"SWFSC_NEPAC-SFB_202107_ADRIFT_006","","ADRIFT_006","",FALSE
"SWFSC_NEPAC-SFB_202206_ADRIFT_015","","ADRIFT_015","",FALSE
"SWFSC_NEPAC-SFB_202206_ADRIFT_015","","ADRIFT_015","",FALSE
"SWFSC_NEPAC-SFB_202206_ADRIFT_015","","ADRIFT_015","",FALSE
"SWFSC_NEPAC-SFB_202207_ADRIFT_027","","ADRIFT_027","",FALSE
"SWFSC_NEPAC-SFB_202207_ADRIFT_027","","ADRIFT_027","",FALSE
"SWFSC_NEPAC-SFB_202207_ADRIFT_027","","ADRIFT_027","",FALSE
"SWFSC_NEPAC-SFB_202207_ADRIFT_027","","ADRIFT_027","",FALSE
"SWFSC_NEPAC-SFB_202207_ADRIFT_027","","ADRIFT_027","",FALSE
"SWFSC_NEPAC-SFB_202207_ADRIFT_027","","ADRIFT_027","",FALSE
"SWFSC_NEPAC-SFB_202207_ADRIFT_027","","ADRIFT_027","",FALSE
"SWFSC_NEPAC-SFB_202207_ADRIFT_028","","ADRIFT_028","",FALSE
"SWFSC_NEPAC-SFB_202207_ADRIFT_028","","ADRIFT_028","",FALSE
"SWFSC_NEPAC-SFB_202207_ADRIFT_028","","ADRIFT_028","",FALSE
"SWFSC_NEPAC-SFB_202207_ADRIFT_028","","ADRIFT_028","",FALSE
"SWFSC_NEPAC-SFB_202207_ADRIFT_028","","ADRIFT_028","",FALSE
"SWFSC_NEPAC-SFB_202207_ADRIFT_028","","ADRIFT_028","",FALSE
"SWFSC_NEPAC-SFB_202207_ADRIFT_028","","ADRIFT_028","",FALSE
"SWFSC_NEPAC-SFB_202207_ADRIFT_028","","ADRIFT_028","",FALSE
"SWFSC_NEPAC-SFB_202209_ADRIFT_034","","ADRIFT_034","",FALSE
"SWFSC_NEPAC-SFB_202209_ADRIFT_034","","ADRIFT_034","",FALSE
"SWFSC_NEPAC-SFB_202209_ADRIFT_034","","ADRIFT_034","",FALSE
"SWFSC_NEPAC-SFB_202209_ADRIFT_034","","ADRIFT_034","",FALSE
"SWFSC_NEPAC-SFB_202209_ADRIFT_034","","ADRIFT_034","",FALSE
"SWFSC_NEPAC-SFB_202305_ADRIFT_067","","ADRIFT_067","",FALSE
"SWFSC_NEPAC-SFB_202305_ADRIFT_067","","ADRIFT_067","",FALSE
"SWFSC_NEPAC-SFB_202305_ADRIFT_067","","ADRIFT_067","",FALSE
"SWFSC_NEPAC-SFB_202309_ADRIFT_092","","ADRIFT_092","",FALSE
"SWFSC_NEPAC-SFB_202309_ADRIFT_092","","ADRIFT_092","",FALSE
"SWFSC_NEPAC-SFB_202309_ADRIFT_092","","ADRIFT_092","",FALSE
"SWFSC_NEPAC-SFB_202309_ADRIFT_092","","ADRIFT_092","",FALSE
"SWFSC_NEPAC-SFB_202309_ADRIFT_092","","ADRIFT_092","",FALSE
"SWFSC_NEPAC-SFB_202309_ADRIFT_092","","ADRIFT_092","",FALSE
"SWFSC_NEPAC-SND_201609_PASCAL_022","","PASCAL_022","",FALSE
"SWFSC_NEPAC-SND_201609_PASCAL_022","","PASCAL_022","",FALSE
"SWFSC_NEPAC-SND_201609_PASCAL_022","","PASCAL_022","",FALSE
"SWFSC_NEPAC-SND_201609_PASCAL_022","","PASCAL_022","",FALSE
"SWFSC_NEPAC-SND_201609_PASCAL_022","","PASCAL_022","",FALSE
"SWFSC_NEPAC-SND_201609_PASCAL_023","","PASCAL_023","",FALSE
"SWFSC_NEPAC-SND_201609_PASCAL_023","","PASCAL_023","",FALSE
"SWFSC_NEPAC-SND_201609_PASCAL_023","","PASCAL_023","",FALSE
"SWFSC_NEPAC-SND_201609_PASCAL_024","","PASCAL_024","",FALSE
"SWFSC_NEPAC-SND_201609_PASCAL_024","","PASCAL_024","",FALSE
"SWFSC_NEPAC-SND_201609_PASCAL_024","","PASCAL_024","",FALSE
"SWFSC_NEPAC-SND_201609_PASCAL_024","","PASCAL_024","",FALSE
"SWFSC_NEPAC-SND_201609_PASCAL_024","","PASCAL_024","",FALSE
"SWFSC_NEPAC-SND_201609_PASCAL_024","","PASCAL_024","",FALSE
"SWFSC_NEPAC-SND_201609_PASCAL_025","","PASCAL_025","",FALSE
"SWFSC_NEPAC-SND_201609_PASCAL_025","","PASCAL_025","",FALSE
"SWFSC_NEPAC-SND_201609_PASCAL_025","","PASCAL_025","",FALSE
"SWFSC_NEPAC-SND_201609_PASCAL_025","","PASCAL_025","",FALSE
"SWFSC_NEPAC-SND_201609_PASCAL_025","","PASCAL_025","",FALSE
"SWFSC_NEPAC-SND_201609_PASCAL_025","","PASCAL_025","",FALSE
