deployment_organization_code,deployment_code,analysis_organization_code,analysis_code,detection_start_datetime,detection_end_datetime,detection_effort_secs,detection_sound_source_code,detection_call_type_code,detection_behavior_code,detection_demographic_code,detection_n_validated,detection_n_total,detection_result_code,detection_event_type,detection_event_id,detection_latitude,detection_longitude,detection_received_level_db,detection_quality_code,detection_n_animals,detection_n_animals_min,detection_n_animals_max,detection_json,detection_comments,localization_method_code,localization_latitude,localization_latitude_min,localization_latitude_max,localization_longitude,localization_longitude_min,localization_longitude_max,localization_distance_m,localization_distance_m_min,localization_distance_m_max,localization_bearing,localization_bearing_min,localization_bearing_max,localization_depth_method_code,localization_depth_n_signals,localization_depth_m,localization_depth_m_min,localization_depth_m_max,localization_json,localization_comments
NEFSC,NEFSC_GOM_202207_USTR01,NEFSC,BLWH_ANALYSIS,2022-10-05T00:00:00-05:00,2022-10-06T00:00:00-05:00,86400,BLWH,BLWH_SONG,,,,7,NOT_DETECTED,,,,,,VALID,,,,,,,,,,,,,,,,,,,,,,,,,
NEFSC,NEFSC_GOM_202207_USTR01,NEFSC,BLWH_ANALYSIS,2022-10-06T00:00:00-05:00,2022-10-07T00:00:00-05:00,86400,BLWH,BLWH_SONG,,,,7,NOT_DETECTED,,,,,,VALID,,,,,UNKNOWN TIMESTAMPS: 16:06:29; possible single B call?,,,,,,,,,,,,,,,,,,,,
NEFSC,NEFSC_GOM_202207_USTR01,NEFSC,BLWH_ANALYSIS,2022-10-07T00:00:00-05:00,2022-10-08T00:00:00-05:00,86400,BLWH,BLWH_SONG,,,,2,NOT_DETECTED,,,,,,VALID,,,,,,,,,,,,,,,,,,,,,,,,,
NEFSC,NEFSC_GOM_202207_USTR01,NEFSC,BLWH_ANALYSIS,2022-10-08T00:00:00-05:00,2022-10-09T00:00:00-05:00,86400,BLWH,BLWH_SONG,,,1,11,POSSIBLY_DETECTED,,,,,,VALID,,,,,"UNKNOWN TIMESTAMPS: 3:16:23; possible single AB note, but very short",,,,,,,,,,,,,,,,,,,,
NEFSC,NEFSC_GOM_202207_USTR01,NEFSC,BLWH_ANALYSIS,2022-10-09T00:00:00-05:00,2022-10-10T00:00:00-05:00,86400,BLWH,BLWH_SONG,,,3,18,DETECTED,,,,,,VALID,,,,,,,,,,,,,,,,,,,,,,,,,
NEFSC,NEFSC_GOM_202207_USTR01,NEFSC,BLWH_ANALYSIS,2022-10-10T00:00:00-05:00,2022-10-11T00:00:00-05:00,86400,BLWH,BLWH_SONG,,,,4,NOT_DETECTED,,,,,,VALID,,,,,,,,,,,,,,,,,,,,,,,,,
NEFSC,NEFSC_GOM_202207_USTR01,NEFSC,HAPO_ANALYSIS,2022-10-05T00:00:00-05:00,2022-10-05T01:00:00-05:00,3600,HAPO,OD_CLICK_NBHF,,,,0,NOT_DETECTED,,,,,,VALID,,,,,,,,,,,,,,,,,,,,,,,,,
NEFSC,NEFSC_GOM_202207_USTR01,NEFSC,HAPO_ANALYSIS,2022-10-05T01:00:00-05:00,2022-10-05T02:00:00-05:00,3600,HAPO,OD_CLICK_NBHF,,,,0,NOT_DETECTED,,,,,,VALID,,,,,,,,,,,,,,,,,,,,,,,,,
NEFSC,NEFSC_GOM_202207_USTR01,NEFSC,HAPO_ANALYSIS,2022-10-05T02:00:00-05:00,2022-10-05T03:00:00-05:00,3600,HAPO,OD_CLICK_NBHF,,,,0,NOT_DETECTED,,,,,,VALID,,,,,,,,,,,,,,,,,,,,,,,,,
NEFSC,NEFSC_GOM_202207_USTR01,NEFSC,HAPO_ANALYSIS,2022-10-05T03:00:00-05:00,2022-10-05T04:00:00-05:00,3600,HAPO,OD_CLICK_NBHF,,,,3,NOT_DETECTED,,,,,,VALID,,,,,,,,,,,,,,,,,,,,,,,,,
NEFSC,NEFSC_GOM_202207_USTR01,NEFSC,HAPO_ANALYSIS,2022-10-05T04:00:00-05:00,2022-10-05T05:00:00-05:00,3600,HAPO,OD_CLICK_NBHF,,,,0,NOT_DETECTED,,,,,,VALID,,,,,,,,,,,,,,,,,,,,,,,,,
NEFSC,NEFSC_GOM_202207_USTR01,NEFSC,HAPO_ANALYSIS,2022-10-05T05:00:00-05:00,2022-10-05T06:00:00-05:01,3600,HAPO,OD_CLICK_NBHF,,,,0,NOT_DETECTED,,,,,,VALID,,,,,,,,,,,,,,,,,,,,,,,,,
NEFSC,NEFSC_GOM_202207_USTR01,NEFSC,HAPO_ANALYSIS,2022-10-05T06:00:00-05:01,2022-10-05T07:00:00-05:01,3600,HAPO,OD_CLICK_NBHF,,,,7,NOT_DETECTED,,,,,,VALID,,,,,,,,,,,,,,,,,,,,,,,,,
NEFSC,NEFSC_GOM_202207_USTR01,NEFSC,HAPO_ANALYSIS,2022-10-05T07:00:00-05:01,2022-10-05T08:00:00-05:01,3600,HAPO,OD_CLICK_NBHF,,,,26,DETECTED,,,,,,VALID,,,,,,,,,,,,,,,,,,,,,,,,,
NEFSC,NEFSC_GOM_202207_USTR01,NEFSC,HAPO_ANALYSIS,2022-10-05T08:00:00-05:01,2022-10-05T09:00:00-05:01,3600,HAPO,OD_CLICK_NBHF,,,,12,NOT_DETECTED,,,,,,VALID,,,,,,,,,,,,,,,,,,,,,,,,,
NEFSC,NEFSC_GOM_202207_USTR01,NEFSC,HAPO_ANALYSIS,2022-10-05T09:00:00-05:01,2022-10-05T10:00:00-05:01,3600,HAPO,OD_CLICK_NBHF,,,,2,NOT_DETECTED,,,,,,VALID,,,,,,,,,,,,,,,,,,,,,,,,,
NEFSC,NEFSC_GOM_202207_USTR01,NEFSC,HAPO_ANALYSIS,2022-10-05T10:00:00-05:01,2022-10-05T11:00:00-05:00,3600,HAPO,OD_CLICK_NBHF,,,,4,NOT_DETECTED,,,,,,VALID,,,,,,,,,,,,,,,,,,,,,,,,,
NEFSC,NEFSC_GOM_202207_USTR01,NEFSC,HAPO_ANALYSIS,2022-10-05T11:00:00-05:00,2022-10-05T12:00:00-05:00,3600,HAPO,OD_CLICK_NBHF,,,,3,NOT_DETECTED,,,,,,VALID,,,,,,,,,,,,,,,,,,,,,,,,,
NEFSC,NEFSC_GOM_202207_USTR01,NEFSC,HAPO_ANALYSIS,2022-10-05T12:00:00-05:00,2022-10-05T13:00:00-05:00,3600,HAPO,OD_CLICK_NBHF,,,,4,NOT_DETECTED,,,,,,VALID,,,,,,,,,,,,,,,,,,,,,,,,,
NEFSC,NEFSC_GOM_202207_USTR01,NEFSC,HAPO_ANALYSIS,2022-10-05T13:00:00-05:00,2022-10-05T14:00:00-05:00,3600,HAPO,OD_CLICK_NBHF,,,,4,NOT_DETECTED,,,,,,VALID,,,,,,,,,,,,,,,,,,,,,,,,,
NEFSC,NEFSC_GOM_202207_USTR01,NEFSC,HAPO_ANALYSIS,2022-10-05T14:00:00-05:00,2022-10-05T15:00:00-05:00,3600,HAPO,OD_CLICK_NBHF,,,,4,NOT_DETECTED,,,,,,VALID,,,,,,,,,,,,,,,,,,,,,,,,,
NEFSC,NEFSC_GOM_202207_USTR01,NEFSC,HAPO_ANALYSIS,2022-10-05T15:00:00-05:00,2022-10-05T16:00:00-05:00,3600,HAPO,OD_CLICK_NBHF,,,,7,NOT_DETECTED,,,,,,VALID,,,,,,,,,,,,,,,,,,,,,,,,,
NEFSC,NEFSC_GOM_202207_USTR01,NEFSC,HAPO_ANALYSIS,2022-10-05T16:00:00-05:00,2022-10-05T17:00:00-05:00,3600,HAPO,OD_CLICK_NBHF,,,,2,NOT_DETECTED,,,,,,VALID,,,,,,,,,,,,,,,,,,,,,,,,,
NEFSC,NEFSC_GOM_202207_USTR01,NEFSC,HAPO_ANALYSIS,2022-10-05T17:00:00-05:00,2022-10-05T18:00:00-05:00,3600,HAPO,OD_CLICK_NBHF,,,,1,NOT_DETECTED,,,,,,VALID,,,,,,,,,,,,,,,,,,,,,,,,,
NEFSC,NEFSC_GOM_202207_USTR01,NEFSC,HAPO_ANALYSIS,2022-10-05T18:00:00-05:00,2022-10-05T19:00:00-05:00,3600,HAPO,OD_CLICK_NBHF,,,,6,NOT_DETECTED,,,,,,VALID,,,,,,,,,,,,,,,,,,,,,,,,,
NEFSC,NEFSC_GOM_202207_USTR01,NEFSC,HAPO_ANALYSIS,2022-10-05T19:00:00-05:00,2022-10-05T20:00:00-05:00,3600,HAPO,OD_CLICK_NBHF,,,,8,NOT_DETECTED,,,,,,VALID,,,,,,,,,,,,,,,,,,,,,,,,,
NEFSC,NEFSC_GOM_202207_USTR01,NEFSC,HAPO_ANALYSIS,2022-10-05T20:00:00-05:00,2022-10-05T21:00:00-05:00,3600,HAPO,OD_CLICK_NBHF,,,,26,NOT_DETECTED,,,,,,VALID,,,,,,,,,,,,,,,,,,,,,,,,,
NEFSC,NEFSC_GOM_202207_USTR01,NEFSC,HAPO_ANALYSIS,2022-10-05T21:00:00-05:00,2022-10-05T22:00:00-05:00,3600,HAPO,OD_CLICK_NBHF,,,,21,NOT_DETECTED,,,,,,VALID,,,,,,,,,,,,,,,,,,,,,,,,,
NEFSC,NEFSC_GOM_202207_USTR01,NEFSC,HAPO_ANALYSIS,2022-10-05T22:00:00-05:00,2022-10-05T23:00:00-05:00,3600,HAPO,OD_CLICK_NBHF,,,,3,NOT_DETECTED,,,,,,VALID,,,,,,,,,,,,,,,,,,,,,,,,,
NEFSC,NEFSC_GOM_202207_USTR01,NEFSC,HAPO_ANALYSIS,2022-10-05T23:00:00-05:00,2022-10-06T00:00:00-05:00,3600,HAPO,OD_CLICK_NBHF,,,,13,NOT_DETECTED,,,,,,VALID,,,,,,,,,,,,,,,,,,,,,,,,,
NEFSC,NEFSC_GOM_202207_USTR01,NEFSC,HAPO_ANALYSIS,2022-10-06T00:00:00-05:00,2022-10-06T01:00:00-05:00,3600,HAPO,OD_CLICK_NBHF,,,,26,NOT_DETECTED,,,,,,VALID,,,,,,,,,,,,,,,,,,,,,,,,,
NEFSC,NEFSC_GOM_202207_USTR01,NEFSC,HAPO_ANALYSIS,2022-10-06T01:00:00-05:00,2022-10-06T02:00:00-05:00,3600,HAPO,OD_CLICK_NBHF,,,,18,NOT_DETECTED,,,,,,VALID,,,,,,,,,,,,,,,,,,,,,,,,,
NEFSC,NEFSC_GOM_202207_USTR01,NEFSC,HAPO_ANALYSIS,2022-10-06T02:00:00-05:00,2022-10-06T03:00:00-05:00,3600,HAPO,OD_CLICK_NBHF,,,,13,NOT_DETECTED,,,,,,VALID,,,,,,,,,,,,,,,,,,,,,,,,,
NEFSC,NEFSC_GOM_202207_USTR01,NEFSC,HAPO_ANALYSIS,2022-10-06T03:00:00-05:00,2022-10-06T04:00:00-05:00,3600,HAPO,OD_CLICK_NBHF,,,,1,NOT_DETECTED,,,,,,VALID,,,,,,,,,,,,,,,,,,,,,,,,,
NEFSC,NEFSC_GOM_202207_USTR01,NEFSC,HAPO_ANALYSIS,2022-10-06T04:00:00-05:00,2022-10-06T05:00:00-05:00,3600,HAPO,OD_CLICK_NBHF,,,,14,NOT_DETECTED,,,,,,VALID,,,,,,,,,,,,,,,,,,,,,,,,,
NEFSC,NEFSC_GOM_202207_USTR01,NEFSC,HAPO_ANALYSIS,2022-10-06T05:00:00-05:00,2022-10-06T06:00:00-05:00,3600,HAPO,OD_CLICK_NBHF,,,,28,NOT_DETECTED,,,,,,VALID,,,,,,,,,,,,,,,,,,,,,,,,,
NEFSC,NEFSC_GOM_202207_USTR01,NEFSC,HAPO_ANALYSIS,2022-10-06T06:00:00-05:00,2022-10-06T07:00:00-05:00,3600,HAPO,OD_CLICK_NBHF,,,,23,NOT_DETECTED,,,,,,VALID,,,,,,,,,,,,,,,,,,,,,,,,,
NEFSC,NEFSC_GOM_202207_USTR01,NEFSC,HAPO_ANALYSIS,2022-10-06T07:00:00-05:00,2022-10-06T08:00:00-05:00,3600,HAPO,OD_CLICK_NBHF,,,,101,DETECTED,,,,,,VALID,,,,,,,,,,,,,,,,,,,,,,,,,
NEFSC,NEFSC_GOM_202207_USTR01,NEFSC,HAPO_ANALYSIS,2022-10-06T08:00:00-05:00,2022-10-06T09:00:00-05:00,3600,HAPO,OD_CLICK_NBHF,,,,87,DETECTED,,,,,,VALID,,,,,,,,,,,,,,,,,,,,,,,,,
NEFSC,NEFSC_GOM_202207_USTR01,NEFSC,HAPO_ANALYSIS,2022-10-06T09:00:00-05:00,2022-10-06T10:00:00-05:00,3600,HAPO,OD_CLICK_NBHF,,,,49,DETECTED,,,,,,VALID,,,,,,,,,,,,,,,,,,,,,,,,,
NEFSC,NEFSC_GOM_202207_USTR01,NEFSC,HAPO_ANALYSIS,2022-10-06T10:00:00-05:00,2022-10-06T11:00:00-05:00,3600,HAPO,OD_CLICK_NBHF,,,,56,DETECTED,,,,,,VALID,,,,,,,,,,,,,,,,,,,,,,,,,
NEFSC,NEFSC_GOM_202207_USTR01,NEFSC,HAPO_ANALYSIS,2022-10-06T11:00:00-05:00,2022-10-06T12:00:00-05:00,3600,HAPO,OD_CLICK_NBHF,,,,20,NOT_DETECTED,,,,,,VALID,,,,,,,,,,,,,,,,,,,,,,,,,
NEFSC,NEFSC_GOM_202207_USTR01,NEFSC,HAPO_ANALYSIS,2022-10-06T12:00:00-05:00,2022-10-06T13:00:00-05:00,3600,HAPO,OD_CLICK_NBHF,,,,24,DETECTED,,,,,,VALID,,,,,,,,,,,,,,,,,,,,,,,,,
NEFSC,NEFSC_GOM_202207_USTR01,NEFSC,HAPO_ANALYSIS,2022-10-06T13:00:00-05:00,2022-10-06T14:00:00-05:00,3600,HAPO,OD_CLICK_NBHF,,,,22,DETECTED,,,,,,VALID,,,,,,,,,,,,,,,,,,,,,,,,,
NEFSC,NEFSC_GOM_202207_USTR01,NEFSC,HAPO_ANALYSIS,2022-10-06T14:00:00-05:00,2022-10-06T15:00:00-05:00,3600,HAPO,OD_CLICK_NBHF,,,,5,NOT_DETECTED,,,,,,VALID,,,,,,,,,,,,,,,,,,,,,,,,,
NEFSC,NEFSC_GOM_202207_USTR01,NEFSC,HAPO_ANALYSIS,2022-10-06T15:00:00-05:00,2022-10-06T16:00:00-05:00,3600,HAPO,OD_CLICK_NBHF,,,,12,NOT_DETECTED,,,,,,VALID,,,,,,,,,,,,,,,,,,,,,,,,,
NEFSC,NEFSC_GOM_202207_USTR01,NEFSC,HAPO_ANALYSIS,2022-10-06T16:00:00-05:00,2022-10-06T17:00:00-05:00,3600,HAPO,OD_CLICK_NBHF,,,,9,NOT_DETECTED,,,,,,VALID,,,,,,,,,,,,,,,,,,,,,,,,,
NEFSC,NEFSC_GOM_202207_USTR01,NEFSC,HAPO_ANALYSIS,2022-10-06T17:00:00-05:00,2022-10-06T18:00:00-05:00,3600,HAPO,OD_CLICK_NBHF,,,,5,NOT_DETECTED,,,,,,VALID,,,,,,,,,,,,,,,,,,,,,,,,,
NEFSC,NEFSC_GOM_202207_USTR01,NEFSC,HAPO_ANALYSIS,2022-10-06T18:00:00-05:00,2022-10-06T19:00:00-05:00,3600,HAPO,OD_CLICK_NBHF,,,,4,NOT_DETECTED,,,,,,VALID,,,,,,,,,,,,,,,,,,,,,,,,,
NEFSC,NEFSC_GOM_202207_USTR01,NEFSC,HAPO_ANALYSIS,2022-10-06T19:00:00-05:00,2022-10-06T20:00:00-05:00,3600,HAPO,OD_CLICK_NBHF,,,,4,NOT_DETECTED,,,,,,VALID,,,,,,,,,,,,,,,,,,,,,,,,,
NEFSC,NEFSC_GOM_202207_USTR01,NEFSC,HAPO_ANALYSIS,2022-10-06T20:00:00-05:00,2022-10-06T21:00:00-05:00,3600,HAPO,OD_CLICK_NBHF,,,,1,NOT_DETECTED,,,,,,VALID,,,,,,,,,,,,,,,,,,,,,,,,,
NEFSC,NEFSC_GOM_202207_USTR01,NEFSC,HAPO_ANALYSIS,2022-10-06T21:00:00-05:00,2022-10-06T22:00:00-05:00,3600,HAPO,OD_CLICK_NBHF,,,,0,NOT_DETECTED,,,,,,VALID,,,,,,,,,,,,,,,,,,,,,,,,,
NEFSC,NEFSC_GOM_202207_USTR01,NEFSC,HAPO_ANALYSIS,2022-10-06T22:00:00-05:00,2022-10-06T23:00:00-05:00,3600,HAPO,OD_CLICK_NBHF,,,,0,NOT_DETECTED,,,,,,VALID,,,,,,,,,,,,,,,,,,,,,,,,,
NEFSC,NEFSC_GOM_202207_USTR01,NEFSC,HAPO_ANALYSIS,2022-10-06T23:00:00-05:00,2022-10-07T00:00:00-05:00,3600,HAPO,OD_CLICK_NBHF,,,,0,NOT_DETECTED,,,,,,VALID,,,,,,,,,,,,,,,,,,,,,,,,,
NEFSC,NEFSC_GOM_202207_USTR01,NEFSC,HAPO_ANALYSIS,2022-10-07T00:00:00-05:00,2022-10-07T01:00:00-05:00,3600,HAPO,OD_CLICK_NBHF,,,,0,NOT_DETECTED,,,,,,VALID,,,,,,,,,,,,,,,,,,,,,,,,,
NEFSC,NEFSC_GOM_202207_USTR01,NEFSC,HAPO_ANALYSIS,2022-10-07T01:00:00-05:00,2022-10-07T02:00:00-05:00,3600,HAPO,OD_CLICK_NBHF,,,,0,NOT_DETECTED,,,,,,VALID,,,,,,,,,,,,,,,,,,,,,,,,,
NEFSC,NEFSC_GOM_202207_USTR01,NEFSC,HAPO_ANALYSIS,2022-10-07T02:00:00-05:00,2022-10-07T03:00:00-05:00,3600,HAPO,OD_CLICK_NBHF,,,,3,NOT_DETECTED,,,,,,VALID,,,,,,,,,,,,,,,,,,,,,,,,,
NEFSC,NEFSC_GOM_202207_USTR01,NEFSC,HAPO_ANALYSIS,2022-10-07T03:00:00-05:00,2022-10-07T04:00:00-05:00,3600,HAPO,OD_CLICK_NBHF,,,,0,NOT_DETECTED,,,,,,VALID,,,,,,,,,,,,,,,,,,,,,,,,,
NEFSC,NEFSC_GOM_202207_USTR01,NEFSC,HAPO_ANALYSIS,2022-10-07T04:00:00-05:00,2022-10-07T05:00:00-05:00,3600,HAPO,OD_CLICK_NBHF,,,,2,NOT_DETECTED,,,,,,VALID,,,,,,,,,,,,,,,,,,,,,,,,,
NEFSC,NEFSC_GOM_202207_USTR01,NEFSC,HAPO_ANALYSIS,2022-10-07T05:00:00-05:00,2022-10-07T06:00:00-05:00,3600,HAPO,OD_CLICK_NBHF,,,,2,NOT_DETECTED,,,,,,VALID,,,,,,,,,,,,,,,,,,,,,,,,,
NEFSC,NEFSC_GOM_202207_USTR01,NEFSC,HAPO_ANALYSIS,2022-10-07T06:00:00-05:00,2022-10-07T07:00:00-05:00,3600,HAPO,OD_CLICK_NBHF,,,,1,NOT_DETECTED,,,,,,VALID,,,,,,,,,,,,,,,,,,,,,,,,,
NEFSC,NEFSC_GOM_202207_USTR01,NEFSC,HAPO_ANALYSIS,2022-10-07T07:00:00-05:00,2022-10-07T08:00:00-05:00,3600,HAPO,OD_CLICK_NBHF,,,,0,NOT_DETECTED,,,,,,VALID,,,,,,,,,,,,,,,,,,,,,,,,,
NEFSC,NEFSC_GOM_202207_USTR01,NEFSC,HAPO_ANALYSIS,2022-10-07T08:00:00-05:00,2022-10-07T09:00:00-05:00,3600,HAPO,OD_CLICK_NBHF,,,,1,NOT_DETECTED,,,,,,VALID,,,,,,,,,,,,,,,,,,,,,,,,,
NEFSC,NEFSC_GOM_202207_USTR01,NEFSC,HAPO_ANALYSIS,2022-10-07T09:00:00-05:00,2022-10-07T10:00:00-05:00,3600,HAPO,OD_CLICK_NBHF,,,,1,NOT_DETECTED,,,,,,VALID,,,,,,,,,,,,,,,,,,,,,,,,,
NEFSC,NEFSC_GOM_202207_USTR01,NEFSC,HAPO_ANALYSIS,2022-10-07T10:00:00-05:00,2022-10-07T11:00:00-05:00,3600,HAPO,OD_CLICK_NBHF,,,,0,NOT_DETECTED,,,,,,VALID,,,,,,,,,,,,,,,,,,,,,,,,,
NEFSC,NEFSC_GOM_202207_USTR01,NEFSC,HAPO_ANALYSIS,2022-10-07T11:00:00-05:00,2022-10-07T12:00:00-05:00,3600,HAPO,OD_CLICK_NBHF,,,,0,NOT_DETECTED,,,,,,VALID,,,,,,,,,,,,,,,,,,,,,,,,,
NEFSC,NEFSC_GOM_202207_USTR01,NEFSC,HAPO_ANALYSIS,2022-10-07T12:00:00-05:00,2022-10-07T13:00:00-05:00,3600,HAPO,OD_CLICK_NBHF,,,,0,NOT_DETECTED,,,,,,VALID,,,,,,,,,,,,,,,,,,,,,,,,,
NEFSC,NEFSC_GOM_202207_USTR01,NEFSC,HAPO_ANALYSIS,2022-10-07T13:00:00-05:00,2022-10-07T14:00:00-05:00,3600,HAPO,OD_CLICK_NBHF,,,,0,NOT_DETECTED,,,,,,VALID,,,,,,,,,,,,,,,,,,,,,,,,,
NEFSC,NEFSC_GOM_202207_USTR01,NEFSC,HAPO_ANALYSIS,2022-10-07T14:00:00-05:00,2022-10-07T15:00:00-05:00,3600,HAPO,OD_CLICK_NBHF,,,,0,NOT_DETECTED,,,,,,VALID,,,,,,,,,,,,,,,,,,,,,,,,,
NEFSC,NEFSC_GOM_202207_USTR01,NEFSC,HAPO_ANALYSIS,2022-10-07T15:00:00-05:00,2022-10-07T16:00:00-05:00,3600,HAPO,OD_CLICK_NBHF,,,,0,NOT_DETECTED,,,,,,VALID,,,,,,,,,,,,,,,,,,,,,,,,,
NEFSC,NEFSC_GOM_202207_USTR01,NEFSC,HAPO_ANALYSIS,2022-10-07T16:00:00-05:00,2022-10-07T17:00:00-05:00,3600,HAPO,OD_CLICK_NBHF,,,,0,NOT_DETECTED,,,,,,VALID,,,,,,,,,,,,,,,,,,,,,,,,,
NEFSC,NEFSC_GOM_202207_USTR01,NEFSC,HAPO_ANALYSIS,2022-10-07T17:00:00-05:00,2022-10-07T18:00:00-05:00,3600,HAPO,OD_CLICK_NBHF,,,,0,NOT_DETECTED,,,,,,VALID,,,,,,,,,,,,,,,,,,,,,,,,,
NEFSC,NEFSC_GOM_202207_USTR01,NEFSC,HAPO_ANALYSIS,2022-10-07T18:00:00-05:00,2022-10-07T19:00:00-05:00,3600,HAPO,OD_CLICK_NBHF,,,,2,NOT_DETECTED,,,,,,VALID,,,,,,,,,,,,,,,,,,,,,,,,,
NEFSC,NEFSC_GOM_202207_USTR01,NEFSC,HAPO_ANALYSIS,2022-10-07T19:00:00-05:00,2022-10-07T20:00:00-05:00,3600,HAPO,OD_CLICK_NBHF,,,,2,NOT_DETECTED,,,,,,VALID,,,,,,,,,,,,,,,,,,,,,,,,,
NEFSC,NEFSC_GOM_202207_USTR01,NEFSC,HAPO_ANALYSIS,2022-10-07T20:00:00-05:00,2022-10-07T21:00:00-05:00,3600,HAPO,OD_CLICK_NBHF,,,,2,NOT_DETECTED,,,,,,VALID,,,,,,,,,,,,,,,,,,,,,,,,,
NEFSC,NEFSC_GOM_202207_USTR01,NEFSC,HAPO_ANALYSIS,2022-10-07T21:00:00-05:00,2022-10-07T22:00:00-05:00,3600,HAPO,OD_CLICK_NBHF,,,,1,NOT_DETECTED,,,,,,VALID,,,,,,,,,,,,,,,,,,,,,,,,,
NEFSC,NEFSC_GOM_202207_USTR01,NEFSC,HAPO_ANALYSIS,2022-10-07T22:00:00-05:00,2022-10-07T23:00:00-05:00,3600,HAPO,OD_CLICK_NBHF,,,,0,NOT_DETECTED,,,,,,VALID,,,,,,,,,,,,,,,,,,,,,,,,,
NEFSC,NEFSC_GOM_202207_USTR01,NEFSC,HAPO_ANALYSIS,2022-10-07T23:00:00-05:00,2022-10-08T00:00:00-05:00,3600,HAPO,OD_CLICK_NBHF,,,,4,NOT_DETECTED,,,,,,VALID,,,,,,,,,,,,,,,,,,,,,,,,,
NEFSC,NEFSC_GOM_202207_USTR01,NEFSC,HAPO_ANALYSIS,2022-10-08T00:00:00-05:00,2022-10-08T01:00:00-05:00,3600,HAPO,OD_CLICK_NBHF,,,,0,NOT_DETECTED,,,,,,VALID,,,,,,,,,,,,,,,,,,,,,,,,,
NEFSC,NEFSC_GOM_202207_USTR01,NEFSC,HAPO_ANALYSIS,2022-10-08T01:00:00-05:00,2022-10-08T02:00:00-05:00,3600,HAPO,OD_CLICK_NBHF,,,,0,NOT_DETECTED,,,,,,VALID,,,,,,,,,,,,,,,,,,,,,,,,,
NEFSC,NEFSC_GOM_202207_USTR01,NEFSC,HAPO_ANALYSIS,2022-10-08T02:00:00-05:00,2022-10-08T03:00:00-05:00,3600,HAPO,OD_CLICK_NBHF,,,,0,NOT_DETECTED,,,,,,VALID,,,,,,,,,,,,,,,,,,,,,,,,,
NEFSC,NEFSC_GOM_202207_USTR01,NEFSC,HAPO_ANALYSIS,2022-10-08T03:00:00-05:00,2022-10-08T04:00:00-05:00,3600,HAPO,OD_CLICK_NBHF,,,,0,NOT_DETECTED,,,,,,VALID,,,,,,,,,,,,,,,,,,,,,,,,,
NEFSC,NEFSC_GOM_202207_USTR01,NEFSC,HAPO_ANALYSIS,2022-10-08T04:00:00-05:00,2022-10-08T05:00:00-05:00,3600,HAPO,OD_CLICK_NBHF,,,,2,NOT_DETECTED,,,,,,VALID,,,,,,,,,,,,,,,,,,,,,,,,,
NEFSC,NEFSC_GOM_202207_USTR01,NEFSC,HAPO_ANALYSIS,2022-10-08T05:00:00-05:00,2022-10-08T06:00:00-05:00,3600,HAPO,OD_CLICK_NBHF,,,,0,NOT_DETECTED,,,,,,VALID,,,,,,,,,,,,,,,,,,,,,,,,,
NEFSC,NEFSC_GOM_202207_USTR01,NEFSC,HAPO_ANALYSIS,2022-10-08T06:00:00-05:00,2022-10-08T07:00:00-05:00,3600,HAPO,OD_CLICK_NBHF,,,,13,NOT_DETECTED,,,,,,VALID,,,,,,,,,,,,,,,,,,,,,,,,,
NEFSC,NEFSC_GOM_202207_USTR01,NEFSC,HAPO_ANALYSIS,2022-10-08T07:00:00-05:00,2022-10-08T08:00:00-05:00,3600,HAPO,OD_CLICK_NBHF,,,,0,NOT_DETECTED,,,,,,VALID,,,,,,,,,,,,,,,,,,,,,,,,,
NEFSC,NEFSC_GOM_202207_USTR01,NEFSC,HAPO_ANALYSIS,2022-10-08T08:00:00-05:00,2022-10-08T09:00:00-05:00,3600,HAPO,OD_CLICK_NBHF,,,,3,NOT_DETECTED,,,,,,VALID,,,,,,,,,,,,,,,,,,,,,,,,,
NEFSC,NEFSC_GOM_202207_USTR01,NEFSC,HAPO_ANALYSIS,2022-10-08T09:00:00-05:00,2022-10-08T10:00:00-05:00,3600,HAPO,OD_CLICK_NBHF,,,,139,DETECTED,,,,,,VALID,,,,,,,,,,,,,,,,,,,,,,,,,
NEFSC,NEFSC_GOM_202207_USTR01,NEFSC,HAPO_ANALYSIS,2022-10-08T10:00:00-05:00,2022-10-08T11:00:00-05:00,3600,HAPO,OD_CLICK_NBHF,,,,80,DETECTED,,,,,,VALID,,,,,,,,,,,,,,,,,,,,,,,,,
NEFSC,NEFSC_GOM_202207_USTR01,NEFSC,HAPO_ANALYSIS,2022-10-08T11:00:00-05:00,2022-10-08T12:00:00-05:00,3600,HAPO,OD_CLICK_NBHF,,,,47,DETECTED,,,,,,VALID,,,,,,,,,,,,,,,,,,,,,,,,,
NEFSC,NEFSC_GOM_202207_USTR01,NEFSC,HAPO_ANALYSIS,2022-10-08T12:00:00-05:00,2022-10-08T13:00:00-05:00,3600,HAPO,OD_CLICK_NBHF,,,,93,DETECTED,,,,,,VALID,,,,,,,,,,,,,,,,,,,,,,,,,
NEFSC,NEFSC_GOM_202207_USTR01,NEFSC,HAPO_ANALYSIS,2022-10-08T13:00:00-05:00,2022-10-08T14:00:00-05:00,3600,HAPO,OD_CLICK_NBHF,,,,59,DETECTED,,,,,,VALID,,,,,,,,,,,,,,,,,,,,,,,,,
NEFSC,NEFSC_GOM_202207_USTR01,NEFSC,HAPO_ANALYSIS,2022-10-08T14:00:00-05:00,2022-10-08T15:00:00-05:00,3600,HAPO,OD_CLICK_NBHF,,,,36,DETECTED,,,,,,VALID,,,,,,,,,,,,,,,,,,,,,,,,,
NEFSC,NEFSC_GOM_202207_USTR01,NEFSC,HAPO_ANALYSIS,2022-10-08T15:00:00-05:00,2022-10-08T16:00:00-05:00,3600,HAPO,OD_CLICK_NBHF,,,,21,NOT_DETECTED,,,,,,VALID,,,,,,,,,,,,,,,,,,,,,,,,,
NEFSC,NEFSC_GOM_202207_USTR01,NEFSC,HAPO_ANALYSIS,2022-10-08T16:00:00-05:00,2022-10-08T17:00:00-05:00,3600,HAPO,OD_CLICK_NBHF,,,,5,NOT_DETECTED,,,,,,VALID,,,,,,,,,,,,,,,,,,,,,,,,,
NEFSC,NEFSC_GOM_202207_USTR01,NEFSC,HAPO_ANALYSIS,2022-10-08T17:00:00-05:00,2022-10-08T18:00:00-05:00,3600,HAPO,OD_CLICK_NBHF,,,,11,NOT_DETECTED,,,,,,VALID,,,,,,,,,,,,,,,,,,,,,,,,,
NEFSC,NEFSC_GOM_202207_USTR01,NEFSC,HAPO_ANALYSIS,2022-10-08T18:00:00-05:00,2022-10-08T19:00:00-05:00,3600,HAPO,OD_CLICK_NBHF,,,,30,DETECTED,,,,,,VALID,,,,,,,,,,,,,,,,,,,,,,,,,
NEFSC,NEFSC_GOM_202207_USTR01,NEFSC,HAPO_ANALYSIS,2022-10-08T19:00:00-05:00,2022-10-08T20:00:00-05:00,3600,HAPO,OD_CLICK_NBHF,,,,21,DETECTED,,,,,,VALID,,,,,,,,,,,,,,,,,,,,,,,,,
NEFSC,NEFSC_GOM_202207_USTR01,NEFSC,HAPO_ANALYSIS,2022-10-08T20:00:00-05:00,2022-10-08T21:00:00-05:00,3600,HAPO,OD_CLICK_NBHF,,,,60,DETECTED,,,,,,VALID,,,,,,,,,,,,,,,,,,,,,,,,,
NEFSC,NEFSC_GOM_202207_USTR01,NEFSC,HAPO_ANALYSIS,2022-10-08T21:00:00-05:00,2022-10-08T22:00:00-05:00,3600,HAPO,OD_CLICK_NBHF,,,,3,NOT_DETECTED,,,,,,VALID,,,,,,,,,,,,,,,,,,,,,,,,,
NEFSC,NEFSC_GOM_202207_USTR01,NEFSC,HAPO_ANALYSIS,2022-10-08T22:00:00-05:00,2022-10-08T23:00:00-05:00,3600,HAPO,OD_CLICK_NBHF,,,,6,NOT_DETECTED,,,,,,VALID,,,,,,,,,,,,,,,,,,,,,,,,,
NEFSC,NEFSC_GOM_202207_USTR01,NEFSC,HAPO_ANALYSIS,2022-10-08T23:00:00-05:00,2022-10-09T00:00:00-05:00,3600,HAPO,OD_CLICK_NBHF,,,,37,DETECTED,,,,,,VALID,,,,,,,,,,,,,,,,,,,,,,,,,
NEFSC,NEFSC_GOM_202207_USTR01,NEFSC,HAPO_ANALYSIS,2022-10-09T00:00:00-05:00,2022-10-09T01:00:00-05:00,3600,HAPO,OD_CLICK_NBHF,,,,18,NOT_DETECTED,,,,,,VALID,,,,,,,,,,,,,,,,,,,,,,,,,
NEFSC,NEFSC_GOM_202207_USTR01,NEFSC,HAPO_ANALYSIS,2022-10-09T01:00:00-05:00,2022-10-09T02:00:00-05:00,3600,HAPO,OD_CLICK_NBHF,,,,4,NOT_DETECTED,,,,,,VALID,,,,,,,,,,,,,,,,,,,,,,,,,
NEFSC,NEFSC_GOM_202207_USTR01,NEFSC,HAPO_ANALYSIS,2022-10-09T02:00:00-05:00,2022-10-09T03:00:00-05:00,3600,HAPO,OD_CLICK_NBHF,,,,39,DETECTED,,,,,,VALID,,,,,,,,,,,,,,,,,,,,,,,,,
NEFSC,NEFSC_GOM_202207_USTR01,NEFSC,HAPO_ANALYSIS,2022-10-09T03:00:00-05:00,2022-10-09T04:00:00-05:00,3600,HAPO,OD_CLICK_NBHF,,,,22,NOT_DETECTED,,,,,,VALID,,,,,,,,,,,,,,,,,,,,,,,,,
NEFSC,NEFSC_GOM_202207_USTR01,NEFSC,HAPO_ANALYSIS,2022-10-09T04:00:00-05:00,2022-10-09T05:00:00-05:00,3600,HAPO,OD_CLICK_NBHF,,,,45,DETECTED,,,,,,VALID,,,,,,,,,,,,,,,,,,,,,,,,,
NEFSC,NEFSC_GOM_202207_USTR01,NEFSC,HAPO_ANALYSIS,2022-10-09T05:00:00-05:00,2022-10-09T06:00:00-05:00,3600,HAPO,OD_CLICK_NBHF,,,,81,DETECTED,,,,,,VALID,,,,,,,,,,,,,,,,,,,,,,,,,
NEFSC,NEFSC_GOM_202207_USTR01,NEFSC,HAPO_ANALYSIS,2022-10-09T06:00:00-05:00,2022-10-09T07:00:00-05:00,3600,HAPO,OD_CLICK_NBHF,,,,110,DETECTED,,,,,,VALID,,,,,,,,,,,,,,,,,,,,,,,,,
NEFSC,NEFSC_GOM_202207_USTR01,NEFSC,HAPO_ANALYSIS,2022-10-09T07:00:00-05:00,2022-10-09T08:00:00-05:00,3600,HAPO,OD_CLICK_NBHF,,,,1,NOT_DETECTED,,,,,,VALID,,,,,,,,,,,,,,,,,,,,,,,,,
NEFSC,NEFSC_GOM_202207_USTR01,NEFSC,HAPO_ANALYSIS,2022-10-09T08:00:00-05:00,2022-10-09T09:00:00-05:00,3600,HAPO,OD_CLICK_NBHF,,,,83,DETECTED,,,,,,VALID,,,,,,,,,,,,,,,,,,,,,,,,,
NEFSC,NEFSC_GOM_202207_USTR01,NEFSC,HAPO_ANALYSIS,2022-10-09T09:00:00-05:00,2022-10-09T10:00:00-05:00,3600,HAPO,OD_CLICK_NBHF,,,,77,DETECTED,,,,,,VALID,,,,,,,,,,,,,,,,,,,,,,,,,
NEFSC,NEFSC_GOM_202207_USTR01,NEFSC,HAPO_ANALYSIS,2022-10-09T10:00:00-05:00,2022-10-09T11:00:00-05:00,3600,HAPO,OD_CLICK_NBHF,,,,49,DETECTED,,,,,,VALID,,,,,,,,,,,,,,,,,,,,,,,,,
NEFSC,NEFSC_GOM_202207_USTR01,NEFSC,HAPO_ANALYSIS,2022-10-09T11:00:00-05:00,2022-10-09T12:00:00-05:00,3600,HAPO,OD_CLICK_NBHF,,,,86,DETECTED,,,,,,VALID,,,,,,,,,,,,,,,,,,,,,,,,,
NEFSC,NEFSC_GOM_202207_USTR01,NEFSC,HAPO_ANALYSIS,2022-10-09T12:00:00-05:00,2022-10-09T13:00:00-05:00,3600,HAPO,OD_CLICK_NBHF,,,,76,DETECTED,,,,,,VALID,,,,,,,,,,,,,,,,,,,,,,,,,
NEFSC,NEFSC_GOM_202207_USTR01,NEFSC,HAPO_ANALYSIS,2022-10-09T13:00:00-05:00,2022-10-09T14:00:00-05:00,3600,HAPO,OD_CLICK_NBHF,,,,48,DETECTED,,,,,,VALID,,,,,,,,,,,,,,,,,,,,,,,,,
NEFSC,NEFSC_GOM_202207_USTR01,NEFSC,HAPO_ANALYSIS,2022-10-09T14:00:00-05:00,2022-10-09T15:00:00-05:00,3600,HAPO,OD_CLICK_NBHF,,,,28,DETECTED,,,,,,VALID,,,,,,,,,,,,,,,,,,,,,,,,,
NEFSC,NEFSC_GOM_202207_USTR01,NEFSC,HAPO_ANALYSIS,2022-10-09T15:00:00-05:00,2022-10-09T16:00:00-05:00,3600,HAPO,OD_CLICK_NBHF,,,,14,NOT_DETECTED,,,,,,VALID,,,,,,,,,,,,,,,,,,,,,,,,,
NEFSC,NEFSC_GOM_202207_USTR01,NEFSC,HAPO_ANALYSIS,2022-10-09T16:00:00-05:00,2022-10-09T17:00:00-05:00,3600,HAPO,OD_CLICK_NBHF,,,,28,NOT_DETECTED,,,,,,VALID,,,,,,,,,,,,,,,,,,,,,,,,,
NEFSC,NEFSC_GOM_202207_USTR01,NEFSC,HAPO_ANALYSIS,2022-10-09T17:00:00-05:00,2022-10-09T18:00:00-05:00,3600,HAPO,OD_CLICK_NBHF,,,,11,NOT_DETECTED,,,,,,VALID,,,,,,,,,,,,,,,,,,,,,,,,,
NEFSC,NEFSC_GOM_202207_USTR01,NEFSC,HAPO_ANALYSIS,2022-10-09T18:00:00-05:00,2022-10-09T19:00:00-05:00,3600,HAPO,OD_CLICK_NBHF,,,,32,DETECTED,,,,,,VALID,,,,,,,,,,,,,,,,,,,,,,,,,
NEFSC,NEFSC_GOM_202207_USTR01,NEFSC,HAPO_ANALYSIS,2022-10-09T19:00:00-05:00,2022-10-09T20:00:00-05:00,3600,HAPO,OD_CLICK_NBHF,,,,31,DETECTED,,,,,,VALID,,,,,,,,,,,,,,,,,,,,,,,,,
NEFSC,NEFSC_GOM_202207_USTR01,NEFSC,HAPO_ANALYSIS,2022-10-09T20:00:00-05:00,2022-10-09T21:00:00-05:00,3600,HAPO,OD_CLICK_NBHF,,,,5,NOT_DETECTED,,,,,,VALID,,,,,,,,,,,,,,,,,,,,,,,,,
NEFSC,NEFSC_GOM_202207_USTR01,NEFSC,HAPO_ANALYSIS,2022-10-09T21:00:00-05:00,2022-10-09T22:00:00-05:00,3600,HAPO,OD_CLICK_NBHF,,,,2,NOT_DETECTED,,,,,,VALID,,,,,,,,,,,,,,,,,,,,,,,,,
NEFSC,NEFSC_GOM_202207_USTR01,NEFSC,HAPO_ANALYSIS,2022-10-09T22:00:00-05:00,2022-10-09T23:00:00-05:00,3600,HAPO,OD_CLICK_NBHF,,,,1,NOT_DETECTED,,,,,,VALID,,,,,,,,,,,,,,,,,,,,,,,,,
NEFSC,NEFSC_GOM_202207_USTR01,NEFSC,HAPO_ANALYSIS,2022-10-09T23:00:00-05:00,2022-10-10T00:00:00-05:00,3600,HAPO,OD_CLICK_NBHF,,,,0,NOT_DETECTED,,,,,,VALID,,,,,,,,,,,,,,,,,,,,,,,,,
NEFSC,NEFSC_GOM_202207_USTR01,NEFSC,HAPO_ANALYSIS,2022-10-10T00:00:00-05:00,2022-10-10T01:00:00-05:00,3600,HAPO,OD_CLICK_NBHF,,,,3,NOT_DETECTED,,,,,,VALID,,,,,,,,,,,,,,,,,,,,,,,,,
NEFSC,NEFSC_GOM_202207_USTR01,NEFSC,HAPO_ANALYSIS,2022-10-10T01:00:00-05:00,2022-10-10T02:00:00-05:00,3600,HAPO,OD_CLICK_NBHF,,,,3,NOT_DETECTED,,,,,,VALID,,,,,,,,,,,,,,,,,,,,,,,,,
NEFSC,NEFSC_GOM_202207_USTR01,NEFSC,HAPO_ANALYSIS,2022-10-10T02:00:00-05:00,2022-10-10T03:00:00-05:00,3600,HAPO,OD_CLICK_NBHF,,,,2,NOT_DETECTED,,,,,,VALID,,,,,,,,,,,,,,,,,,,,,,,,,
NEFSC,NEFSC_GOM_202207_USTR01,NEFSC,HAPO_ANALYSIS,2022-10-10T03:00:00-05:00,2022-10-10T04:00:00-05:00,3600,HAPO,OD_CLICK_NBHF,,,,2,NOT_DETECTED,,,,,,VALID,,,,,,,,,,,,,,,,,,,,,,,,,
NEFSC,NEFSC_GOM_202207_USTR01,NEFSC,HAPO_ANALYSIS,2022-10-10T04:00:00-05:00,2022-10-10T05:00:00-05:00,3600,HAPO,OD_CLICK_NBHF,,,,3,NOT_DETECTED,,,,,,VALID,,,,,,,,,,,,,,,,,,,,,,,,,
NEFSC,NEFSC_GOM_202207_USTR01,NEFSC,HAPO_ANALYSIS,2022-10-10T05:00:00-05:00,2022-10-10T06:00:00-05:00,3600,HAPO,OD_CLICK_NBHF,,,,4,NOT_DETECTED,,,,,,VALID,,,,,,,,,,,,,,,,,,,,,,,,,
NEFSC,NEFSC_GOM_202207_USTR01,NEFSC,HAPO_ANALYSIS,2022-10-10T06:00:00-05:00,2022-10-10T07:00:00-05:00,3600,HAPO,OD_CLICK_NBHF,,,,0,NOT_DETECTED,,,,,,VALID,,,,,,,,,,,,,,,,,,,,,,,,,
NEFSC,NEFSC_GOM_202207_USTR01,NEFSC,HAPO_ANALYSIS,2022-10-10T07:00:00-05:00,2022-10-10T08:00:00-05:00,3600,HAPO,OD_CLICK_NBHF,,,,0,NOT_DETECTED,,,,,,VALID,,,,,,,,,,,,,,,,,,,,,,,,,
NEFSC,NEFSC_GOM_202207_USTR01,NEFSC,HAPO_ANALYSIS,2022-10-10T08:00:00-05:00,2022-10-10T09:00:00-05:00,3600,HAPO,OD_CLICK_NBHF,,,,0,NOT_DETECTED,,,,,,VALID,,,,,,,,,,,,,,,,,,,,,,,,,
NEFSC,NEFSC_GOM_202207_USTR01,NEFSC,HAPO_ANALYSIS,2022-10-10T09:00:00-05:00,2022-10-10T10:00:00-05:00,3600,HAPO,OD_CLICK_NBHF,,,,2,NOT_DETECTED,,,,,,VALID,,,,,,,,,,,,,,,,,,,,,,,,,
NEFSC,NEFSC_GOM_202207_USTR01,NEFSC,HAPO_ANALYSIS,2022-10-10T10:00:00-05:00,2022-10-10T11:00:00-05:00,3600,HAPO,OD_CLICK_NBHF,,,,0,NOT_DETECTED,,,,,,VALID,,,,,,,,,,,,,,,,,,,,,,,,,
NEFSC,NEFSC_GOM_202207_USTR01,NEFSC,HAPO_ANALYSIS,2022-10-10T11:00:00-05:00,2022-10-10T12:00:00-05:00,3600,HAPO,OD_CLICK_NBHF,,,,1,NOT_DETECTED,,,,,,VALID,,,,,,,,,,,,,,,,,,,,,,,,,
NEFSC,NEFSC_GOM_202207_USTR01,NEFSC,HAPO_ANALYSIS,2022-10-10T12:00:00-05:00,2022-10-10T13:00:00-05:00,3600,HAPO,OD_CLICK_NBHF,,,,0,NOT_DETECTED,,,,,,VALID,,,,,,,,,,,,,,,,,,,,,,,,,
NEFSC,NEFSC_GOM_202207_USTR01,NEFSC,HAPO_ANALYSIS,2022-10-10T13:00:00-05:00,2022-10-10T14:00:00-05:00,3600,HAPO,OD_CLICK_NBHF,,,,2,NOT_DETECTED,,,,,,VALID,,,,,,,,,,,,,,,,,,,,,,,,,
NEFSC,NEFSC_GOM_202207_USTR01,NEFSC,HAPO_ANALYSIS,2022-10-10T14:00:00-05:00,2022-10-10T15:00:00-05:00,3600,HAPO,OD_CLICK_NBHF,,,,0,NOT_DETECTED,,,,,,VALID,,,,,,,,,,,,,,,,,,,,,,,,,
NEFSC,NEFSC_GOM_202207_USTR01,NEFSC,HAPO_ANALYSIS,2022-10-10T15:00:00-05:00,2022-10-10T16:00:00-05:00,3600,HAPO,OD_CLICK_NBHF,,,,1,NOT_DETECTED,,,,,,VALID,,,,,,,,,,,,,,,,,,,,,,,,,
NEFSC,NEFSC_GOM_202207_USTR01,NEFSC,HAPO_ANALYSIS,2022-10-10T16:00:00-05:00,2022-10-10T17:00:00-05:00,3600,HAPO,OD_CLICK_NBHF,,,,0,NOT_DETECTED,,,,,,VALID,,,,,,,,,,,,,,,,,,,,,,,,,
NEFSC,NEFSC_GOM_202207_USTR01,NEFSC,HAPO_ANALYSIS,2022-10-10T17:00:00-05:00,2022-10-10T18:00:00-05:00,3600,HAPO,OD_CLICK_NBHF,,,,1,NOT_DETECTED,,,,,,VALID,,,,,,,,,,,,,,,,,,,,,,,,,
NEFSC,NEFSC_GOM_202207_USTR01,NEFSC,HAPO_ANALYSIS,2022-10-10T18:00:00-05:00,2022-10-10T19:00:00-05:00,3600,HAPO,OD_CLICK_NBHF,,,,1,NOT_DETECTED,,,,,,VALID,,,,,,,,,,,,,,,,,,,,,,,,,
NEFSC,NEFSC_GOM_202207_USTR01,NEFSC,HAPO_ANALYSIS,2022-10-10T19:00:00-05:00,2022-10-10T20:00:00-05:00,3600,HAPO,OD_CLICK_NBHF,,,,2,NOT_DETECTED,,,,,,VALID,,,,,,,,,,,,,,,,,,,,,,,,,
NEFSC,NEFSC_GOM_202207_USTR01,NEFSC,HAPO_ANALYSIS,2022-10-10T20:00:00-05:00,2022-10-10T21:00:00-05:00,3600,HAPO,OD_CLICK_NBHF,,,,0,NOT_DETECTED,,,,,,VALID,,,,,,,,,,,,,,,,,,,,,,,,,
NEFSC,NEFSC_GOM_202207_USTR01,NEFSC,HAPO_ANALYSIS,2022-10-10T21:00:00-05:00,2022-10-10T22:00:00-05:00,3600,HAPO,OD_CLICK_NBHF,,,,0,NOT_DETECTED,,,,,,VALID,,,,,,,,,,,,,,,,,,,,,,,,,
NEFSC,NEFSC_GOM_202207_USTR01,NEFSC,HAPO_ANALYSIS,2022-10-10T22:00:00-05:00,2022-10-10T23:00:00-05:00,3600,HAPO,OD_CLICK_NBHF,,,,0,NOT_DETECTED,,,,,,VALID,,,,,,,,,,,,,,,,,,,,,,,,,
NEFSC,NEFSC_GOM_202207_USTR01,NEFSC,HAPO_ANALYSIS,2022-10-10T23:00:00-05:00,2022-10-11T00:00:00-05:00,3600,HAPO,OD_CLICK_NBHF,,,,2,NOT_DETECTED,,,,,,VALID,,,,,,,,,,,,,,,,,,,,,,,,,