organization_code,deployment_code,track_code,track_position_datetime,track_position_latitude,track_position_longitude,track_position_speed_knots,track_position_depth_m,track_position_json,track_position_comments
NEFSC,NEFSC_HB1603_DEP1,SHIP_TRACK,2016-06-28T11:00:00Z,40.17920333,-71.28774667,,,,
NEFSC,NEFSC_HB1603_DEP1,SHIP_TRACK,2016-06-28T12:00:00Z,40.10727667,-71.2993,,,,
NEFSC,NEFSC_HB1603_DEP1,SHIP_TRACK,2016-06-28T13:00:00Z,39.94095167,-71.33155,,,,
NEFSC,NEFSC_HB1603_DEP1,SHIP_TRACK,2016-06-28T14:00:00Z,39.785825,-71.35979,,,,
NEFSC,NEFSC_HB1603_DEP1,SHIP_TRACK,2016-06-28T15:00:00Z,39.65830333,-71.382235,,,,
NEFSC,NEFSC_HB1603_DEP1,SHIP_TRACK,2016-06-28T16:00:00Z,39.56373,-71.38297333,,,,
NEFSC,NEFSC_HB1603_DEP1,SHIP_TRACK,2016-06-28T17:00:00Z,39.53937333,-71.40609667,,,,
NEFSC,NEFSC_HB1603_DEP1,SHIP_TRACK,2016-06-28T18:00:00Z,39.519135,-71.51525,,,,
NEFSC,NEFSC_HB1603_DEP1,SHIP_TRACK,2016-06-28T19:00:00Z,39.56859833,-71.70799333,,,,
NEFSC,NEFSC_HB1603_DEP1,SHIP_TRACK,2016-06-28T20:00:00Z,39.62012833,-71.90105167,,,,
NEFSC,NEFSC_HB1603_DEP1,SHIP_TRACK,2016-06-28T21:00:00Z,39.67099333,-72.0985,,,,
NEFSC,NEFSC_HB1603_DEP1,SHIP_TRACK,2016-06-28T22:00:00Z,39.72192333,-72.298615,,,,
NEFSC,NEFSC_HB1603_DEP1,SHIP_TRACK,2016-06-29T12:00:00Z,39.705595,-72.28564167,,,,
NEFSC,NEFSC_HB1603_DEP1,SHIP_TRACK,2016-06-29T13:00:00Z,39.73068,-72.33114833,,,,
NEFSC,NEFSC_HB1603_DEP1,SHIP_TRACK,2016-06-29T14:00:00Z,39.68291667,-72.35041833,,,,
NEFSC,NEFSC_HB1603_DEP1,SHIP_TRACK,2016-06-29T15:00:00Z,39.53563167,-72.25149,,,,
NEFSC,NEFSC_HB1603_DEP1,SHIP_TRACK,2016-06-29T16:00:00Z,39.39911333,-72.161265,,,,
NEFSC,NEFSC_HB1603_DEP1,SHIP_TRACK,2016-06-29T17:00:00Z,39.258005,-72.06991833,,,,
NEFSC,NEFSC_HB1603_DEP1,SHIP_TRACK,2016-06-29T18:00:00Z,39.11499333,-71.975035,,,,
NEFSC,NEFSC_HB1603_DEP1,SHIP_TRACK,2016-06-29T19:00:00Z,39.08598167,-71.88775833,,,,
NEFSC,NEFSC_HB1603_DEP1,SHIP_TRACK,2016-06-29T20:00:00Z,39.18230667,-71.725435,,,,
NEFSC,NEFSC_HB1603_DEP1,SHIP_TRACK,2016-06-29T21:00:00Z,39.15456667,-71.67314333,,,,
NEFSC,NEFSC_HB1603_DEP1,SHIP_TRACK,2016-06-29T22:00:00Z,38.99089667,-71.69835167,,,,
NEFSC,NEFSC_HB1603_DEP1,SHIP_TRACK,2016-06-29T23:00:00Z,38.948985,-71.721595,,,,
NEFSC,NEFSC_HB1603_DEP1,SHIP_TRACK,2016-06-30T09:00:00Z,39.00554,-71.69444,,,,
NEFSC,NEFSC_HB1603_DEP1,SHIP_TRACK,2016-06-30T10:00:00Z,39.00248667,-71.695165,,,,
NEFSC,NEFSC_HB1603_DEP1,SHIP_TRACK,2016-06-30T11:00:00Z,38.83772833,-71.71965333,,,,
NEFSC,NEFSC_HB1603_DEP1,SHIP_TRACK,2016-06-30T12:00:00Z,38.66967333,-71.74076,,,,
NEFSC,NEFSC_HB1603_DEP1,SHIP_TRACK,2016-06-30T13:00:00Z,38.50774,-71.76649333,,,,
NEFSC,NEFSC_HB1603_DEP1,SHIP_TRACK,2016-06-30T14:00:00Z,38.33553333,-71.79094167,,,,
NEFSC,NEFSC_HB1603_DEP1,SHIP_TRACK,2016-06-30T15:00:00Z,38.16721,-71.815645,,,,
NEFSC,NEFSC_HB1603_DEP1,SHIP_TRACK,2016-06-30T16:00:00Z,38.09034667,-71.82361833,,,,
NEFSC,NEFSC_HB1603_DEP1,SHIP_TRACK,2016-06-30T17:00:00Z,38.025745,-71.83481333,,,,
NEFSC,NEFSC_HB1603_DEP1,SHIP_TRACK,2016-06-30T18:00:00Z,37.87158167,-71.856065,,,,
NEFSC,NEFSC_HB1603_DEP1,SHIP_TRACK,2016-06-30T19:00:00Z,37.72127333,-71.853515,,,,
NEFSC,NEFSC_HB1603_DEP1,SHIP_TRACK,2016-06-30T20:00:00Z,37.66128167,-71.838425,,,,
NEFSC,NEFSC_HB1603_DEP1,SHIP_TRACK,2016-06-30T21:00:00Z,37.58575167,-71.84534667,,,,
NEFSC,NEFSC_HB1603_DEP1,SHIP_TRACK,2016-06-30T22:00:00Z,37.52781667,-71.90416333,,,,
NEFSC,NEFSC_HB1603_DEP1,SHIP_TRACK,2016-06-30T23:00:00Z,37.44114,-71.91870167,,,,
NEFSC,NEFSC_HB1603_DEP1,SHIP_TRACK,2016-07-01T00:00:00Z,37.39117667,-71.88338,,,,
NEFSC,NEFSC_HB1603_DEP1,SHIP_TRACK,2016-07-01T10:00:00Z,37.358325,-71.93294833,,,,
NEFSC,NEFSC_HB1603_DEP1,SHIP_TRACK,2016-07-01T11:00:00Z,37.24147,-71.94688833,,,,
NEFSC,NEFSC_HB1603_DEP1,SHIP_TRACK,2016-07-01T12:00:00Z,37.09915667,-71.971625,,,,
NEFSC,NEFSC_HB1603_DEP1,SHIP_TRACK,2016-07-01T13:00:00Z,36.93218167,-71.99036667,,,,
NEFSC,NEFSC_HB1603_DEP1,SHIP_TRACK,2016-07-01T14:00:00Z,36.757715,-72.01340333,,,,
NEFSC,NEFSC_HB1603_DEP1,SHIP_TRACK,2016-07-01T15:00:00Z,36.58663833,-72.03547833,,,,
NEFSC,NEFSC_HB1603_DEP1,SHIP_TRACK,2016-07-01T16:00:00Z,36.63214167,-72.09219333,,,,
NEFSC,NEFSC_HB1603_DEP1,SHIP_TRACK,2016-07-01T17:00:00Z,36.67550667,-72.171285,,,,
NEFSC,NEFSC_HB1603_DEP1,SHIP_TRACK,2016-07-01T18:00:00Z,36.79074833,-72.35755833,,,,
NEFSC,NEFSC_HB1603_DEP1,SHIP_TRACK,2016-07-01T19:00:00Z,36.9035,-72.54722333,,,,
NEFSC,NEFSC_HB1603_DEP1,SHIP_TRACK,2016-07-01T20:00:00Z,37.02342167,-72.73427167,,,,
NEFSC,NEFSC_HB1603_DEP1,SHIP_TRACK,2016-07-01T21:00:00Z,37.13171167,-72.90993333,,,,
NEFSC,NEFSC_HB1603_DEP1,SHIP_TRACK,2016-07-01T22:00:00Z,37.23137667,-73.07363333,,,,
NEFSC,NEFSC_HB1603_DEP1,SHIP_TRACK,2016-07-02T09:00:00Z,38.29228167,-73.99090167,,,,
NEFSC,NEFSC_HB1603_DEP1,SHIP_TRACK,2016-07-02T10:00:00Z,38.289135,-73.98218,,,,
NEFSC,NEFSC_HB1603_DEP1,SHIP_TRACK,2016-07-02T11:00:00Z,38.25566667,-73.87569667,,,,
NEFSC,NEFSC_HB1603_DEP1,SHIP_TRACK,2016-07-02T12:00:00Z,38.184735,-73.65349167,,,,
NEFSC,NEFSC_HB1603_DEP1,SHIP_TRACK,2016-07-02T13:00:00Z,38.11253667,-73.42769667,,,,
NEFSC,NEFSC_HB1603_DEP1,SHIP_TRACK,2016-07-02T14:00:00Z,38.06663333,-73.24921667,,,,
NEFSC,NEFSC_HB1603_DEP1,SHIP_TRACK,2016-07-02T15:00:00Z,38.06750833,-73.25702667,,,,
NEFSC,NEFSC_HB1603_DEP1,SHIP_TRACK,2016-07-02T16:00:00Z,38.10378833,-73.25657,,,,
NEFSC,NEFSC_HB1603_DEP1,SHIP_TRACK,2016-07-02T17:00:00Z,38.28122333,-73.29427167,,,,
NEFSC,NEFSC_HB1603_DEP1,SHIP_TRACK,2016-07-02T18:00:00Z,38.455645,-73.33174333,,,,
NEFSC,NEFSC_HB1603_DEP1,SHIP_TRACK,2016-07-02T19:00:00Z,38.62005667,-73.365045,,,,
NEFSC,NEFSC_HB1603_DEP1,SHIP_TRACK,2016-07-02T20:00:00Z,38.676615,-73.29963333,,,,
NEFSC,NEFSC_HB1603_DEP1,SHIP_TRACK,2016-07-02T21:00:00Z,38.65250667,-73.08157333,,,,
NEFSC,NEFSC_HB1603_DEP1,SHIP_TRACK,2016-07-02T22:00:00Z,38.626235,-72.85703333,,,,
NEFSC,NEFSC_HB1603_DEP1,SHIP_TRACK,2016-07-03T09:00:00Z,38.62529167,-72.86262333,,,,
NEFSC,NEFSC_HB1603_DEP1,SHIP_TRACK,2016-07-03T10:00:00Z,38.62542667,-72.84920333,,,,
NEFSC,NEFSC_HB1603_DEP1,SHIP_TRACK,2016-07-03T11:00:00Z,38.604125,-72.69471,,,,
NEFSC,NEFSC_HB1603_DEP1,SHIP_TRACK,2016-07-03T12:00:00Z,38.74771,-72.72492167,,,,
NEFSC,NEFSC_HB1603_DEP1,SHIP_TRACK,2016-07-03T13:00:00Z,38.90595,-72.74763833,,,,
NEFSC,NEFSC_HB1603_DEP1,SHIP_TRACK,2016-07-03T14:00:00Z,39.06888,-72.77182333,,,,
NEFSC,NEFSC_HB1603_DEP1,SHIP_TRACK,2016-07-03T15:00:00Z,39.227825,-72.795085,,,,
NEFSC,NEFSC_HB1603_DEP1,SHIP_TRACK,2016-07-03T16:00:00Z,39.27155333,-72.82269,,,,
NEFSC,NEFSC_HB1603_DEP1,SHIP_TRACK,2016-07-03T17:00:00Z,39.253055,-72.70521333,,,,
NEFSC,NEFSC_HB1603_DEP1,SHIP_TRACK,2016-07-03T18:00:00Z,39.20333833,-72.51678,,,,
NEFSC,NEFSC_HB1603_DEP1,SHIP_TRACK,2016-07-03T19:00:00Z,39.15461667,-72.32018167,,,,
NEFSC,NEFSC_HB1603_DEP1,SHIP_TRACK,2016-07-03T20:00:00Z,39.10351,-72.12169833,,,,
NEFSC,NEFSC_HB1603_DEP1,SHIP_TRACK,2016-07-03T21:00:00Z,39.045255,-71.93229667,,,,
NEFSC,NEFSC_HB1603_DEP1,SHIP_TRACK,2016-07-03T22:00:00Z,39.14936833,-71.78226,,,,
NEFSC,NEFSC_HB1603_DEP1,SHIP_TRACK,2016-07-04T10:00:00Z,39.21634167,-71.65573333,,,,
NEFSC,NEFSC_HB1603_DEP1,SHIP_TRACK,2016-07-04T11:00:00Z,39.13368,-71.48820833,,,,
NEFSC,NEFSC_HB1603_DEP1,SHIP_TRACK,2016-07-04T12:00:00Z,39.049565,-71.31842833,,,,
NEFSC,NEFSC_HB1603_DEP1,SHIP_TRACK,2016-07-04T13:00:00Z,38.96441167,-71.13887167,,,,
NEFSC,NEFSC_HB1603_DEP1,SHIP_TRACK,2016-07-04T14:00:00Z,38.879485,-70.96314833,,,,
NEFSC,NEFSC_HB1603_DEP1,SHIP_TRACK,2016-07-04T15:00:00Z,38.79390667,-70.79331667,,,,
NEFSC,NEFSC_HB1603_DEP1,SHIP_TRACK,2016-07-04T16:00:00Z,38.73866167,-70.68159667,,,,
NEFSC,NEFSC_HB1603_DEP1,SHIP_TRACK,2016-07-04T17:00:00Z,38.72410667,-70.656955,,,,
NEFSC,NEFSC_HB1603_DEP1,SHIP_TRACK,2016-07-04T18:00:00Z,38.64045333,-70.50145,,,,
NEFSC,NEFSC_HB1603_DEP1,SHIP_TRACK,2016-07-04T19:00:00Z,38.58170333,-70.37502333,,,,
NEFSC,NEFSC_HB1603_DEP1,SHIP_TRACK,2016-07-04T20:00:00Z,38.50069333,-70.19815667,,,,
NEFSC,NEFSC_HB1603_DEP1,SHIP_TRACK,2016-07-04T21:00:00Z,38.43053833,-70.078465,,,,
NEFSC,NEFSC_HB1603_DEP1,SHIP_TRACK,2016-07-04T22:00:00Z,38.37220833,-69.954335,,,,
NEFSC,NEFSC_HB1603_DEP1,SHIP_TRACK,2016-07-05T10:00:00Z,38.367735,-69.93131833,,,,
NEFSC,NEFSC_HB1603_DEP1,SHIP_TRACK,2016-07-05T11:00:00Z,38.33746167,-69.88234167,,,,
NEFSC,NEFSC_HB1603_DEP1,SHIP_TRACK,2016-07-05T12:00:00Z,38.27158,-69.75796333,,,,
NEFSC,NEFSC_HB1603_DEP1,SHIP_TRACK,2016-07-05T13:00:00Z,38.20283667,-69.62715,,,,
NEFSC,NEFSC_HB1603_DEP1,SHIP_TRACK,2016-07-05T14:00:00Z,38.135075,-69.49396,,,,
NEFSC,NEFSC_HB1603_DEP1,SHIP_TRACK,2016-07-05T15:00:00Z,38.04846833,-69.32937833,,,,
NEFSC,NEFSC_HB1603_DEP1,SHIP_TRACK,2016-07-06T09:00:00Z,38.36812,-69.943015,,,,
NEFSC,NEFSC_HB1603_DEP1,SHIP_TRACK,2016-07-06T10:00:00Z,38.36627167,-69.94007167,,,,
NEFSC,NEFSC_HB1603_DEP1,SHIP_TRACK,2016-07-06T11:00:00Z,38.2708,-69.76016667,,,,
NEFSC,NEFSC_HB1603_DEP1,SHIP_TRACK,2016-07-06T12:00:00Z,38.17319,-69.57009833,,,,
NEFSC,NEFSC_HB1603_DEP1,SHIP_TRACK,2016-07-06T13:00:00Z,38.07202333,-69.37848167,,,,
NEFSC,NEFSC_HB1603_DEP1,SHIP_TRACK,2016-07-06T14:00:00Z,37.974125,-69.19108333,,,,
NEFSC,NEFSC_HB1603_DEP1,SHIP_TRACK,2016-07-06T15:00:00Z,37.87955,-69.01445667,,,,
NEFSC,NEFSC_HB1603_DEP1,SHIP_TRACK,2016-07-06T16:00:00Z,37.83554667,-68.930635,,,,
NEFSC,NEFSC_HB1603_DEP1,SHIP_TRACK,2016-07-06T17:00:00Z,37.79348333,-68.84783667,,,,
NEFSC,NEFSC_HB1603_DEP1,SHIP_TRACK,2016-07-06T18:00:00Z,37.70064333,-68.66347667,,,,
NEFSC,NEFSC_HB1603_DEP1,SHIP_TRACK,2016-07-06T19:00:00Z,37.60116833,-68.47585167,,,,
NEFSC,NEFSC_HB1603_DEP1,SHIP_TRACK,2016-07-06T20:00:00Z,37.49922667,-68.28949167,,,,
NEFSC,NEFSC_HB1603_DEP1,SHIP_TRACK,2016-07-06T21:00:00Z,37.57158667,-68.23444833,,,,
NEFSC,NEFSC_HB1603_DEP1,SHIP_TRACK,2016-07-06T22:00:00Z,37.682025,-68.25498667,,,,
NEFSC,NEFSC_HB1603_DEP1,SHIP_TRACK,2016-07-07T09:00:00Z,37.67782333,-68.25343167,,,,
NEFSC,NEFSC_HB1603_DEP1,SHIP_TRACK,2016-07-07T10:00:00Z,37.68616333,-68.25335667,,,,
NEFSC,NEFSC_HB1603_DEP1,SHIP_TRACK,2016-07-07T11:00:00Z,37.70159667,-68.24760167,,,,
NEFSC,NEFSC_HB1603_DEP1,SHIP_TRACK,2016-07-07T12:00:00Z,37.834105,-68.21647333,,,,
NEFSC,NEFSC_HB1603_DEP1,SHIP_TRACK,2016-07-07T13:00:00Z,37.96560667,-68.18402833,,,,
NEFSC,NEFSC_HB1603_DEP1,SHIP_TRACK,2016-07-07T14:00:00Z,38.08858167,-68.15312,,,,
NEFSC,NEFSC_HB1603_DEP1,SHIP_TRACK,2016-07-07T15:00:00Z,38.20478,-68.12397333,,,,
NEFSC,NEFSC_HB1603_DEP1,SHIP_TRACK,2016-07-07T16:00:00Z,38.25025833,-68.09580333,,,,
NEFSC,NEFSC_HB1603_DEP1,SHIP_TRACK,2016-07-07T17:00:00Z,38.29115167,-68.101005,,,,
NEFSC,NEFSC_HB1603_DEP1,SHIP_TRACK,2016-07-07T18:00:00Z,38.462215,-68.05849,,,,
NEFSC,NEFSC_HB1603_DEP1,SHIP_TRACK,2016-07-07T19:00:00Z,38.63484,-68.01268167,,,,
NEFSC,NEFSC_HB1603_DEP1,SHIP_TRACK,2016-07-07T20:00:00Z,38.80303167,-67.96869667,,,,
NEFSC,NEFSC_HB1603_DEP1,SHIP_TRACK,2016-07-07T21:00:00Z,38.90408833,-67.943695,,,,
NEFSC,NEFSC_HB1603_DEP1,SHIP_TRACK,2016-07-07T22:00:00Z,39.06812833,-67.901405,,,,
NEFSC,NEFSC_HB1603_DEP1,SHIP_TRACK,2016-07-08T10:00:00Z,39.071515,-67.90076167,,,,
NEFSC,NEFSC_HB1603_DEP1,SHIP_TRACK,2016-07-08T11:00:00Z,39.217615,-67.86111,,,,
NEFSC,NEFSC_HB1603_DEP1,SHIP_TRACK,2016-07-08T12:00:00Z,39.35948667,-67.82715333,,,,
NEFSC,NEFSC_HB1603_DEP1,SHIP_TRACK,2016-07-08T13:00:00Z,39.428325,-67.81423833,,,,
NEFSC,NEFSC_HB1603_DEP1,SHIP_TRACK,2016-07-08T14:00:00Z,39.51094833,-67.78707833,,,,
NEFSC,NEFSC_HB1603_DEP1,SHIP_TRACK,2016-07-08T15:00:00Z,39.53032833,-67.782105,,,,
NEFSC,NEFSC_HB1603_DEP1,SHIP_TRACK,2016-07-08T16:00:00Z,39.62414833,-67.76324333,,,,
NEFSC,NEFSC_HB1603_DEP1,SHIP_TRACK,2016-07-08T17:00:00Z,39.71658167,-67.73165167,,,,
NEFSC,NEFSC_HB1603_DEP1,SHIP_TRACK,2016-07-08T18:00:00Z,39.8985,-67.68455667,,,,
NEFSC,NEFSC_HB1603_DEP1,SHIP_TRACK,2016-07-08T19:00:00Z,40.031115,-67.54540667,,,,
NEFSC,NEFSC_HB1603_DEP1,SHIP_TRACK,2016-07-08T20:00:00Z,40.12583167,-67.33876667,,,,
NEFSC,NEFSC_HB1603_DEP1,SHIP_TRACK,2016-07-08T21:00:00Z,40.208835,-67.288105,,,,
NEFSC,NEFSC_HB1603_DEP1,SHIP_TRACK,2016-07-08T22:00:00Z,40.317645,-67.49433,,,,
NEFSC,NEFSC_HB1603_DEP1,SHIP_TRACK,2016-07-08T23:00:00Z,40.41979333,-67.68260167,,,,
NEFSC,NEFSC_HB1603_DEP2,SHIP_TRACK,2016-07-13T09:00:00Z,39.51425667,-72.62107333,,,,
NEFSC,NEFSC_HB1603_DEP2,SHIP_TRACK,2016-07-13T10:00:00Z,39.51359667,-72.61794,,,,
NEFSC,NEFSC_HB1603_DEP2,SHIP_TRACK,2016-07-13T11:00:00Z,39.46230833,-72.42047,,,,
NEFSC,NEFSC_HB1603_DEP2,SHIP_TRACK,2016-07-13T12:00:00Z,39.411215,-72.21389,,,,
NEFSC,NEFSC_HB1603_DEP2,SHIP_TRACK,2016-07-13T13:00:00Z,39.35896333,-72.00900667,,,,
NEFSC,NEFSC_HB1603_DEP2,SHIP_TRACK,2016-07-13T14:00:00Z,39.30589833,-71.80091667,,,,
NEFSC,NEFSC_HB1603_DEP2,SHIP_TRACK,2016-07-13T15:00:00Z,39.29982667,-71.67017667,,,,
NEFSC,NEFSC_HB1603_DEP2,SHIP_TRACK,2016-07-13T16:00:00Z,39.37846833,-71.68744833,,,,
NEFSC,NEFSC_HB1603_DEP2,SHIP_TRACK,2016-07-13T17:00:00Z,39.46688,-71.70473,,,,
NEFSC,NEFSC_HB1603_DEP2,SHIP_TRACK,2016-07-13T18:00:00Z,39.62508,-71.74161333,,,,
NEFSC,NEFSC_HB1603_DEP2,SHIP_TRACK,2016-07-13T19:00:00Z,39.781195,-71.771745,,,,
NEFSC,NEFSC_HB1603_DEP2,SHIP_TRACK,2016-07-13T20:00:00Z,39.94467833,-71.80625833,,,,
NEFSC,NEFSC_HB1603_DEP2,SHIP_TRACK,2016-07-13T21:00:00Z,39.922155,-71.70606833,,,,
NEFSC,NEFSC_HB1603_DEP2,SHIP_TRACK,2016-07-13T22:00:00Z,39.83266333,-71.53150833,,,,
NEFSC,NEFSC_HB1603_DEP3,SHIP_TRACK,2016-07-19T09:00:00Z,40.193425,-71.30373,,,,
NEFSC,NEFSC_HB1603_DEP3,SHIP_TRACK,2016-07-19T10:00:00Z,40.183725,-71.27869167,,,,
NEFSC,NEFSC_HB1603_DEP3,SHIP_TRACK,2016-07-19T11:00:00Z,40.07345667,-71.13740667,,,,
NEFSC,NEFSC_HB1603_DEP3,SHIP_TRACK,2016-07-19T12:00:00Z,39.95283667,-70.98375333,,,,
NEFSC,NEFSC_HB1603_DEP3,SHIP_TRACK,2016-07-19T13:00:00Z,39.83330667,-70.83063,,,,
NEFSC,NEFSC_HB1603_DEP3,SHIP_TRACK,2016-07-19T14:00:00Z,39.711665000000004,-70.67684,,,,
NEFSC,NEFSC_HB1603_DEP3,SHIP_TRACK,2016-07-19T15:00:00Z,39.59457,-70.52828333,,,,
NEFSC,NEFSC_HB1603_DEP3,SHIP_TRACK,2016-07-19T16:00:00Z,39.60664167,-70.48999167,,,,
NEFSC,NEFSC_HB1603_DEP3,SHIP_TRACK,2016-07-19T17:00:00Z,39.59322,-70.4934,,,,
NEFSC,NEFSC_HB1603_DEP3,SHIP_TRACK,2016-07-19T18:00:00Z,39.699325,-70.46588333,,,,
NEFSC,NEFSC_HB1603_DEP3,SHIP_TRACK,2016-07-19T19:00:00Z,39.85416167,-70.42654833,,,,
NEFSC,NEFSC_HB1603_DEP3,SHIP_TRACK,2016-07-19T20:00:00Z,40.01198167,-70.38646167,,,,
NEFSC,NEFSC_HB1603_DEP3,SHIP_TRACK,2016-07-19T21:00:00Z,40.172735,-70.34639,,,,
NEFSC,NEFSC_HB1603_DEP3,SHIP_TRACK,2016-07-20T09:00:00Z,40.24389,-70.34775667,,,,
NEFSC,NEFSC_HB1603_DEP3,SHIP_TRACK,2016-07-20T10:00:00Z,40.23794667,-70.33291833,,,,
NEFSC,NEFSC_HB1603_DEP3,SHIP_TRACK,2016-07-20T11:00:00Z,40.12114167,-70.16642167,,,,
NEFSC,NEFSC_HB1603_DEP3,SHIP_TRACK,2016-07-20T12:00:00Z,39.99641667,-69.99626167,,,,
NEFSC,NEFSC_HB1603_DEP3,SHIP_TRACK,2016-07-20T13:00:00Z,39.87386167,-69.823105,,,,
NEFSC,NEFSC_HB1603_DEP3,SHIP_TRACK,2016-07-20T14:00:00Z,39.780655,-69.63633,,,,
NEFSC,NEFSC_HB1603_DEP3,SHIP_TRACK,2016-07-20T15:00:00Z,39.70327167,-69.56867,,,,
NEFSC,NEFSC_HB1603_DEP3,SHIP_TRACK,2016-07-20T16:00:00Z,39.79512833,-69.487045,,,,
NEFSC,NEFSC_HB1603_DEP3,SHIP_TRACK,2016-07-20T17:00:00Z,39.87137667,-69.42787667,,,,
NEFSC,NEFSC_HB1603_DEP3,SHIP_TRACK,2016-07-20T18:00:00Z,40.01104667,-69.30902,,,,
NEFSC,NEFSC_HB1603_DEP3,SHIP_TRACK,2016-07-20T19:00:00Z,40.15096333,-69.19282333,,,,
NEFSC,NEFSC_HB1603_DEP3,SHIP_TRACK,2016-07-20T20:00:00Z,40.21762167,-69.13663,,,,
NEFSC,NEFSC_HB1603_DEP3,SHIP_TRACK,2016-07-20T21:00:00Z,40.24813,-68.98596833,,,,
NEFSC,NEFSC_HB1603_DEP3,SHIP_TRACK,2016-07-20T22:00:00Z,40.173475,-68.801395,,,,
NEFSC,NEFSC_HB1603_DEP3,SHIP_TRACK,2016-07-21T10:00:00Z,40.169365,-68.79344833,,,,
NEFSC,NEFSC_HB1603_DEP3,SHIP_TRACK,2016-07-21T11:00:00Z,40.11704,-68.666455,,,,
NEFSC,NEFSC_HB1603_DEP3,SHIP_TRACK,2016-07-21T12:00:00Z,40.03620167,-68.47088833,,,,
NEFSC,NEFSC_HB1603_DEP3,SHIP_TRACK,2016-07-21T13:00:00Z,39.97807167,-68.28775333,,,,
NEFSC,NEFSC_HB1603_DEP3,SHIP_TRACK,2016-07-21T14:00:00Z,40.15199667,-68.21756833,,,,
NEFSC,NEFSC_HB1603_DEP3,SHIP_TRACK,2016-07-21T15:00:00Z,40.33064667,-68.14155167,,,,
NEFSC,NEFSC_HB1603_DEP3,SHIP_TRACK,2016-07-21T16:00:00Z,40.329515,-68.13377667,,,,
NEFSC,NEFSC_HB1603_DEP3,SHIP_TRACK,2016-07-21T17:00:00Z,40.40474333,-68.13841167,,,,
NEFSC,NEFSC_HB1603_DEP3,SHIP_TRACK,2016-07-21T18:00:00Z,40.432165,-68.09839333,,,,
NEFSC,NEFSC_HB1603_DEP3,SHIP_TRACK,2016-07-21T19:00:00Z,40.576785,-68.03808,,,,
NEFSC,NEFSC_HB1603_DEP3,SHIP_TRACK,2016-07-21T20:00:00Z,40.52310833,-67.87957167,,,,
NEFSC,NEFSC_HB1603_DEP3,SHIP_TRACK,2016-07-21T21:00:00Z,40.43069833,-67.70491,,,,
NEFSC,NEFSC_HB1603_DEP3,SHIP_TRACK,2016-07-21T22:00:00Z,40.33144333,-67.52100167,,,,
NEFSC,NEFSC_HB1603_DEP3,SHIP_TRACK,2016-07-22T09:00:00Z,40.01391667,-67.663655,,,,
NEFSC,NEFSC_HB1603_DEP3,SHIP_TRACK,2016-07-22T10:00:00Z,40.01011667,-67.65542667,,,,
NEFSC,NEFSC_HB1603_DEP3,SHIP_TRACK,2016-07-22T11:00:00Z,39.94888167,-67.45366,,,,
NEFSC,NEFSC_HB1603_DEP3,SHIP_TRACK,2016-07-22T12:00:00Z,39.88657167,-67.25285167,,,,
NEFSC,NEFSC_HB1603_DEP3,SHIP_TRACK,2016-07-22T13:00:00Z,39.82827667,-67.05236333,,,,
NEFSC,NEFSC_HB1603_DEP3,SHIP_TRACK,2016-07-22T14:00:00Z,39.78102833,-66.905505,,,,
NEFSC,NEFSC_HB1603_DEP3,SHIP_TRACK,2016-07-22T15:00:00Z,39.72324833,-66.71896833,,,,
NEFSC,NEFSC_HB1603_DEP3,SHIP_TRACK,2016-07-22T16:00:00Z,39.69152833,-66.61167667,,,,
NEFSC,NEFSC_HB1603_DEP3,SHIP_TRACK,2016-07-22T17:00:00Z,39.66001167,-66.51844333,,,,
NEFSC,NEFSC_HB1603_DEP3,SHIP_TRACK,2016-07-22T18:00:00Z,39.602055,-66.327415,,,,
NEFSC,NEFSC_HB1603_DEP3,SHIP_TRACK,2016-07-22T19:00:00Z,39.541485,-66.14431833,,,,
NEFSC,NEFSC_HB1603_DEP3,SHIP_TRACK,2016-07-22T20:00:00Z,39.48351833,-65.957175,,,,
NEFSC,NEFSC_HB1603_DEP3,SHIP_TRACK,2016-07-22T21:00:00Z,39.42512667,-65.77053,,,,
NEFSC,NEFSC_HB1603_DEP3,SHIP_TRACK,2016-07-22T22:00:00Z,39.36825333,-65.5901,,,,
NEFSC,NEFSC_HB1603_DEP4,SHIP_TRACK,2016-07-24T10:00:00Z,40.157725,-67.22799667,,,,
NEFSC,NEFSC_HB1603_DEP4,SHIP_TRACK,2016-07-24T11:00:00Z,40.17350333,-67.2183,,,,
NEFSC,NEFSC_HB1603_DEP4,SHIP_TRACK,2016-07-24T12:00:00Z,40.33513167,-67.15654167,,,,
NEFSC,NEFSC_HB1603_DEP4,SHIP_TRACK,2016-07-24T13:00:00Z,40.50236167,-67.09316833,,,,
NEFSC,NEFSC_HB1603_DEP4,SHIP_TRACK,2016-07-24T14:00:00Z,40.65978,-67.03123167,,,,
NEFSC,NEFSC_HB1603_DEP4,SHIP_TRACK,2016-07-24T15:00:00Z,40.783405,-66.98599,,,,
NEFSC,NEFSC_HB1603_DEP4,SHIP_TRACK,2016-07-24T16:00:00Z,40.8225,-66.938455,,,,
NEFSC,NEFSC_HB1603_DEP4,SHIP_TRACK,2016-07-24T17:00:00Z,40.81425167,-66.84420333,,,,
NEFSC,NEFSC_HB1603_DEP4,SHIP_TRACK,2016-07-24T18:00:00Z,40.79053,-66.65913167,,,,
NEFSC,NEFSC_HB1603_DEP4,SHIP_TRACK,2016-07-24T19:00:00Z,40.77595833,-66.55844167,,,,
NEFSC,NEFSC_HB1603_DEP4,SHIP_TRACK,2016-07-24T20:00:00Z,40.75017167,-66.35742333,,,,
NEFSC,NEFSC_HB1603_DEP4,SHIP_TRACK,2016-07-24T21:00:00Z,40.77813667,-66.408935,,,,
NEFSC,NEFSC_HB1603_DEP4,SHIP_TRACK,2016-07-24T22:00:00Z,40.78283333,-66.57247,,,,
NEFSC,NEFSC_HB1603_DEP4,SHIP_TRACK,2016-07-24T23:00:00Z,40.77605167,-66.53980833,,,,
NEFSC,NEFSC_HB1603_DEP4,SHIP_TRACK,2016-07-25T00:00:00Z,40.78485,-66.42136667,,,,
NEFSC,NEFSC_HB1603_DEP4,SHIP_TRACK,2016-07-25T09:00:00Z,40.73781167,-66.307395,,,,
NEFSC,NEFSC_HB1603_DEP4,SHIP_TRACK,2016-07-25T10:00:00Z,40.74587833,-66.30840667,,,,
NEFSC,NEFSC_HB1603_DEP4,SHIP_TRACK,2016-07-25T11:00:00Z,40.91458833,-66.28963,,,,
NEFSC,NEFSC_HB1603_DEP4,SHIP_TRACK,2016-07-25T12:00:00Z,41.08189333,-66.2714,,,,
NEFSC,NEFSC_HB1603_DEP4,SHIP_TRACK,2016-07-25T13:00:00Z,41.233695,-66.25376167,,,,
NEFSC,NEFSC_HB1603_DEP4,SHIP_TRACK,2016-07-25T14:00:00Z,41.37682667,-66.23797667,,,,
NEFSC,NEFSC_HB1603_DEP4,SHIP_TRACK,2016-07-25T15:00:00Z,41.41989,-66.08803333,,,,
NEFSC,NEFSC_HB1603_DEP4,SHIP_TRACK,2016-07-25T16:00:00Z,41.421895,-65.97778667,,,,
NEFSC,NEFSC_HB1603_DEP4,SHIP_TRACK,2016-07-25T17:00:00Z,41.41102833,-65.88688833,,,,
NEFSC,NEFSC_HB1603_DEP4,SHIP_TRACK,2016-07-25T18:00:00Z,41.40132833,-65.68234,,,,
NEFSC,NEFSC_HB1603_DEP4,SHIP_TRACK,2016-07-25T19:00:00Z,41.42893333,-65.51218333,,,,
NEFSC,NEFSC_HB1603_DEP4,SHIP_TRACK,2016-07-25T20:00:00Z,41.58580833,-65.51175667,,,,
NEFSC,NEFSC_HB1603_DEP4,SHIP_TRACK,2016-07-25T21:00:00Z,41.74884667,-65.50782167,,,,
NEFSC,NEFSC_HB1603_DEP4,SHIP_TRACK,2016-07-25T22:00:00Z,41.92852333,-65.49868,,,,
NEFSC,NEFSC_HB1603_DEP4,SHIP_TRACK,2016-07-26T09:00:00Z,41.93019667,-65.499695,,,,
NEFSC,NEFSC_HB1603_DEP4,SHIP_TRACK,2016-07-26T10:00:00Z,41.93680667,-65.50121833,,,,
NEFSC,NEFSC_HB1603_DEP4,SHIP_TRACK,2016-07-26T11:00:00Z,42.08017,-65.47291167,,,,
NEFSC,NEFSC_HB1603_DEP4,SHIP_TRACK,2016-07-26T12:00:00Z,42.04893667,-65.25324333,,,,
NEFSC,NEFSC_HB1603_DEP4,SHIP_TRACK,2016-07-26T13:00:00Z,42.01842167,-65.03943,,,,
NEFSC,NEFSC_HB1603_DEP4,SHIP_TRACK,2016-07-26T14:00:00Z,41.98603,-64.825745,,,,
NEFSC,NEFSC_HB1603_DEP4,SHIP_TRACK,2016-07-26T15:00:00Z,41.88608833,-64.92207833,,,,
NEFSC,NEFSC_HB1603_DEP4,SHIP_TRACK,2016-07-26T16:00:00Z,41.77495,-64.93874333,,,,
NEFSC,NEFSC_HB1603_DEP4,SHIP_TRACK,2016-07-26T17:00:00Z,41.61267333,-64.957985,,,,
NEFSC,NEFSC_HB1603_DEP4,SHIP_TRACK,2016-07-26T18:00:00Z,41.45423333,-64.98011167,,,,
NEFSC,NEFSC_HB1603_DEP4,SHIP_TRACK,2016-07-26T19:00:00Z,41.38871167,-65.01384167,,,,
NEFSC,NEFSC_HB1603_DEP4,SHIP_TRACK,2016-07-26T20:00:00Z,41.53083333,-65.13742667,,,,
NEFSC,NEFSC_HB1603_DEP4,SHIP_TRACK,2016-07-26T21:00:00Z,41.65212167,-65.31353,,,,
NEFSC,NEFSC_HB1603_DEP4,SHIP_TRACK,2016-07-26T22:00:00Z,41.72172833,-65.40842833,,,,
NEFSC,NEFSC_HB1603_DEP4,SHIP_TRACK,2016-07-27T09:00:00Z,42.08720333,-65.51032,,,,
NEFSC,NEFSC_HB1603_DEP4,SHIP_TRACK,2016-07-27T10:00:00Z,42.083615,-65.49726333,,,,
NEFSC,NEFSC_HB1603_DEP4,SHIP_TRACK,2016-07-27T11:00:00Z,42.051555,-65.27694,,,,
NEFSC,NEFSC_HB1603_DEP4,SHIP_TRACK,2016-07-27T12:00:00Z,42.017265,-65.03219667,,,,
NEFSC,NEFSC_HB1603_DEP4,SHIP_TRACK,2016-07-27T13:00:00Z,41.98062667,-64.81749333,,,,
NEFSC,NEFSC_HB1603_DEP4,SHIP_TRACK,2016-07-27T14:00:00Z,41.858335,-64.93068167,,,,
NEFSC,NEFSC_HB1603_DEP4,SHIP_TRACK,2016-07-27T15:00:00Z,41.71294833,-64.94593167,,,,
NEFSC,NEFSC_HB1603_DEP4,SHIP_TRACK,2016-07-27T16:00:00Z,41.65095667,-64.95446333,,,,
NEFSC,NEFSC_HB1603_DEP4,SHIP_TRACK,2016-07-27T17:00:00Z,41.57380833,-64.96091167,,,,
NEFSC,NEFSC_HB1603_DEP4,SHIP_TRACK,2016-07-27T18:00:00Z,41.41067833,-64.97880333,,,,
NEFSC,NEFSC_HB1603_DEP4,SHIP_TRACK,2016-07-27T19:00:00Z,41.27984,-64.94852667,,,,
NEFSC,NEFSC_HB1603_DEP4,SHIP_TRACK,2016-07-27T20:00:00Z,41.19519667,-65.00114667,,,,
NEFSC,NEFSC_HB1603_DEP4,SHIP_TRACK,2016-07-27T21:00:00Z,41.04534667,-65.02536333,,,,
NEFSC,NEFSC_HB1603_DEP4,SHIP_TRACK,2016-07-27T22:00:00Z,40.893465,-65.04338667,,,,
NEFSC,NEFSC_HB1603_DEP4,SHIP_TRACK,2016-07-28T10:00:00Z,40.88735833,-65.034655,,,,
NEFSC,NEFSC_HB1603_DEP4,SHIP_TRACK,2016-07-28T11:00:00Z,40.808115,-65.04077167,,,,
NEFSC,NEFSC_HB1603_DEP4,SHIP_TRACK,2016-07-28T12:00:00Z,40.62063333,-65.05979167,,,,
NEFSC,NEFSC_HB1603_DEP4,SHIP_TRACK,2016-07-28T13:00:00Z,40.43853833,-65.079265,,,,
NEFSC,NEFSC_HB1603_DEP4,SHIP_TRACK,2016-07-28T14:00:00Z,40.27618167,-65.09480667,,,,
NEFSC,NEFSC_HB1603_DEP4,SHIP_TRACK,2016-07-28T15:00:00Z,40.177983330000004,-65.09336,,,,
NEFSC,NEFSC_HB1603_DEP4,SHIP_TRACK,2016-07-28T16:00:00Z,40.11322667,-65.11653833,,,,
NEFSC,NEFSC_HB1603_DEP4,SHIP_TRACK,2016-07-28T17:00:00Z,40.03435333,-65.11935,,,,
NEFSC,NEFSC_HB1603_DEP4,SHIP_TRACK,2016-07-28T18:00:00Z,39.87135667,-65.13759833,,,,
NEFSC,NEFSC_HB1603_DEP4,SHIP_TRACK,2016-07-28T19:00:00Z,39.71182167,-65.15308667,,,,
NEFSC,NEFSC_HB1603_DEP4,SHIP_TRACK,2016-07-28T20:00:00Z,39.55478167,-65.16962333,,,,
NEFSC,NEFSC_HB1603_DEP4,SHIP_TRACK,2016-07-28T21:00:00Z,39.38987167,-65.18536833,,,,
NEFSC,NEFSC_HB1603_DEP4,SHIP_TRACK,2016-07-28T22:00:00Z,39.28181167,-65.24854,,,,
NEFSC,NEFSC_HB1603_DEP4,SHIP_TRACK,2016-07-29T12:00:00Z,39.36002,-65.57887667,,,,
NEFSC,NEFSC_HB1603_DEP4,SHIP_TRACK,2016-07-29T13:00:00Z,39.42569833,-65.77302167,,,,
NEFSC,NEFSC_HB1603_DEP4,SHIP_TRACK,2016-07-29T14:00:00Z,39.489315,-65.97885333,,,,
NEFSC,NEFSC_HB1603_DEP4,SHIP_TRACK,2016-07-29T15:00:00Z,39.53819333,-66.130255,,,,
NEFSC,NEFSC_HB1603_DEP4,SHIP_TRACK,2016-07-29T16:00:00Z,39.50897833,-66.02814833,,,,
NEFSC,NEFSC_HB1603_DEP4,SHIP_TRACK,2016-07-29T17:00:00Z,39.53766667,-66.12946833,,,,
NEFSC,NEFSC_HB1603_DEP4,SHIP_TRACK,2016-07-29T18:00:00Z,39.59898167,-66.32002833,,,,
NEFSC,NEFSC_HB1603_DEP4,SHIP_TRACK,2016-07-29T19:00:00Z,39.65949,-66.51642,,,,
NEFSC,NEFSC_HB1603_DEP4,SHIP_TRACK,2016-07-29T20:00:00Z,39.685145,-66.58542667,,,,
NEFSC,NEFSC_HB1603_DEP4,SHIP_TRACK,2016-07-29T21:00:00Z,39.74043333,-66.77373167,,,,
NEFSC,NEFSC_HB1603_DEP4,SHIP_TRACK,2016-07-29T22:00:00Z,39.79706,-66.957095,,,,
NEFSC,NEFSC_HB1603_DEP4,SHIP_TRACK,2016-07-30T10:00:00Z,40.05312667,-67.9957,,,,
NEFSC,NEFSC_HB1603_DEP4,SHIP_TRACK,2016-07-30T11:00:00Z,39.930055,-68.086005,,,,
NEFSC,NEFSC_HB1603_DEP4,SHIP_TRACK,2016-07-30T12:00:00Z,39.79162,-68.193345,,,,
NEFSC,NEFSC_HB1603_DEP4,SHIP_TRACK,2016-07-30T13:00:00Z,39.6536,-68.30078833,,,,
NEFSC,NEFSC_HB1603_DEP4,SHIP_TRACK,2016-07-30T14:00:00Z,39.57150833,-68.364155,,,,
NEFSC,NEFSC_HB1603_DEP4,SHIP_TRACK,2016-07-30T15:00:00Z,39.43368667,-68.46767167,,,,
NEFSC,NEFSC_HB1603_DEP4,SHIP_TRACK,2016-07-30T16:00:00Z,39.36422,-68.52492167,,,,
NEFSC,NEFSC_HB1603_DEP4,SHIP_TRACK,2016-07-30T17:00:00Z,39.29017333,-68.57595667,,,,
NEFSC,NEFSC_HB1603_DEP4,SHIP_TRACK,2016-07-30T18:00:00Z,39.12916333,-68.69761167,,,,
NEFSC,NEFSC_HB1603_DEP4,SHIP_TRACK,2016-07-30T19:00:00Z,39.033095,-68.770605,,,,
NEFSC,NEFSC_HB1603_DEP4,SHIP_TRACK,2016-07-30T20:00:00Z,38.876425,-68.88667833,,,,
NEFSC,NEFSC_HB1603_DEP4,SHIP_TRACK,2016-07-30T21:00:00Z,38.88944667,-69.066915,,,,
NEFSC,NEFSC_HB1603_DEP4,SHIP_TRACK,2016-07-30T22:00:00Z,38.958685,-69.23720833,,,,
NEFSC,NEFSC_HB1603_DEP4,SHIP_TRACK,2016-07-30T23:00:00Z,38.94547833,-69.18643833,,,,
NEFSC,NEFSC_HB1603_DEP4,SHIP_TRACK,2016-07-31T09:00:00Z,38.94787333,-69.21028167,,,,
NEFSC,NEFSC_HB1603_DEP4,SHIP_TRACK,2016-07-31T10:00:00Z,38.96050833,-69.239555,,,,
NEFSC,NEFSC_HB1603_DEP4,SHIP_TRACK,2016-07-31T11:00:00Z,39.00286833,-69.42047,,,,
NEFSC,NEFSC_HB1603_DEP4,SHIP_TRACK,2016-07-31T12:00:00Z,39.05549167,-69.477675,,,,
NEFSC,NEFSC_HB1603_DEP4,SHIP_TRACK,2016-07-31T13:00:00Z,39.13107333,-69.667575,,,,
NEFSC,NEFSC_HB1603_DEP4,SHIP_TRACK,2016-07-31T14:00:00Z,39.20425,-69.853745,,,,
NEFSC,NEFSC_HB1603_DEP4,SHIP_TRACK,2016-07-31T15:00:00Z,39.27949167,-70.04558167,,,,
NEFSC,NEFSC_HB1603_DEP4,SHIP_TRACK,2016-07-31T16:00:00Z,39.33030833,-70.15632,,,,
NEFSC,NEFSC_HB1603_DEP4,SHIP_TRACK,2016-07-31T17:00:00Z,39.334345,-70.18762333,,,,
NEFSC,NEFSC_HB1603_DEP4,SHIP_TRACK,2016-07-31T18:00:00Z,39.36881667,-70.275755,,,,
NEFSC,NEFSC_HB1603_DEP4,SHIP_TRACK,2016-07-31T19:00:00Z,39.43767,-70.45415333,,,,
NEFSC,NEFSC_HB1603_DEP4,SHIP_TRACK,2016-07-31T20:00:00Z,39.50677833,-70.63689833,,,,
NEFSC,NEFSC_HB1603_DEP4,SHIP_TRACK,2016-07-31T21:00:00Z,39.56836,-70.83333667,,,,
NEFSC,NEFSC_HB1603_DEP4,SHIP_TRACK,2016-07-31T22:00:00Z,39.57585333,-71.01901,,,,
NEFSC,NEFSC_HB1603_DEP4,SHIP_TRACK,2016-08-01T10:00:00Z,39.56118167,-71.04511667,,,,
NEFSC,NEFSC_HB1603_DEP4,SHIP_TRACK,2016-08-01T11:00:00Z,39.57418833,-71.04327667,,,,
NEFSC,NEFSC_HB1603_DEP4,SHIP_TRACK,2016-08-01T12:00:00Z,39.73811167,-70.99040833,,,,
NEFSC,NEFSC_HB1603_DEP4,SHIP_TRACK,2016-08-01T13:00:00Z,39.89278,-70.93964,,,,
NEFSC,NEFSC_HB1603_DEP4,SHIP_TRACK,2016-08-01T14:00:00Z,40.04217333,-70.88938333,,,,
NEFSC,NEFSC_HB1603_DEP4,SHIP_TRACK,2016-08-01T15:00:00Z,40.18069833,-70.84008,,,,
NEFSC,NEFSC_HB1603_DEP4,SHIP_TRACK,2016-08-01T16:00:00Z,40.260995,-70.82326667,,,,
NEFSC,NEFSC_HB1603_DEP4,SHIP_TRACK,2016-08-01T17:00:00Z,40.30173333,-70.78367167,,,,
NEFSC,NEFSC_HB1603_DEP4,SHIP_TRACK,2016-08-01T18:00:00Z,40.18383,-70.657355,,,,
NEFSC,NEFSC_HB1603_DEP4,SHIP_TRACK,2016-08-01T19:00:00Z,40.06818,-70.53240833,,,,
NEFSC,NEFSC_HB1603_DEP4,SHIP_TRACK,2016-08-01T20:00:00Z,39.95500167,-70.40659167,,,,
NEFSC,NEFSC_HB1603_DEP4,SHIP_TRACK,2016-08-01T21:00:00Z,39.835545,-70.28328833,,,,
NEFSC,NEFSC_HB1603_DEP4,SHIP_TRACK,2016-08-01T22:00:00Z,39.71512333,-70.15314,,,,
NEFSC,NEFSC_HB1603_DEP4,SHIP_TRACK,2016-08-02T10:00:00Z,39.76564833,-70.21109,,,,
NEFSC,NEFSC_HB1603_DEP4,SHIP_TRACK,2016-08-02T11:00:00Z,39.659585,-70.09567167,,,,
NEFSC,NEFSC_HB1603_DEP4,SHIP_TRACK,2016-08-02T12:00:00Z,39.67799167,-69.98478833,,,,
NEFSC,NEFSC_HB1603_DEP4,SHIP_TRACK,2016-08-02T13:00:00Z,39.81046667,-69.88618,,,,
NEFSC,NEFSC_HB1603_DEP4,SHIP_TRACK,2016-08-02T14:00:00Z,39.93669667,-69.782975,,,,
NEFSC,NEFSC_HB1603_DEP4,SHIP_TRACK,2016-08-02T15:00:00Z,40.06726667,-69.68148,,,,
NEFSC,NEFSC_HB1603_DEP4,SHIP_TRACK,2016-08-02T16:00:00Z,40.15427833,-69.63958,,,,
NEFSC,NEFSC_HB1603_DEP4,SHIP_TRACK,2016-08-02T17:00:00Z,40.09639167,-69.548905,,,,
NEFSC,NEFSC_HB1603_DEP4,SHIP_TRACK,2016-08-02T18:00:00Z,40.00449833,-69.39019333,,,,
NEFSC,NEFSC_HB1603_DEP4,SHIP_TRACK,2016-08-02T19:00:00Z,39.90728833,-69.22693667,,,,
NEFSC,NEFSC_HB1603_DEP4,SHIP_TRACK,2016-08-02T20:00:00Z,39.82162667,-69.071555,,,,
NEFSC,NEFSC_HB1603_DEP4,SHIP_TRACK,2016-08-02T21:00:00Z,39.78332667,-68.93716667,,,,
NEFSC,NEFSC_HB1603_DEP4,SHIP_TRACK,2016-08-02T22:00:00Z,39.90587667,-68.83551833,,,,
NEFSC,NEFSC_HB1603_DEP4,SHIP_TRACK,2016-08-03T09:00:00Z,39.92833167,-68.85212167,,,,
NEFSC,NEFSC_HB1603_DEP4,SHIP_TRACK,2016-08-03T10:00:00Z,39.91419667,-68.859635,,,,
NEFSC,NEFSC_HB1603_DEP4,SHIP_TRACK,2016-08-03T11:00:00Z,39.77691,-68.944575,,,,
NEFSC,NEFSC_HB1603_DEP4,SHIP_TRACK,2016-08-03T12:00:00Z,39.826275,-69.08798,,,,
NEFSC,NEFSC_HB1603_DEP4,SHIP_TRACK,2016-08-03T13:00:00Z,39.92389,-69.25504833,,,,
NEFSC,NEFSC_HB1603_DEP4,SHIP_TRACK,2016-08-03T14:00:00Z,40.01970167,-69.41904167,,,,
NEFSC,NEFSC_HB1603_DEP4,SHIP_TRACK,2016-08-03T15:00:00Z,40.115905,-69.58118333,,,,
NEFSC,NEFSC_HB1603_DEP4,SHIP_TRACK,2016-08-03T16:00:00Z,40.04112833,-69.70067833,,,,
NEFSC,NEFSC_HB1603_DEP4,SHIP_TRACK,2016-08-03T17:00:00Z,39.90311,-69.80963833,,,,
NEFSC,NEFSC_HB1603_DEP4,SHIP_TRACK,2016-08-03T18:00:00Z,39.765505,-69.91461333,,,,
NEFSC,NEFSC_HB1603_DEP4,SHIP_TRACK,2016-08-03T19:00:00Z,39.63114,-70.01992,,,,
NEFSC,NEFSC_HB1603_DEP4,SHIP_TRACK,2016-08-03T20:00:00Z,39.703115,-70.14366,,,,
NEFSC,NEFSC_HB1603_DEP4,SHIP_TRACK,2016-08-03T21:00:00Z,39.825665,-70.270515,,,,
NEFSC,NEFSC_HB1603_DEP4,SHIP_TRACK,2016-08-03T22:00:00Z,39.946605,-70.39929333,,,,
NEFSC,NEFSC_HB1603_DEP5,SHIP_TRACK,2016-08-11T00:00:00Z,40.76663167,-70.25717833,,,,
NEFSC,NEFSC_HB1603_DEP5,SHIP_TRACK,2016-08-11T10:00:00Z,40.380455,-68.420365,,,,
NEFSC,NEFSC_HB1603_DEP5,SHIP_TRACK,2016-08-11T11:00:00Z,40.35024333,-68.37041,,,,
NEFSC,NEFSC_HB1603_DEP5,SHIP_TRACK,2016-08-11T12:00:00Z,40.24623333,-68.19965667,,,,
NEFSC,NEFSC_HB1603_DEP5,SHIP_TRACK,2016-08-11T13:00:00Z,40.13702833,-68.02334167,,,,
NEFSC,NEFSC_HB1603_DEP5,SHIP_TRACK,2016-08-11T14:00:00Z,40.03167167,-67.85065167,,,,
NEFSC,NEFSC_HB1603_DEP5,SHIP_TRACK,2016-08-11T15:00:00Z,40.16329333,-67.74118,,,,
NEFSC,NEFSC_HB1603_DEP5,SHIP_TRACK,2016-08-11T16:00:00Z,40.22713167,-67.664325,,,,
NEFSC,NEFSC_HB1603_DEP5,SHIP_TRACK,2016-08-11T17:00:00Z,40.22716,-67.67476667,,,,
NEFSC,NEFSC_HB1603_DEP5,SHIP_TRACK,2016-08-11T18:00:00Z,40.36448167,-67.595025,,,,
NEFSC,NEFSC_HB1603_DEP5,SHIP_TRACK,2016-08-11T19:00:00Z,40.50471333,-67.49551333,,,,
NEFSC,NEFSC_HB1603_DEP5,SHIP_TRACK,2016-08-11T20:00:00Z,40.64799167,-67.38343,,,,
NEFSC,NEFSC_HB1603_DEP5,SHIP_TRACK,2016-08-11T21:00:00Z,40.59849667,-67.19833667,,,,
NEFSC,NEFSC_HB1603_DEP5,SHIP_TRACK,2016-08-11T22:00:00Z,40.52395,-67.00551667,,,,
NEFSC,NEFSC_HB1603_DEP5,SHIP_TRACK,2016-08-11T23:00:00Z,40.51838833,-66.99704333,,,,
NEFSC,NEFSC_HB1603_DEP5,SHIP_TRACK,2016-08-12T00:00:00Z,40.53628167,-67.02389167,,,,
NEFSC,NEFSC_HB1603_DEP5,SHIP_TRACK,2016-08-12T01:00:00Z,40.48673167,-66.91087167,,,,
NEFSC,NEFSC_HB1603_DEP5,SHIP_TRACK,2016-08-12T02:00:00Z,40.43489167,-66.72917833,,,,
NEFSC,NEFSC_HB1603_DEP5,SHIP_TRACK,2016-08-12T03:00:00Z,40.60053833,-66.68698,,,,
NEFSC,NEFSC_HB1603_DEP5,SHIP_TRACK,2016-08-12T04:00:00Z,40.75498333,-66.652695,,,,
NEFSC,NEFSC_HB1603_DEP5,SHIP_TRACK,2016-08-12T05:00:00Z,40.89691,-66.62169167,,,,
NEFSC,NEFSC_HB1603_DEP5,SHIP_TRACK,2016-08-12T06:00:00Z,41.043185,-66.587155,,,,
NEFSC,NEFSC_HB1603_DEP5,SHIP_TRACK,2016-08-12T07:00:00Z,41.105245,-66.47031833,,,,
NEFSC,NEFSC_HB1603_DEP5,SHIP_TRACK,2016-08-12T08:00:00Z,41.10427333,-66.2792,,,,
NEFSC,NEFSC_HB1603_DEP5,SHIP_TRACK,2016-08-12T09:00:00Z,41.08365833,-66.134215,,,,
NEFSC,NEFSC_HB1603_DEP5,SHIP_TRACK,2016-08-12T10:00:00Z,41.06140167,-66.15533333,,,,
NEFSC,NEFSC_HB1603_DEP5,SHIP_TRACK,2016-08-12T11:00:00Z,41.08494667,-66.104095,,,,
NEFSC,NEFSC_HB1603_DEP5,SHIP_TRACK,2016-08-12T12:00:00Z,41.07524667,-65.89594,,,,
NEFSC,NEFSC_HB1603_DEP5,SHIP_TRACK,2016-08-12T13:00:00Z,41.23812333,-65.88272,,,,
NEFSC,NEFSC_HB1603_DEP5,SHIP_TRACK,2016-08-12T14:00:00Z,41.40868833,-65.87194,,,,
NEFSC,NEFSC_HB1603_DEP5,SHIP_TRACK,2016-08-12T15:00:00Z,41.56215333,-65.86290167,,,,
NEFSC,NEFSC_HB1603_DEP5,SHIP_TRACK,2016-08-12T16:00:00Z,41.65232167,-65.85212833,,,,
NEFSC,NEFSC_HB1603_DEP5,SHIP_TRACK,2016-08-12T17:00:00Z,41.66453333,-65.83648833,,,,
NEFSC,NEFSC_HB1603_DEP5,SHIP_TRACK,2016-08-12T18:00:00Z,41.671345,-65.83378667,,,,
NEFSC,NEFSC_HB1603_DEP5,SHIP_TRACK,2016-08-12T19:00:00Z,41.684715,-65.82312833,,,,
NEFSC,NEFSC_HB1603_DEP5,SHIP_TRACK,2016-08-12T20:00:00Z,41.67839833,-65.78557167,,,,
NEFSC,NEFSC_HB1603_DEP5,SHIP_TRACK,2016-08-12T21:00:00Z,41.647645,-65.78904167,,,,
NEFSC,NEFSC_HB1603_DEP5,SHIP_TRACK,2016-08-12T22:00:00Z,41.64281,-65.88993833,,,,
NEFSC,NEFSC_HB1603_DEP5,SHIP_TRACK,2016-08-12T23:00:00Z,41.62652,-65.86795167,,,,
NEFSC,NEFSC_HB1603_DEP5,SHIP_TRACK,2016-08-13T00:00:00Z,41.551735,-65.73116667,,,,
NEFSC,NEFSC_HB1603_DEP5,SHIP_TRACK,2016-08-13T01:00:00Z,41.479075,-65.61095167,,,,
NEFSC,NEFSC_HB1603_DEP5,SHIP_TRACK,2016-08-13T10:00:00Z,42.11194333,-65.49534167,,,,
NEFSC,NEFSC_HB1603_DEP5,SHIP_TRACK,2016-08-13T11:00:00Z,42.04456667,-65.499195,,,,
NEFSC,NEFSC_HB1603_DEP5,SHIP_TRACK,2016-08-13T12:00:00Z,41.95708333,-65.50058833,,,,
NEFSC,NEFSC_HB1603_DEP5,SHIP_TRACK,2016-08-13T13:00:00Z,41.83095833,-65.50424667,,,,
NEFSC,NEFSC_HB1603_DEP5,SHIP_TRACK,2016-08-13T14:00:00Z,41.73574833,-65.50476167,,,,
NEFSC,NEFSC_HB1603_DEP5,SHIP_TRACK,2016-08-13T15:00:00Z,41.641515,-65.507775,,,,
NEFSC,NEFSC_HB1603_DEP5,SHIP_TRACK,2016-08-13T16:00:00Z,41.56979667,-65.506635,,,,
NEFSC,NEFSC_HB1603_DEP5,SHIP_TRACK,2016-08-13T17:00:00Z,41.51797167,-65.51330667,,,,
NEFSC,NEFSC_HB1603_DEP5,SHIP_TRACK,2016-08-13T18:00:00Z,41.39014,-65.512185,,,,
NEFSC,NEFSC_HB1603_DEP5,SHIP_TRACK,2016-08-13T19:00:00Z,41.39381,-65.671165,,,,
NEFSC,NEFSC_HB1603_DEP5,SHIP_TRACK,2016-08-13T20:00:00Z,41.40737,-65.850505,,,,
NEFSC,NEFSC_HB1603_DEP5,SHIP_TRACK,2016-08-13T21:00:00Z,41.417555,-66.048995,,,,
NEFSC,NEFSC_HB1603_DEP5,SHIP_TRACK,2016-08-13T22:00:00Z,41.42718,-66.23640333,,,,
NEFSC,NEFSC_HB1603_DEP5,SHIP_TRACK,2016-08-13T23:00:00Z,41.43054333,-66.23804833,,,,
NEFSC,NEFSC_HB1603_DEP5,SHIP_TRACK,2016-08-14T00:00:00Z,41.37743667,-66.23789667,,,,
NEFSC,NEFSC_HB1603_DEP5,SHIP_TRACK,2016-08-14T01:00:00Z,41.24672833,-66.24927167,,,,
NEFSC,NEFSC_HB1603_DEP5,SHIP_TRACK,2016-08-14T02:00:00Z,41.10770833,-66.264975,,,,
NEFSC,NEFSC_HB1603_DEP5,SHIP_TRACK,2016-08-14T03:00:00Z,40.97697167,-66.28175333,,,,
NEFSC,NEFSC_HB1603_DEP5,SHIP_TRACK,2016-08-14T04:00:00Z,40.98732667,-66.23074167,,,,
NEFSC,NEFSC_HB1603_DEP5,SHIP_TRACK,2016-08-14T05:00:00Z,41.09702333,-66.133165,,,,
NEFSC,NEFSC_HB1603_DEP5,SHIP_TRACK,2016-08-14T06:00:00Z,41.21054667,-66.041345,,,,
NEFSC,NEFSC_HB1603_DEP5,SHIP_TRACK,2016-08-14T07:00:00Z,41.31584,-65.95492167,,,,
NEFSC,NEFSC_HB1603_DEP5,SHIP_TRACK,2016-08-14T08:00:00Z,41.41525667,-65.86748333,,,,
NEFSC,NEFSC_HB1603_DEP5,SHIP_TRACK,2016-08-14T09:00:00Z,41.41299,-65.87174333,,,,
NEFSC,NEFSC_HB1603_DEP5,SHIP_TRACK,2016-08-14T10:00:00Z,41.44114167,-65.86455333,,,,
NEFSC,NEFSC_HB1603_DEP5,SHIP_TRACK,2016-08-14T11:00:00Z,41.590835,-65.86084667,,,,
NEFSC,NEFSC_HB1603_DEP5,SHIP_TRACK,2016-08-14T12:00:00Z,41.736285,-65.85093333,,,,
NEFSC,NEFSC_HB1603_DEP5,SHIP_TRACK,2016-08-14T13:00:00Z,41.74380667,-65.66518167,,,,
NEFSC,NEFSC_HB1603_DEP5,SHIP_TRACK,2016-08-14T14:00:00Z,41.72468,-65.45719833,,,,
NEFSC,NEFSC_HB1603_DEP5,SHIP_TRACK,2016-08-14T15:00:00Z,41.70219,-65.239415,,,,
NEFSC,NEFSC_HB1603_DEP5,SHIP_TRACK,2016-08-14T16:00:00Z,41.68570167,-65.14156667,,,,
NEFSC,NEFSC_HB1603_DEP5,SHIP_TRACK,2016-08-14T17:00:00Z,41.72612833,-65.14874167,,,,
NEFSC,NEFSC_HB1603_DEP5,SHIP_TRACK,2016-08-14T18:00:00Z,41.87246667,-65.14654167,,,,
NEFSC,NEFSC_HB1603_DEP5,SHIP_TRACK,2016-08-14T19:00:00Z,42.00946667,-65.148545,,,,
NEFSC,NEFSC_HB1603_DEP5,SHIP_TRACK,2016-08-14T20:00:00Z,42.14980833,-65.16153167,,,,
NEFSC,NEFSC_HB1603_DEP5,SHIP_TRACK,2016-08-14T21:00:00Z,42.24775333,-65.14179833,,,,
NEFSC,NEFSC_HB1603_DEP5,SHIP_TRACK,2016-08-14T22:00:00Z,42.16653667,-65.21123333,,,,
NEFSC,NEFSC_HB1603_DEP5,SHIP_TRACK,2016-08-14T23:00:00Z,42.045205,-65.306415,,,,
NEFSC,NEFSC_HB1603_DEP5,SHIP_TRACK,2016-08-15T00:00:00Z,41.92302833,-65.40289667,,,,
NEFSC,NEFSC_HB1603_DEP5,SHIP_TRACK,2016-08-15T01:00:00Z,41.797935,-65.505505,,,,
NEFSC,NEFSC_HB1603_DEP5,SHIP_TRACK,2016-08-15T02:00:00Z,41.64716333,-65.6198,,,,
NEFSC,NEFSC_HB1603_DEP5,SHIP_TRACK,2016-08-15T03:00:00Z,41.48400333,-65.73065667,,,,
NEFSC,NEFSC_HB1603_DEP5,SHIP_TRACK,2016-08-15T04:00:00Z,41.33537667,-65.84435167,,,,
NEFSC,NEFSC_HB1603_DEP5,SHIP_TRACK,2016-08-15T05:00:00Z,41.239515,-65.93167833,,,,
NEFSC,NEFSC_HB1603_DEP5,SHIP_TRACK,2016-08-15T06:00:00Z,41.12450167,-66.02256,,,,
NEFSC,NEFSC_HB1603_DEP5,SHIP_TRACK,2016-08-15T07:00:00Z,41.00256667,-66.112555,,,,
NEFSC,NEFSC_HB1603_DEP5,SHIP_TRACK,2016-08-15T08:00:00Z,40.87839333,-66.20621833,,,,
NEFSC,NEFSC_HB1603_DEP5,SHIP_TRACK,2016-08-15T09:00:00Z,40.75270667,-66.30239,,,,
NEFSC,NEFSC_HB1603_DEP5,SHIP_TRACK,2016-08-15T10:00:00Z,40.71970667,-66.30995833,,,,
NEFSC,NEFSC_HB1603_DEP5,SHIP_TRACK,2016-08-15T11:00:00Z,40.7518,-66.361495,,,,
NEFSC,NEFSC_HB1603_DEP5,SHIP_TRACK,2016-08-15T12:00:00Z,40.77831667,-66.56045667,,,,
NEFSC,NEFSC_HB1603_DEP5,SHIP_TRACK,2016-08-15T13:00:00Z,40.8037,-66.76163,,,,
NEFSC,NEFSC_HB1603_DEP5,SHIP_TRACK,2016-08-15T14:00:00Z,40.672925,-66.85993,,,,
NEFSC,NEFSC_HB1603_DEP5,SHIP_TRACK,2016-08-15T15:00:00Z,40.54276167,-66.95299833,,,,
NEFSC,NEFSC_HB1603_DEP5,SHIP_TRACK,2016-08-15T16:00:00Z,40.45113,-67.01873833,,,,
NEFSC,NEFSC_HB1603_DEP5,SHIP_TRACK,2016-08-15T17:00:00Z,40.40239167,-67.04682833,,,,
NEFSC,NEFSC_HB1603_DEP5,SHIP_TRACK,2016-08-15T18:00:00Z,40.25961333,-67.13292667,,,,
NEFSC,NEFSC_HB1603_DEP5,SHIP_TRACK,2016-08-15T19:00:00Z,40.18834,-67.25644833,,,,
NEFSC,NEFSC_HB1603_DEP5,SHIP_TRACK,2016-08-15T20:00:00Z,40.27521,-67.408465,,,,
NEFSC,NEFSC_HB1603_DEP5,SHIP_TRACK,2016-08-15T21:00:00Z,40.334705,-67.52572333,,,,
NEFSC,NEFSC_HB1603_DEP5,SHIP_TRACK,2016-08-15T22:00:00Z,40.42241833,-67.69199667,,,,
NEFSC,NEFSC_HB1603_DEP5,SHIP_TRACK,2016-08-15T23:00:00Z,40.424425,-67.76364333,,,,
NEFSC,NEFSC_HB1603_DEP5,SHIP_TRACK,2016-08-16T00:00:00Z,40.377435,-67.98532667,,,,
NEFSC,NEFSC_HB1603_DEP5,SHIP_TRACK,2016-08-16T01:00:00Z,40.33161,-68.20257667,,,,
NEFSC,NEFSC_HB1603_DEP5,SHIP_TRACK,2016-08-16T02:00:00Z,40.29384667,-68.40313,,,,
NEFSC,NEFSC_HB1603_DEP5,SHIP_TRACK,2016-08-16T03:00:00Z,40.255055,-68.59847,,,,
NEFSC,NEFSC_HB1603_DEP5,SHIP_TRACK,2016-08-16T04:00:00Z,40.21455,-68.80521167,,,,
NEFSC,NEFSC_HB1603_DEP5,SHIP_TRACK,2016-08-16T05:00:00Z,40.16244833,-69.01387,,,,
NEFSC,NEFSC_HB1603_DEP5,SHIP_TRACK,2016-08-16T06:00:00Z,40.12525167,-69.23012667,,,,
NEFSC,NEFSC_HB1603_DEP5,SHIP_TRACK,2016-08-16T07:00:00Z,40.07925667,-69.44300333,,,,
NEFSC,NEFSC_HB1603_DEP5,SHIP_TRACK,2016-08-16T08:00:00Z,40.13448333,-69.61252833,,,,
NEFSC,NEFSC_HB1603_DEP5,SHIP_TRACK,2016-08-16T09:00:00Z,40.15572167,-69.63560833,,,,
NEFSC,NEFSC_HB1603_DEP5,SHIP_TRACK,2016-08-16T10:00:00Z,40.14072,-69.62515167,,,,
NEFSC,NEFSC_HB1603_DEP5,SHIP_TRACK,2016-08-16T11:00:00Z,39.99507167,-69.73854167,,,,
NEFSC,NEFSC_HB1603_DEP5,SHIP_TRACK,2016-08-16T12:00:00Z,39.84940833,-69.85150167,,,,
NEFSC,NEFSC_HB1603_DEP5,SHIP_TRACK,2016-08-16T13:00:00Z,39.71237167,-69.95567167,,,,
NEFSC,NEFSC_HB1603_DEP5,SHIP_TRACK,2016-08-16T14:00:00Z,39.63577667,-70.068985,,,,
NEFSC,NEFSC_HB1603_DEP5,SHIP_TRACK,2016-08-16T15:00:00Z,39.75557333,-70.19779833,,,,
NEFSC,NEFSC_HB1603_DEP5,SHIP_TRACK,2016-08-16T16:00:00Z,39.82269167,-70.25170167,,,,
NEFSC,NEFSC_HB1603_DEP5,SHIP_TRACK,2016-08-16T17:00:00Z,39.85539833,-70.31565333,,,,
NEFSC,NEFSC_HB1603_DEP5,SHIP_TRACK,2016-08-16T18:00:00Z,39.97511833,-70.43185667,,,,
NEFSC,NEFSC_HB1603_DEP5,SHIP_TRACK,2016-08-16T19:00:00Z,40.093805,-70.55976667,,,,
NEFSC,NEFSC_HB1603_DEP5,SHIP_TRACK,2016-08-16T20:00:00Z,40.21559333,-70.69370833,,,,
NEFSC,NEFSC_HB1603_DEP5,SHIP_TRACK,2016-08-18T01:00:00Z,39.83455333,-71.37368,,,,
NEFSC,NEFSC_HB1603_DEP5,SHIP_TRACK,2016-08-18T02:00:00Z,39.76766333,-71.38030333,,,,
NEFSC,NEFSC_HB1603_DEP5,SHIP_TRACK,2016-08-18T03:00:00Z,39.61807,-71.39523667,,,,
NEFSC,NEFSC_HB1603_DEP5,SHIP_TRACK,2016-08-18T04:00:00Z,39.60261333,-71.39501,,,,
NEFSC,NEFSC_HB1603_DEP5,SHIP_TRACK,2016-08-18T05:00:00Z,39.75572667,-71.365285,,,,
NEFSC,NEFSC_HB1603_DEP5,SHIP_TRACK,2016-08-18T06:00:00Z,39.900075,-71.33896833,,,,
NEFSC,NEFSC_HB1603_DEP5,SHIP_TRACK,2016-08-18T07:00:00Z,40.04476833,-71.31477167,,,,
NEFSC,NEFSC_HB1603_DEP5,SHIP_TRACK,2016-08-18T08:00:00Z,40.18558167,-71.28617667,,,,
NEFSC,NEFSC_HB1603_DEP5,SHIP_TRACK,2016-08-18T09:00:00Z,40.20429,-71.29059667,,,,
NEFSC,NEFSC_HB1603_DEP5,SHIP_TRACK,2016-08-18T10:00:00Z,40.19182,-71.28231333,,,,
NEFSC,NEFSC_HB1603_DEP5,SHIP_TRACK,2016-08-18T11:00:00Z,40.08028333,-71.139565,,,,
NEFSC,NEFSC_HB1603_DEP5,SHIP_TRACK,2016-08-18T12:00:00Z,39.96922833,-71.00903,,,,
NEFSC,NEFSC_HB1603_DEP5,SHIP_TRACK,2016-08-18T13:00:00Z,39.97207,-71.020795,,,,
NEFSC,NEFSC_HB1603_DEP5,SHIP_TRACK,2016-08-18T14:00:00Z,39.91948667,-70.94045167,,,,
NEFSC,NEFSC_HB1603_DEP5,SHIP_TRACK,2016-08-18T15:00:00Z,39.825745,-70.81951,,,,
NEFSC,NEFSC_HB1603_DEP5,SHIP_TRACK,2016-08-18T16:00:00Z,39.75851167,-70.71762167,,,,
NEFSC,NEFSC_HB1603_DEP5,SHIP_TRACK,2016-08-18T17:00:00Z,39.78366833,-70.75015167,,,,
NEFSC,NEFSC_HB1603_DEP5,SHIP_TRACK,2016-08-18T18:00:00Z,39.67023833,-70.61957167,,,,
NEFSC,NEFSC_HB1603_DEP5,SHIP_TRACK,2016-08-18T19:00:00Z,39.61026833,-70.48878167,,,,
NEFSC,NEFSC_HB1603_DEP5,SHIP_TRACK,2016-08-18T20:00:00Z,39.77354833,-70.44793333,,,,
NEFSC,NEFSC_HB1603_DEP5,SHIP_TRACK,2016-08-18T21:00:00Z,39.93503,-70.40976833,,,,
NEFSC,NEFSC_HB1603_DEP5,SHIP_TRACK,2016-08-18T22:00:00Z,40.09554667,-70.36469167,,,,
NEFSC,NEFSC_HB1603_DEP5,SHIP_TRACK,2016-08-18T23:00:00Z,40.250215,-70.32610333,,,,
NEFSC,NEFSC_HB1603_DEP5,SHIP_TRACK,2016-08-19T00:00:00Z,40.26109833,-70.20970333,,,,
NEFSC,NEFSC_HB1603_DEP5,SHIP_TRACK,2016-08-19T01:00:00Z,40.24651833,-70.00633833,,,,
NEFSC,NEFSC_HB1603_DEP5,SHIP_TRACK,2016-08-19T02:00:00Z,40.22691333,-69.80463667,,,,
NEFSC,NEFSC_HB1603_DEP5,SHIP_TRACK,2016-08-19T03:00:00Z,40.20541833,-69.59944,,,,
NEFSC,NEFSC_HB1603_DEP5,SHIP_TRACK,2016-08-19T04:00:00Z,40.18128333,-69.39646333,,,,
NEFSC,NEFSC_HB1603_DEP5,SHIP_TRACK,2016-08-19T05:00:00Z,40.16094167,-69.19801833,,,,
NEFSC,NEFSC_HB1603_DEP5,SHIP_TRACK,2016-08-19T06:00:00Z,40.14487833,-69.02572167,,,,
NEFSC,NEFSC_HB1603_DEP5,SHIP_TRACK,2016-08-19T07:00:00Z,40.13145833,-68.83854167,,,,
NEFSC,NEFSC_HB1603_DEP5,SHIP_TRACK,2016-08-19T08:00:00Z,40.109495,-68.63092333,,,,
NEFSC,NEFSC_HB1603_DEP5,SHIP_TRACK,2016-08-19T09:00:00Z,40.09765333,-68.491195,,,,
NEFSC,NEFSC_HB1603_DEP5,SHIP_TRACK,2016-08-19T10:00:00Z,40.09493833,-68.486405,,,,
NEFSC,NEFSC_HB1603_DEP5,SHIP_TRACK,2016-08-19T11:00:00Z,40.07834833,-68.32183,,,,
NEFSC,NEFSC_HB1603_DEP5,SHIP_TRACK,2016-08-19T12:00:00Z,40.05963333,-68.12129667,,,,
NEFSC,NEFSC_HB1603_DEP5,SHIP_TRACK,2016-08-19T13:00:00Z,40.03588833,-68.00139167,,,,
NEFSC,NEFSC_HB1603_DEP5,SHIP_TRACK,2016-08-19T14:00:00Z,40.03549333,-67.90278833,,,,
NEFSC,NEFSC_HB1603_DEP5,SHIP_TRACK,2016-08-19T15:00:00Z,40.01369667,-67.69214333,,,,
NEFSC,NEFSC_HB1603_DEP5,SHIP_TRACK,2016-08-19T16:00:00Z,39.97871,-67.58229333,,,,
NEFSC,NEFSC_HB1603_DEP5,SHIP_TRACK,2016-08-19T17:00:00Z,39.959495,-67.48805833,,,,
NEFSC,NEFSC_HB1603_DEP5,SHIP_TRACK,2016-08-19T18:00:00Z,39.91832833,-67.29784667,,,,
NEFSC,NEFSC_HB1603_DEP5,SHIP_TRACK,2016-08-19T19:00:00Z,39.85652167,-67.14741167,,,,
NEFSC,NEFSC_HB1603_DEP5,SHIP_TRACK,2016-08-19T20:00:00Z,39.793985,-66.948525,,,,
NEFSC,NEFSC_HB1603_DEP5,SHIP_TRACK,2016-08-19T21:00:00Z,39.73093,-66.74499833,,,,
NEFSC,NEFSC_HB1603_DEP5,SHIP_TRACK,2016-08-19T22:00:00Z,39.66721667,-66.54118833,,,,
NEFSC,NEFSC_HB1603_DEP5,SHIP_TRACK,2016-08-19T23:00:00Z,39.64647,-66.508055,,,,
NEFSC,NEFSC_HB1603_DEP5,SHIP_TRACK,2016-08-20T00:00:00Z,39.60849667,-66.36117833,,,,
NEFSC,NEFSC_HB1603_DEP5,SHIP_TRACK,2016-08-20T01:00:00Z,39.55567667,-66.19687667,,,,
NEFSC,NEFSC_HB1603_DEP5,SHIP_TRACK,2016-08-20T02:00:00Z,39.561495,-66.05846,,,,
NEFSC,NEFSC_HB1603_DEP5,SHIP_TRACK,2016-08-20T03:00:00Z,39.65916833,-65.976905,,,,
NEFSC,NEFSC_HB1603_DEP5,SHIP_TRACK,2016-08-20T04:00:00Z,39.67535833,-66.02316667,,,,
NEFSC,NEFSC_HB1603_DEP5,SHIP_TRACK,2016-08-20T05:00:00Z,39.721185,-66.188175,,,,
NEFSC,NEFSC_HB1603_DEP5,SHIP_TRACK,2016-08-20T06:00:00Z,39.76536,-66.35368333,,,,
NEFSC,NEFSC_HB1603_DEP5,SHIP_TRACK,2016-08-20T07:00:00Z,39.80875167,-66.51872167,,,,
NEFSC,NEFSC_HB1603_DEP5,SHIP_TRACK,2016-08-20T08:00:00Z,39.70332667,-66.599395,,,,
NEFSC,NEFSC_HB1603_DEP5,SHIP_TRACK,2016-08-20T09:00:00Z,39.666965,-66.56533167,,,,
NEFSC,NEFSC_HB1603_DEP5,SHIP_TRACK,2016-08-20T10:00:00Z,39.667485,-66.542456670000007,,,,
NEFSC,NEFSC_HB1603_DEP5,SHIP_TRACK,2016-08-20T11:00:00Z,39.61070333,-66.36225667,,,,
NEFSC,NEFSC_HB1603_DEP5,SHIP_TRACK,2016-08-20T12:00:00Z,39.55106667,-66.17464833,,,,
NEFSC,NEFSC_HB1603_DEP5,SHIP_TRACK,2016-08-20T13:00:00Z,39.49171333,-65.988395,,,,
NEFSC,NEFSC_HB1603_DEP5,SHIP_TRACK,2016-08-20T14:00:00Z,39.43349333,-65.80548667,,,,
NEFSC,NEFSC_HB1603_DEP5,SHIP_TRACK,2016-08-20T16:00:00Z,39.41488167,-65.74691,,,,
NEFSC,NEFSC_HB1603_DEP5,SHIP_TRACK,2016-08-20T17:00:00Z,39.39027167,-65.66879167,,,,
NEFSC,NEFSC_HB1603_DEP5,SHIP_TRACK,2016-08-20T18:00:00Z,39.32707333,-65.47607333,,,,
NEFSC,NEFSC_HB1603_DEP5,SHIP_TRACK,2016-08-20T19:00:00Z,39.26496833,-65.28283167,,,,
NEFSC,NEFSC_HB1603_DEP5,SHIP_TRACK,2016-08-20T20:00:00Z,39.29719667,-65.22934833,,,,
NEFSC,NEFSC_HB1603_DEP5,SHIP_TRACK,2016-08-20T21:00:00Z,39.44040167,-65.30018333,,,,
NEFSC,NEFSC_HB1603_DEP5,SHIP_TRACK,2016-08-20T22:00:00Z,39.58121667,-65.36690833,,,,
NEFSC,NEFSC_HB1603_DEP5,SHIP_TRACK,2016-08-20T23:00:00Z,39.557515,-65.36124167,,,,
NEFSC,NEFSC_HB1603_DEP5,SHIP_TRACK,2016-08-21T00:00:00Z,39.554785,-65.36632833,,,,
NEFSC,NEFSC_HB1603_DEP5,SHIP_TRACK,2016-08-21T01:00:00Z,39.46057667,-65.36390833,,,,
NEFSC,NEFSC_HB1603_DEP5,SHIP_TRACK,2016-08-21T02:00:00Z,39.44809667,-65.41168333,,,,
NEFSC,NEFSC_HB1603_DEP5,SHIP_TRACK,2016-08-21T03:00:00Z,39.579335,-65.45737667,,,,
NEFSC,NEFSC_HB1603_DEP5,SHIP_TRACK,2016-08-21T04:00:00Z,39.5855,-65.50892833,,,,
NEFSC,NEFSC_HB1603_DEP5,SHIP_TRACK,2016-08-21T05:00:00Z,39.71686167,-65.50679333,,,,
NEFSC,NEFSC_HB1603_DEP5,SHIP_TRACK,2016-08-21T06:00:00Z,39.87579667,-65.56694167,,,,
NEFSC,NEFSC_HB1603_DEP5,SHIP_TRACK,2016-08-21T07:00:00Z,40.037265,-65.61932167,,,,
NEFSC,NEFSC_HB1603_DEP5,SHIP_TRACK,2016-08-21T08:00:00Z,40.196815,-65.67405167,,,,
NEFSC,NEFSC_HB1603_DEP5,SHIP_TRACK,2016-08-21T09:00:00Z,40.23331667,-65.69207667,,,,
NEFSC,NEFSC_HB1603_DEP5,SHIP_TRACK,2016-08-21T10:00:00Z,40.213225,-65.68430167,,,,
NEFSC,NEFSC_HB1603_DEP5,SHIP_TRACK,2016-08-21T11:00:00Z,40.23079333,-65.89658833,,,,
NEFSC,NEFSC_HB1603_DEP5,SHIP_TRACK,2016-08-21T12:00:00Z,40.256805,-66.12151167,,,,
NEFSC,NEFSC_HB1603_DEP5,SHIP_TRACK,2016-08-21T13:00:00Z,40.26638167,-66.27132333,,,,
NEFSC,NEFSC_HB1603_DEP5,SHIP_TRACK,2016-08-21T14:00:00Z,40.28543333,-66.494015,,,,
NEFSC,NEFSC_HB1603_DEP5,SHIP_TRACK,2016-08-21T15:00:00Z,40.287405,-66.67791,,,,
NEFSC,NEFSC_HB1603_DEP5,SHIP_TRACK,2016-08-21T16:00:00Z,40.305955,-66.71092667,,,,
NEFSC,NEFSC_HB1603_DEP5,SHIP_TRACK,2016-08-21T17:00:00Z,40.310615,-66.76458667,,,,
NEFSC,NEFSC_HB1603_DEP5,SHIP_TRACK,2016-08-21T18:00:00Z,40.359035,-66.83475333,,,,
NEFSC,NEFSC_HB1603_DEP5,SHIP_TRACK,2016-08-21T19:00:00Z,40.48418,-66.719225,,,,
NEFSC,NEFSC_HB1603_DEP5,SHIP_TRACK,2016-08-21T20:00:00Z,40.65114667,-66.67795333,,,,
NEFSC,NEFSC_HB1603_DEP5,SHIP_TRACK,2016-08-21T21:00:00Z,40.82061333,-66.63677833,,,,
NEFSC,NEFSC_HB1603_DEP5,SHIP_TRACK,2016-08-21T22:00:00Z,40.97591167,-66.59910167,,,,
NEFSC,NEFSC_HB1603_DEP5,SHIP_TRACK,2016-08-21T23:00:00Z,40.97961,-66.59302833,,,,
NEFSC,NEFSC_HB1603_DEP5,SHIP_TRACK,2016-08-22T00:00:00Z,40.96488,-66.60166333,,,,
NEFSC,NEFSC_HB1603_DEP5,SHIP_TRACK,2016-08-22T01:00:00Z,40.86171167,-66.62675167,,,,
NEFSC,NEFSC_HB1603_DEP5,SHIP_TRACK,2016-08-22T02:00:00Z,40.795645,-66.62492833,,,,
NEFSC,NEFSC_HB1603_DEP5,SHIP_TRACK,2016-08-22T03:00:00Z,40.74399,-66.68013833,,,,
NEFSC,NEFSC_HB1603_DEP5,SHIP_TRACK,2016-08-22T04:00:00Z,40.79545333,-66.670245,,,,
NEFSC,NEFSC_HB1603_DEP5,SHIP_TRACK,2016-08-22T05:00:00Z,40.75097333,-66.65530167,,,,
NEFSC,NEFSC_HB1603_DEP5,SHIP_TRACK,2016-08-22T06:00:00Z,40.67953333,-66.626895,,,,
NEFSC,NEFSC_HB1603_DEP5,SHIP_TRACK,2016-08-22T07:00:00Z,40.70943167,-66.567715,,,,
NEFSC,NEFSC_HB1603_DEP5,SHIP_TRACK,2016-08-22T08:00:00Z,40.73314333,-66.54575,,,,
NEFSC,NEFSC_HB1603_DEP5,SHIP_TRACK,2016-08-22T09:00:00Z,40.72061333,-66.57944833,,,,
NEFSC,NEFSC_HB1603_DEP5,SHIP_TRACK,2016-08-22T10:00:00Z,40.731695,-66.50308333,,,,
NEFSC,NEFSC_HB1603_DEP5,SHIP_TRACK,2016-08-22T11:00:00Z,40.76652667,-66.47396333,,,,
NEFSC,NEFSC_HB1603_DEP5,SHIP_TRACK,2016-08-22T12:00:00Z,40.78680667,-66.66106333,,,,
NEFSC,NEFSC_HB1603_DEP5,SHIP_TRACK,2016-08-22T13:00:00Z,40.79170833,-66.68669167,,,,
NEFSC,NEFSC_HB1603_DEP5,SHIP_TRACK,2016-08-22T14:00:00Z,40.81047833,-66.842385,,,,
NEFSC,NEFSC_HB1603_DEP5,SHIP_TRACK,2016-08-22T15:00:00Z,40.75745333,-66.99480167,,,,
NEFSC,NEFSC_HB1603_DEP5,SHIP_TRACK,2016-08-22T16:00:00Z,40.67619167,-67.03020667,,,,
NEFSC,NEFSC_HB1603_DEP5,SHIP_TRACK,2016-08-22T17:00:00Z,40.61739,-67.04820167,,,,
NEFSC,NEFSC_HB1603_DEP5,SHIP_TRACK,2016-08-22T18:00:00Z,40.46769167,-67.104445,,,,
NEFSC,NEFSC_HB1603_DEP5,SHIP_TRACK,2016-08-22T19:00:00Z,40.318865,-67.16144667,,,,
NEFSC,NEFSC_HB1603_DEP5,SHIP_TRACK,2016-08-22T20:00:00Z,40.19245833,-67.19691,,,,
NEFSC,NEFSC_HB1603_DEP5,SHIP_TRACK,2016-08-22T21:00:00Z,40.20657333,-67.147425,,,,
NEFSC,NEFSC_HB1603_DEP5,SHIP_TRACK,2016-08-22T22:00:00Z,40.21496167,-67.14870833,,,,
NEFSC,NEFSC_HB1603_DEP5,SHIP_TRACK,2016-08-22T23:00:00Z,40.202755,-67.12888833,,,,
NEFSC,NEFSC_HB1603_DEP5,SHIP_TRACK,2016-08-23T07:00:00Z,40.420135,-68.38030167,,,,
NEFSC,NEFSC_HB1603_DEP5,SHIP_TRACK,2016-08-23T08:00:00Z,40.43591167,-68.485585,,,,
NEFSC,NEFSC_HB1603_DEP5,SHIP_TRACK,2016-08-23T09:00:00Z,40.466605,-68.51069833,,,,
NEFSC,NEFSC_HB1603_DEP5,SHIP_TRACK,2016-08-23T10:00:00Z,40.45139167,-68.52232,,,,
NEFSC,NEFSC_HB1603_DEP5,SHIP_TRACK,2016-08-23T11:00:00Z,40.33375,-68.59732333,,,,
NEFSC,NEFSC_HB1603_DEP5,SHIP_TRACK,2016-08-23T12:00:00Z,40.19378333,-68.68644333,,,,
NEFSC,NEFSC_HB1603_DEP5,SHIP_TRACK,2016-08-23T13:00:00Z,40.05866,-68.76988,,,,
NEFSC,NEFSC_HB1603_DEP5,SHIP_TRACK,2016-08-23T14:00:00Z,39.92670333,-68.85447833,,,,
NEFSC,NEFSC_HB1603_DEP5,SHIP_TRACK,2016-08-23T15:00:00Z,39.819135,-68.91293167,,,,
NEFSC,NEFSC_HB1603_DEP5,SHIP_TRACK,2016-08-23T16:00:00Z,39.85351,-68.88236333,,,,
NEFSC,NEFSC_HB1603_DEP5,SHIP_TRACK,2016-08-23T17:00:00Z,39.78319333,-68.94287167,,,,
NEFSC,NEFSC_HB1603_DEP5,SHIP_TRACK,2016-08-23T18:00:00Z,39.82684333,-69.08941333,,,,
NEFSC,NEFSC_HB1603_DEP5,SHIP_TRACK,2016-08-23T19:00:00Z,39.90108667,-69.18876333,,,,
NEFSC,NEFSC_HB1603_DEP5,SHIP_TRACK,2016-08-23T20:00:00Z,39.978365,-69.35325333,,,,
NEFSC,NEFSC_HB1603_DEP5,SHIP_TRACK,2016-08-23T21:00:00Z,40.073775,-69.50802167,,,,
NEFSC,NEFSC_HB1603_DEP5,SHIP_TRACK,2016-08-23T22:00:00Z,40.10036167,-69.655585,,,,
NEFSC,NEFSC_HB1603_DEP5,SHIP_TRACK,2016-08-23T23:00:00Z,40.052735,-69.67224,,,,
NEFSC,NEFSC_HB1603_DEP5,SHIP_TRACK,2016-08-24T00:00:00Z,40.01470667,-69.72131333,,,,
NEFSC,NEFSC_HB1603_DEP5,SHIP_TRACK,2016-08-24T01:00:00Z,39.89539,-69.81515667,,,,
NEFSC,NEFSC_HB1603_DEP5,SHIP_TRACK,2016-08-24T02:00:00Z,39.79155833,-69.89697667,,,,
NEFSC,NEFSC_HB1603_DEP5,SHIP_TRACK,2016-08-24T03:00:00Z,39.76678667,-69.92518,,,,
NEFSC,NEFSC_HB1603_DEP5,SHIP_TRACK,2016-08-24T04:00:00Z,39.76297333,-70.09919333,,,,
NEFSC,NEFSC_HB1603_DEP5,SHIP_TRACK,2016-08-24T05:00:00Z,39.67846833,-70.15452833,,,,
NEFSC,NEFSC_HB1603_DEP5,SHIP_TRACK,2016-08-24T06:00:00Z,39.54514333,-70.14537,,,,
NEFSC,NEFSC_HB1603_DEP5,SHIP_TRACK,2016-08-24T07:00:00Z,39.42706167,-70.139555,,,,
NEFSC,NEFSC_HB1603_DEP5,SHIP_TRACK,2016-08-24T08:00:00Z,39.31375,-70.13113667,,,,
NEFSC,NEFSC_HB1603_DEP5,SHIP_TRACK,2016-08-24T09:00:00Z,39.29223333,-70.13166667,,,,
NEFSC,NEFSC_HB1603_DEP5,SHIP_TRACK,2016-08-24T10:00:00Z,39.28960167,-70.10470667,,,,
NEFSC,NEFSC_HB1603_DEP5,SHIP_TRACK,2016-08-24T11:00:00Z,39.319905,-70.16060833,,,,
NEFSC,NEFSC_HB1603_DEP5,SHIP_TRACK,2016-08-24T12:00:00Z,39.39363833,-70.34647,,,,
NEFSC,NEFSC_HB1603_DEP5,SHIP_TRACK,2016-08-24T13:00:00Z,39.46549667,-70.529365,,,,
NEFSC,NEFSC_HB1603_DEP5,SHIP_TRACK,2016-08-24T14:00:00Z,39.54046333,-70.68411333,,,,
NEFSC,NEFSC_HB1603_DEP5,SHIP_TRACK,2016-08-24T15:00:00Z,39.52605833,-70.747725,,,,
NEFSC,NEFSC_HB1603_DEP5,SHIP_TRACK,2016-08-24T16:00:00Z,39.56973,-70.794375,,,,
NEFSC,NEFSC_HB1603_DEP5,SHIP_TRACK,2016-08-24T17:00:00Z,39.57077,-70.88806833,,,,
NEFSC,NEFSC_HB1603_DEP5,SHIP_TRACK,2016-08-24T18:00:00Z,39.60863667,-71.03157833,,,,
NEFSC,NEFSC_HB1603_DEP5,SHIP_TRACK,2016-08-24T19:00:00Z,39.76854,-70.97972167,,,,
NEFSC,NEFSC_HB1603_DEP5,SHIP_TRACK,2016-08-24T20:00:00Z,39.81490667,-70.96998333,,,,
NEFSC,NEFSC_HB1603_DEP5,SHIP_TRACK,2016-08-24T21:00:00Z,39.86169,-70.93315167,,,,
NEFSC,NEFSC_HB1603_DEP5,SHIP_TRACK,2016-08-24T22:00:00Z,39.97341333,-70.86432667,,,,
