organization_code,deployment_code,analysis_code,recording_codes,analysis_sound_source_codes,analysis_granularity_code,analysis_start_datetime,analysis_end_datetime,analysis_sample_rate_khz,analysis_min_frequency_khz,analysis_max_frequency_khz,analysis_processing_code,analysis_quality_code,analysis_protocol_reference,analysis_dataset_url,analysis_release_data,analysis_release_pacm,detector_codes,analysis_citation_codes,detector_version,detector_json,detector_output_filename,detector_output_uri,analysis_analysts,analysis_json,analysis_comments
SWFSC,SWFSC_NEPAC_20240817_CALCURCEAS_001,BLWH_ANALYSIS,SOUNDTRAP_RECORDING,BLWH,INTERVAL,2024-08-17T19:00:00Z,2024-08-25T13:59:59Z,0.4,0,0.2,POST_PROCESSED,FULLY_VALIDATED,Unpublished,,TRUE,TRUE,DEEP_ACOUSTICS,,,,,,,,
SWFSC,SWFSC_NEPAC_20240817_CALCURCEAS_001,FIWH_ANALYSIS,SOUNDTRAP_RECORDING,FIWH,INTERVAL,2024-08-17T19:00:00Z,2024-08-25T13:59:59Z,0.4,0,0.2,POST_PROCESSED,FULLY_VALIDATED,Unpublished,,TRUE,TRUE,DEEP_ACOUSTICS,,,,,,,,
SWFSC,SWFSC_NEPAC_20240817_CALCURCEAS_001,SEWH_ANALYSIS,SOUNDTRAP_RECORDING,SEWH,INTERVAL,2024-08-17T19:00:00Z,2024-08-25T13:59:59Z,0.4,0,0.2,POST_PROCESSED,FULLY_VALIDATED,Unpublished,,TRUE,TRUE,DEEP_ACOUSTICS,,,,,,,,
SWFSC,SWFSC_NEPAC_20240820_CALCURCEAS_002,BLWH_ANALYSIS,SOUNDTRAP_RECORDING,BLWH,INTERVAL,2024-08-20T11:00:00Z,2024-08-30T02:59:59Z,0.4,0,0.2,POST_PROCESSED,FULLY_VALIDATED,Unpublished,,TRUE,TRUE,DEEP_ACOUSTICS,,,,,,,,
SWFSC,SWFSC_NEPAC_20240820_CALCURCEAS_002,FIWH_ANALYSIS,SOUNDTRAP_RECORDING,FIWH,INTERVAL,2024-08-20T11:00:00Z,2024-08-30T02:59:59Z,0.4,0,0.2,POST_PROCESSED,FULLY_VALIDATED,Unpublished,,TRUE,TRUE,DEEP_ACOUSTICS,,,,,,,,
SWFSC,SWFSC_NEPAC_20240820_CALCURCEAS_002,SEWH_ANALYSIS,SOUNDTRAP_RECORDING,SEWH,INTERVAL,2024-08-20T11:00:00Z,2024-08-30T02:59:59Z,0.4,0,0.2,POST_PROCESSED,FULLY_VALIDATED,Unpublished,,TRUE,TRUE,DEEP_ACOUSTICS,,,,,,,,
SWFSC,SWFSC_NEPAC_20240821_CALCURCEAS_004,BLWH_ANALYSIS,SOUNDTRAP_RECORDING,BLWH,INTERVAL,2024-08-21T03:00:00Z,2024-08-28T04:59:59Z,0.4,0,0.2,POST_PROCESSED,FULLY_VALIDATED,Unpublished,,TRUE,TRUE,DEEP_ACOUSTICS,,,,,,,,
SWFSC,SWFSC_NEPAC_20240821_CALCURCEAS_004,FIWH_ANALYSIS,SOUNDTRAP_RECORDING,FIWH,INTERVAL,2024-08-21T03:00:00Z,2024-08-28T04:59:59Z,0.4,0,0.2,POST_PROCESSED,FULLY_VALIDATED,Unpublished,,TRUE,TRUE,DEEP_ACOUSTICS,,,,,,,,
SWFSC,SWFSC_NEPAC_20240821_CALCURCEAS_004,SEWH_ANALYSIS,SOUNDTRAP_RECORDING,SEWH,INTERVAL,2024-08-21T03:00:00Z,2024-08-28T04:59:59Z,0.4,0,0.2,POST_PROCESSED,FULLY_VALIDATED,Unpublished,,TRUE,TRUE,DEEP_ACOUSTICS,,,,,,,,
SWFSC,SWFSC_NEPAC_20240823_CALCURCEAS_006,BLWH_ANALYSIS,SOUNDTRAP_RECORDING,BLWH,INTERVAL,2024-08-22T23:00:00Z,2024-08-30T16:59:59Z,0.4,0,0.2,POST_PROCESSED,FULLY_VALIDATED,Unpublished,,TRUE,TRUE,DEEP_ACOUSTICS,,,,,,,,
SWFSC,SWFSC_NEPAC_20240823_CALCURCEAS_006,FIWH_ANALYSIS,SOUNDTRAP_RECORDING,FIWH,INTERVAL,2024-08-22T23:00:00Z,2024-08-30T16:59:59Z,0.4,0,0.2,POST_PROCESSED,FULLY_VALIDATED,Unpublished,,TRUE,TRUE,DEEP_ACOUSTICS,,,,,,,,
SWFSC,SWFSC_NEPAC_20240823_CALCURCEAS_006,SEWH_ANALYSIS,SOUNDTRAP_RECORDING,SEWH,INTERVAL,2024-08-22T23:00:00Z,2024-08-30T16:59:59Z,0.4,0,0.2,POST_PROCESSED,FULLY_VALIDATED,Unpublished,,TRUE,TRUE,DEEP_ACOUSTICS,,,,,,,,
SWFSC,SWFSC_NEPAC_20240913_CALCURCEAS_008,BLWH_ANALYSIS,SOUNDTRAP_RECORDING,BLWH,INTERVAL,2024-09-13T22:00:00Z,2024-09-21T00:59:59Z,0.4,0,0.2,POST_PROCESSED,FULLY_VALIDATED,Unpublished,,TRUE,TRUE,DEEP_ACOUSTICS,,,,,,,,
SWFSC,SWFSC_NEPAC_20240913_CALCURCEAS_008,FIWH_ANALYSIS,SOUNDTRAP_RECORDING,FIWH,INTERVAL,2024-09-13T22:00:00Z,2024-09-21T00:59:59Z,0.4,0,0.2,POST_PROCESSED,FULLY_VALIDATED,Unpublished,,TRUE,TRUE,DEEP_ACOUSTICS,,,,,,,,
SWFSC,SWFSC_NEPAC_20240913_CALCURCEAS_008,SEWH_ANALYSIS,SOUNDTRAP_RECORDING,SEWH,INTERVAL,2024-09-13T22:00:00Z,2024-09-21T00:59:59Z,0.4,0,0.2,POST_PROCESSED,FULLY_VALIDATED,Unpublished,,TRUE,TRUE,DEEP_ACOUSTICS,,,,,,,,
SWFSC,SWFSC_NEPAC_20240914_CALCURCEAS_009,BLWH_ANALYSIS,SOUNDTRAP_RECORDING,BLWH,INTERVAL,2024-09-14T14:00:00Z,2024-09-23T21:59:59Z,0.4,0,0.2,POST_PROCESSED,FULLY_VALIDATED,Unpublished,,TRUE,TRUE,DEEP_ACOUSTICS,,,,,,,,
SWFSC,SWFSC_NEPAC_20240914_CALCURCEAS_009,FIWH_ANALYSIS,SOUNDTRAP_RECORDING,FIWH,INTERVAL,2024-09-14T14:00:00Z,2024-09-23T21:59:59Z,0.4,0,0.2,POST_PROCESSED,FULLY_VALIDATED,Unpublished,,TRUE,TRUE,DEEP_ACOUSTICS,,,,,,,,
SWFSC,SWFSC_NEPAC_20240914_CALCURCEAS_009,SEWH_ANALYSIS,SOUNDTRAP_RECORDING,SEWH,INTERVAL,2024-09-14T14:00:00Z,2024-09-23T21:59:59Z,0.4,0,0.2,POST_PROCESSED,FULLY_VALIDATED,Unpublished,,TRUE,TRUE,DEEP_ACOUSTICS,,,,,,,,
SWFSC,SWFSC_NEPAC_20240915_CALCURCEAS_011,BLWH_ANALYSIS,SOUNDTRAP_RECORDING,BLWH,INTERVAL,2024-09-15T17:00:00Z,2024-09-22T14:59:59Z,0.4,0,0.2,POST_PROCESSED,FULLY_VALIDATED,Unpublished,,TRUE,TRUE,DEEP_ACOUSTICS,,,,,,,,
SWFSC,SWFSC_NEPAC_20240915_CALCURCEAS_011,FIWH_ANALYSIS,SOUNDTRAP_RECORDING,FIWH,INTERVAL,2024-09-15T17:00:00Z,2024-09-22T14:59:59Z,0.4,0,0.2,POST_PROCESSED,FULLY_VALIDATED,Unpublished,,TRUE,TRUE,DEEP_ACOUSTICS,,,,,,,,
SWFSC,SWFSC_NEPAC_20240915_CALCURCEAS_011,SEWH_ANALYSIS,SOUNDTRAP_RECORDING,SEWH,INTERVAL,2024-09-15T17:00:00Z,2024-09-22T14:59:59Z,0.4,0,0.2,POST_PROCESSED,FULLY_VALIDATED,Unpublished,,TRUE,TRUE,DEEP_ACOUSTICS,,,,,,,,
SWFSC,SWFSC_NEPAC_20241001_CALCURCEAS_012,BLWH_ANALYSIS,SOUNDTRAP_RECORDING,BLWH,INTERVAL,2024-10-01T23:00:00Z,2024-10-05T03:59:59Z,0.4,0,0.2,POST_PROCESSED,FULLY_VALIDATED,Unpublished,,TRUE,TRUE,DEEP_ACOUSTICS,,,,,,,,
SWFSC,SWFSC_NEPAC_20241001_CALCURCEAS_012,FIWH_ANALYSIS,SOUNDTRAP_RECORDING,FIWH,INTERVAL,2024-10-01T23:00:00Z,2024-10-05T03:59:59Z,0.4,0,0.2,POST_PROCESSED,FULLY_VALIDATED,Unpublished,,TRUE,TRUE,DEEP_ACOUSTICS,,,,,,,,
SWFSC,SWFSC_NEPAC_20241001_CALCURCEAS_012,SEWH_ANALYSIS,SOUNDTRAP_RECORDING,SEWH,INTERVAL,2024-10-01T23:00:00Z,2024-10-05T03:59:59Z,0.4,0,0.2,POST_PROCESSED,FULLY_VALIDATED,Unpublished,,TRUE,TRUE,DEEP_ACOUSTICS,,,,,,,,
SWFSC,SWFSC_NEPAC_20241002_CALCURCEAS_013,BLWH_ANALYSIS,SOUNDTRAP_RECORDING,BLWH,INTERVAL,2024-10-02T01:00:00Z,2024-10-04T04:59:59Z,0.4,0,0.2,POST_PROCESSED,FULLY_VALIDATED,Unpublished,,TRUE,TRUE,DEEP_ACOUSTICS,,,,,,,,
SWFSC,SWFSC_NEPAC_20241002_CALCURCEAS_013,FIWH_ANALYSIS,SOUNDTRAP_RECORDING,FIWH,INTERVAL,2024-10-02T01:00:00Z,2024-10-04T04:59:59Z,0.4,0,0.2,POST_PROCESSED,FULLY_VALIDATED,Unpublished,,TRUE,TRUE,DEEP_ACOUSTICS,,,,,,,,
SWFSC,SWFSC_NEPAC_20241002_CALCURCEAS_013,SEWH_ANALYSIS,SOUNDTRAP_RECORDING,SEWH,INTERVAL,2024-10-02T01:00:00Z,2024-10-04T04:59:59Z,0.4,0,0.2,POST_PROCESSED,FULLY_VALIDATED,Unpublished,,TRUE,TRUE,DEEP_ACOUSTICS,,,,,,,,
SWFSC,SWFSC_NEPAC_20241002_CALCURCEAS_014,BLWH_ANALYSIS,SOUNDTRAP_RECORDING,BLWH,INTERVAL,2024-10-02T01:00:00Z,2024-10-05T02:59:59Z,0.4,0,0.2,POST_PROCESSED,FULLY_VALIDATED,Unpublished,,TRUE,TRUE,DEEP_ACOUSTICS,,,,,,,,
SWFSC,SWFSC_NEPAC_20241002_CALCURCEAS_014,FIWH_ANALYSIS,SOUNDTRAP_RECORDING,FIWH,INTERVAL,2024-10-02T01:00:00Z,2024-10-05T02:59:59Z,0.4,0,0.2,POST_PROCESSED,FULLY_VALIDATED,Unpublished,,TRUE,TRUE,DEEP_ACOUSTICS,,,,,,,,
SWFSC,SWFSC_NEPAC_20241002_CALCURCEAS_014,SEWH_ANALYSIS,SOUNDTRAP_RECORDING,SEWH,INTERVAL,2024-10-02T01:00:00Z,2024-10-05T02:59:59Z,0.4,0,0.2,POST_PROCESSED,FULLY_VALIDATED,Unpublished,,TRUE,TRUE,DEEP_ACOUSTICS,,,,,,,,
SWFSC,SWFSC_NEPAC_20241005_CALCURCEAS_015,BLWH_ANALYSIS,SOUNDTRAP_RECORDING,BLWH,INTERVAL,2024-10-05T14:00:00Z,2024-10-11T14:59:59Z,0.4,0,0.2,POST_PROCESSED,FULLY_VALIDATED,Unpublished,,TRUE,TRUE,DEEP_ACOUSTICS,,,,,,,,
SWFSC,SWFSC_NEPAC_20241005_CALCURCEAS_015,FIWH_ANALYSIS,SOUNDTRAP_RECORDING,FIWH,INTERVAL,2024-10-05T14:00:00Z,2024-10-11T14:59:59Z,0.4,0,0.2,POST_PROCESSED,FULLY_VALIDATED,Unpublished,,TRUE,TRUE,DEEP_ACOUSTICS,,,,,,,,
SWFSC,SWFSC_NEPAC_20241005_CALCURCEAS_015,SEWH_ANALYSIS,SOUNDTRAP_RECORDING,SEWH,INTERVAL,2024-10-05T14:00:00Z,2024-10-11T14:59:59Z,0.4,0,0.2,POST_PROCESSED,FULLY_VALIDATED,Unpublished,,TRUE,TRUE,DEEP_ACOUSTICS,,,,,,,,
SWFSC,SWFSC_NEPAC_20241006_CALCURCEAS_016,BLWH_ANALYSIS,SOUNDTRAP_RECORDING,BLWH,INTERVAL,2024-10-06T02:00:00Z,2024-10-13T16:59:59Z,0.4,0,0.2,POST_PROCESSED,FULLY_VALIDATED,Unpublished,,TRUE,TRUE,DEEP_ACOUSTICS,,,,,,,,
SWFSC,SWFSC_NEPAC_20241006_CALCURCEAS_016,FIWH_ANALYSIS,SOUNDTRAP_RECORDING,FIWH,INTERVAL,2024-10-06T02:00:00Z,2024-10-13T16:59:59Z,0.4,0,0.2,POST_PROCESSED,FULLY_VALIDATED,Unpublished,,TRUE,TRUE,DEEP_ACOUSTICS,,,,,,,,
SWFSC,SWFSC_NEPAC_20241006_CALCURCEAS_016,SEWH_ANALYSIS,SOUNDTRAP_RECORDING,SEWH,INTERVAL,2024-10-06T02:00:00Z,2024-10-13T16:59:59Z,0.4,0,0.2,POST_PROCESSED,FULLY_VALIDATED,Unpublished,,TRUE,TRUE,DEEP_ACOUSTICS,,,,,,,,
SWFSC,SWFSC_NEPAC_20241006_CALCURCEAS_017,BLWH_ANALYSIS,SOUNDTRAP_RECORDING,BLWH,INTERVAL,2024-10-06T14:00:00Z,2024-10-12T14:59:59Z,0.4,0,0.2,POST_PROCESSED,FULLY_VALIDATED,Unpublished,,TRUE,TRUE,DEEP_ACOUSTICS,,,,,,,,
SWFSC,SWFSC_NEPAC_20241006_CALCURCEAS_017,FIWH_ANALYSIS,SOUNDTRAP_RECORDING,FIWH,INTERVAL,2024-10-06T14:00:00Z,2024-10-12T14:59:59Z,0.4,0,0.2,POST_PROCESSED,FULLY_VALIDATED,Unpublished,,TRUE,TRUE,DEEP_ACOUSTICS,,,,,,,,
SWFSC,SWFSC_NEPAC_20241006_CALCURCEAS_017,SEWH_ANALYSIS,SOUNDTRAP_RECORDING,SEWH,INTERVAL,2024-10-06T14:00:00Z,2024-10-12T14:59:59Z,0.4,0,0.2,POST_PROCESSED,FULLY_VALIDATED,Unpublished,,TRUE,TRUE,DEEP_ACOUSTICS,,,,,,,,
SWFSC,SWFSC_NEPAC_20241006_CALCURCEAS_018,BLWH_ANALYSIS,SOUNDTRAP_RECORDING,BLWH,INTERVAL,2024-10-06T23:00:00Z,2024-10-11T21:59:59Z,0.4,0,0.2,POST_PROCESSED,FULLY_VALIDATED,Unpublished,,TRUE,TRUE,DEEP_ACOUSTICS,,,,,,,,
SWFSC,SWFSC_NEPAC_20241006_CALCURCEAS_018,FIWH_ANALYSIS,SOUNDTRAP_RECORDING,FIWH,INTERVAL,2024-10-06T23:00:00Z,2024-10-11T21:59:59Z,0.4,0,0.2,POST_PROCESSED,FULLY_VALIDATED,Unpublished,,TRUE,TRUE,DEEP_ACOUSTICS,,,,,,,,
SWFSC,SWFSC_NEPAC_20241006_CALCURCEAS_018,SEWH_ANALYSIS,SOUNDTRAP_RECORDING,SEWH,INTERVAL,2024-10-06T23:00:00Z,2024-10-11T21:59:59Z,0.4,0,0.2,POST_PROCESSED,FULLY_VALIDATED,Unpublished,,TRUE,TRUE,DEEP_ACOUSTICS,,,,,,,,
SWFSC,SWFSC_NEPAC_20241026_CALCURCEAS_020,BLWH_ANALYSIS,SOUNDTRAP_RECORDING,BLWH,INTERVAL,2024-10-26T14:00:00Z,2024-11-09T09:59:59Z,0.4,0,0.2,POST_PROCESSED,FULLY_VALIDATED,Unpublished,,TRUE,TRUE,DEEP_ACOUSTICS,,,,,,,,
SWFSC,SWFSC_NEPAC_20241026_CALCURCEAS_020,FIWH_ANALYSIS,SOUNDTRAP_RECORDING,FIWH,INTERVAL,2024-10-26T14:00:00Z,2024-11-09T09:59:59Z,0.4,0,0.2,POST_PROCESSED,FULLY_VALIDATED,Unpublished,,TRUE,TRUE,DEEP_ACOUSTICS,,,,,,,,
SWFSC,SWFSC_NEPAC_20241026_CALCURCEAS_020,SEWH_ANALYSIS,SOUNDTRAP_RECORDING,SEWH,INTERVAL,2024-10-26T14:00:00Z,2024-11-09T09:59:59Z,0.4,0,0.2,POST_PROCESSED,FULLY_VALIDATED,Unpublished,,TRUE,TRUE,DEEP_ACOUSTICS,,,,,,,,
SWFSC,SWFSC_NEPAC_20241027_CALCURCEAS_021,BLWH_ANALYSIS,SOUNDTRAP_RECORDING,BLWH,INTERVAL,2024-10-27T01:00:00Z,2024-11-07T14:59:59Z,0.4,0,0.2,POST_PROCESSED,FULLY_VALIDATED,Unpublished,,TRUE,TRUE,DEEP_ACOUSTICS,,,,,,,,
SWFSC,SWFSC_NEPAC_20241027_CALCURCEAS_021,FIWH_ANALYSIS,SOUNDTRAP_RECORDING,FIWH,INTERVAL,2024-10-27T01:00:00Z,2024-11-07T14:59:59Z,0.4,0,0.2,POST_PROCESSED,FULLY_VALIDATED,Unpublished,,TRUE,TRUE,DEEP_ACOUSTICS,,,,,,,,
SWFSC,SWFSC_NEPAC_20241027_CALCURCEAS_021,SEWH_ANALYSIS,SOUNDTRAP_RECORDING,SEWH,INTERVAL,2024-10-27T01:00:00Z,2024-11-07T14:59:59Z,0.4,0,0.2,POST_PROCESSED,FULLY_VALIDATED,Unpublished,,TRUE,TRUE,DEEP_ACOUSTICS,,,,,,,,
SWFSC,SWFSC_NEPAC_20241027_CALCURCEAS_022,BLWH_ANALYSIS,SOUNDTRAP_RECORDING,BLWH,INTERVAL,2024-10-27T14:00:00Z,2024-11-09T07:59:59Z,0.4,0,0.2,POST_PROCESSED,FULLY_VALIDATED,Unpublished,,TRUE,TRUE,DEEP_ACOUSTICS,,,,,,,,
SWFSC,SWFSC_NEPAC_20241027_CALCURCEAS_022,FIWH_ANALYSIS,SOUNDTRAP_RECORDING,FIWH,INTERVAL,2024-10-27T14:00:00Z,2024-11-09T07:59:59Z,0.4,0,0.2,POST_PROCESSED,FULLY_VALIDATED,Unpublished,,TRUE,TRUE,DEEP_ACOUSTICS,,,,,,,,
SWFSC,SWFSC_NEPAC_20241027_CALCURCEAS_022,SEWH_ANALYSIS,SOUNDTRAP_RECORDING,SEWH,INTERVAL,2024-10-27T14:00:00Z,2024-11-09T07:59:59Z,0.4,0,0.2,POST_PROCESSED,FULLY_VALIDATED,Unpublished,,TRUE,TRUE,DEEP_ACOUSTICS,,,,,,,,
SWFSC,SWFSC_NEPAC_20241028_CALCURCEAS_023,BLWH_ANALYSIS,SOUNDTRAP_RECORDING,BLWH,INTERVAL,2024-10-28T00:00:00Z,2024-11-11T06:59:59Z,0.4,0,0.2,POST_PROCESSED,FULLY_VALIDATED,Unpublished,,TRUE,TRUE,DEEP_ACOUSTICS,,,,,,,,
SWFSC,SWFSC_NEPAC_20241028_CALCURCEAS_023,FIWH_ANALYSIS,SOUNDTRAP_RECORDING,FIWH,INTERVAL,2024-10-28T00:00:00Z,2024-11-11T06:59:59Z,0.4,0,0.2,POST_PROCESSED,FULLY_VALIDATED,Unpublished,,TRUE,TRUE,DEEP_ACOUSTICS,,,,,,,,
SWFSC,SWFSC_NEPAC_20241028_CALCURCEAS_023,SEWH_ANALYSIS,SOUNDTRAP_RECORDING,SEWH,INTERVAL,2024-10-28T00:00:00Z,2024-11-11T06:59:59Z,0.4,0,0.2,POST_PROCESSED,FULLY_VALIDATED,Unpublished,,TRUE,TRUE,DEEP_ACOUSTICS,,,,,,,,
SWFSC,SWFSC_NEPAC_20241111_CALCURCEAS_024,BLWH_ANALYSIS,SOUNDTRAP_RECORDING,BLWH,INTERVAL,2024-11-11T01:00:00Z,2024-11-24T15:59:59Z,0.4,0,0.2,POST_PROCESSED,FULLY_VALIDATED,Unpublished,,TRUE,TRUE,DEEP_ACOUSTICS,,,,,,,,
SWFSC,SWFSC_NEPAC_20241111_CALCURCEAS_024,FIWH_ANALYSIS,SOUNDTRAP_RECORDING,FIWH,INTERVAL,2024-11-11T01:00:00Z,2024-11-24T15:59:59Z,0.4,0,0.2,POST_PROCESSED,FULLY_VALIDATED,Unpublished,,TRUE,TRUE,DEEP_ACOUSTICS,,,,,,,,
SWFSC,SWFSC_NEPAC_20241111_CALCURCEAS_024,SEWH_ANALYSIS,SOUNDTRAP_RECORDING,SEWH,INTERVAL,2024-11-11T01:00:00Z,2024-11-24T15:59:59Z,0.4,0,0.2,POST_PROCESSED,FULLY_VALIDATED,Unpublished,,TRUE,TRUE,DEEP_ACOUSTICS,,,,,,,,
SWFSC,SWFSC_NEPAC_20241120_CALCURCEAS_025,BLWH_ANALYSIS,SOUNDTRAP_RECORDING,BLWH,INTERVAL,2024-11-20T16:00:00Z,2024-12-03T17:59:59Z,0.4,0,0.2,POST_PROCESSED,FULLY_VALIDATED,Unpublished,,TRUE,TRUE,DEEP_ACOUSTICS,,,,,,,,
SWFSC,SWFSC_NEPAC_20241120_CALCURCEAS_025,FIWH_ANALYSIS,SOUNDTRAP_RECORDING,FIWH,INTERVAL,2024-11-20T16:00:00Z,2024-12-03T17:59:59Z,0.4,0,0.2,POST_PROCESSED,FULLY_VALIDATED,Unpublished,,TRUE,TRUE,DEEP_ACOUSTICS,,,,,,,,
SWFSC,SWFSC_NEPAC_20241120_CALCURCEAS_025,SEWH_ANALYSIS,SOUNDTRAP_RECORDING,SEWH,INTERVAL,2024-11-20T16:00:00Z,2024-12-03T17:59:59Z,0.4,0,0.2,POST_PROCESSED,FULLY_VALIDATED,Unpublished,,TRUE,TRUE,DEEP_ACOUSTICS,,,,,,,,
SWFSC,SWFSC_NEPAC_20241122_CALCURCEAS_026,BLWH_ANALYSIS,SOUNDTRAP_RECORDING,BLWH,INTERVAL,2024-11-22T14:00:00Z,2024-12-02T23:59:59Z,0.4,0,0.2,POST_PROCESSED,FULLY_VALIDATED,Unpublished,,TRUE,TRUE,DEEP_ACOUSTICS,,,,,,,,
SWFSC,SWFSC_NEPAC_20241122_CALCURCEAS_026,FIWH_ANALYSIS,SOUNDTRAP_RECORDING,FIWH,INTERVAL,2024-11-22T14:00:00Z,2024-12-02T23:59:59Z,0.4,0,0.2,POST_PROCESSED,FULLY_VALIDATED,Unpublished,,TRUE,TRUE,DEEP_ACOUSTICS,,,,,,,,
SWFSC,SWFSC_NEPAC_20241122_CALCURCEAS_026,SEWH_ANALYSIS,SOUNDTRAP_RECORDING,SEWH,INTERVAL,2024-11-22T14:00:00Z,2024-12-02T23:59:59Z,0.4,0,0.2,POST_PROCESSED,FULLY_VALIDATED,Unpublished,,TRUE,TRUE,DEEP_ACOUSTICS,,,,,,,,
SWFSC,SWFSC_NEPAC_20241123_CALCURCEAS_027,BLWH_ANALYSIS,SOUNDTRAP_RECORDING,BLWH,INTERVAL,2024-11-23T16:00:00Z,2024-12-03T06:59:59Z,0.4,0,0.2,POST_PROCESSED,FULLY_VALIDATED,Unpublished,,TRUE,TRUE,DEEP_ACOUSTICS,,,,,,,,
SWFSC,SWFSC_NEPAC_20241123_CALCURCEAS_027,FIWH_ANALYSIS,SOUNDTRAP_RECORDING,FIWH,INTERVAL,2024-11-23T16:00:00Z,2024-12-03T06:59:59Z,0.4,0,0.2,POST_PROCESSED,FULLY_VALIDATED,Unpublished,,TRUE,TRUE,DEEP_ACOUSTICS,,,,,,,,
SWFSC,SWFSC_NEPAC_20241123_CALCURCEAS_027,SEWH_ANALYSIS,SOUNDTRAP_RECORDING,SEWH,INTERVAL,2024-11-23T16:00:00Z,2024-12-03T06:59:59Z,0.4,0,0.2,POST_PROCESSED,FULLY_VALIDATED,Unpublished,,TRUE,TRUE,DEEP_ACOUSTICS,,,,,,,,
