deployment_code,detection_start_datetime,detection_end_datetime,detection_effort_secs,detection_sound_source_code,organization_code,analysis_code,detection_call_type_code,detection_result_code
SWFSC_NEPAC_20240817_CALCURCEAS_001,2024-08-18T15:09:39Z,2024-08-18T15:11:22Z,103,HUBW,SWFSC,BEAKED_ANALYSIS,OD_CLICK_FM,DETECTED
SWFSC_NEPAC_20240817_CALCURCEAS_001,2024-08-18T15:18:18Z,2024-08-18T15:18:24Z,6,HUBW,SWFSC,BEAKED_ANALYSIS,OD_CLICK_FM,DETECTED
SWFSC_NEPAC_20240817_CALCURCEAS_001,2024-08-18T15:23:03Z,2024-08-18T15:23:08Z,5,HUBW,SWFSC,BEAKED_ANALYSIS,OD_CLICK_FM,DETECTED
SWFSC_NEPAC_20240817_CALCURCEAS_001,2024-08-18T19:00:49Z,2024-08-18T19:03:33Z,164,HUBW,SWFSC,BEAKED_ANALYSIS,OD_CLICK_FM,DETECTED
SWFSC_NEPAC_20240817_CALCURCEAS_001,2024-08-18T19:11:18Z,2024-08-18T19:11:29Z,11,HUBW,SWFSC,BEAKED_ANALYSIS,OD_CLICK_FM,DETECTED
SWFSC_NEPAC_20240817_CALCURCEAS_001,2024-08-20T17:22:29Z,2024-08-20T17:27:37Z,308,STBWH,SWFSC,BEAKED_ANALYSIS,OD_CLICK_FM,DETECTED
SWFSC_NEPAC_20240817_CALCURCEAS_001,2024-08-24T18:32:02Z,2024-08-24T18:51:06Z,1144,BBWH,SWFSC,BEAKED_ANALYSIS,OD_CLICK_FM,DETECTED
SWFSC_NEPAC_20240820_CALCURCEAS_002,2024-08-22T01:29:58Z,2024-08-22T01:31:33Z,94,GOBW,SWFSC,BEAKED_ANALYSIS,OD_CLICK_FM,DETECTED
SWFSC_NEPAC_20240820_CALCURCEAS_002,2024-08-24T06:15:22Z,2024-08-24T06:15:33Z,11,STBWH,SWFSC,BEAKED_ANALYSIS,OD_CLICK_FM,DETECTED
SWFSC_NEPAC_20240820_CALCURCEAS_002,2024-08-24T19:39:43Z,2024-08-24T19:39:45Z,2,GOBW,SWFSC,BEAKED_ANALYSIS,OD_CLICK_FM,DETECTED
SWFSC_NEPAC_20240820_CALCURCEAS_002,2024-08-25T02:18:07Z,2024-08-25T02:29:06Z,659,GOBW,SWFSC,BEAKED_ANALYSIS,OD_CLICK_FM,DETECTED
SWFSC_NEPAC_20240820_CALCURCEAS_002,2024-08-25T19:18:05Z,2024-08-25T19:29:11Z,666,GOBW,SWFSC,BEAKED_ANALYSIS,OD_CLICK_FM,DETECTED
SWFSC_NEPAC_20240820_CALCURCEAS_003,2024-08-20T21:35:57Z,2024-08-20T22:01:21Z,1524,GOBW,SWFSC,BEAKED_ANALYSIS,OD_CLICK_FM,DETECTED
SWFSC_NEPAC_20240820_CALCURCEAS_003,2024-08-22T10:02:05Z,2024-08-22T10:07:52Z,347,STBWH,SWFSC,BEAKED_ANALYSIS,OD_CLICK_FM,DETECTED
SWFSC_NEPAC_20240820_CALCURCEAS_003,2024-08-22T10:59:49Z,2024-08-22T10:59:50Z,1,HUBW,SWFSC,BEAKED_ANALYSIS,OD_CLICK_FM,DETECTED
SWFSC_NEPAC_20240820_CALCURCEAS_003,2024-08-22T19:05:17Z,2024-08-22T19:05:49Z,32,GOBW,SWFSC,BEAKED_ANALYSIS,OD_CLICK_FM,DETECTED
SWFSC_NEPAC_20240820_CALCURCEAS_003,2024-08-23T00:01:57Z,2024-08-23T00:23:56Z,1319,GOBW,SWFSC,BEAKED_ANALYSIS,OD_CLICK_FM,DETECTED
SWFSC_NEPAC_20240820_CALCURCEAS_003,2024-08-23T22:11:25Z,2024-08-23T22:21:21Z,595,GOBW,SWFSC,BEAKED_ANALYSIS,OD_CLICK_FM,DETECTED
SWFSC_NEPAC_20240820_CALCURCEAS_003,2024-08-24T10:37:44Z,2024-08-24T11:25:34Z,2871,GOBW,SWFSC,BEAKED_ANALYSIS,OD_CLICK_FM,DETECTED
SWFSC_NEPAC_20240820_CALCURCEAS_003,2024-08-25T22:42:46Z,2024-08-25T22:45:10Z,144,STBWH,SWFSC,BEAKED_ANALYSIS,OD_CLICK_FM,DETECTED
SWFSC_NEPAC_20240820_CALCURCEAS_003,2024-08-29T09:15:28Z,2024-08-29T09:25:07Z,579,STBWH,SWFSC,BEAKED_ANALYSIS,OD_CLICK_FM,DETECTED
SWFSC_NEPAC_20240821_CALCURCEAS_004,2024-08-24T16:55:34Z,2024-08-24T17:18:58Z,1404,GOBW,SWFSC,BEAKED_ANALYSIS,OD_CLICK_FM,DETECTED
SWFSC_NEPAC_20240821_CALCURCEAS_004,2024-08-24T19:23:15Z,2024-08-24T19:35:49Z,754,GOBW,SWFSC,BEAKED_ANALYSIS,OD_CLICK_FM,DETECTED
SWFSC_NEPAC_20240821_CALCURCEAS_004,2024-08-24T21:26:50Z,2024-08-24T21:26:58Z,8,GOBW,SWFSC,BEAKED_ANALYSIS,OD_CLICK_FM,DETECTED
SWFSC_NEPAC_20240821_CALCURCEAS_004,2024-08-27T00:47:58Z,2024-08-27T00:48:01Z,3,GOBW,SWFSC,BEAKED_ANALYSIS,OD_CLICK_FM,DETECTED
SWFSC_NEPAC_20240821_CALCURCEAS_004,2024-08-27T12:40:29Z,2024-08-27T12:40:53Z,24,GOBW,SWFSC,BEAKED_ANALYSIS,OD_CLICK_FM,DETECTED
SWFSC_NEPAC_20240823_CALCURCEAS_006,2024-08-23T15:32:33Z,2024-08-23T15:41:01Z,508,HUBW,SWFSC,BEAKED_ANALYSIS,OD_CLICK_FM,DETECTED
SWFSC_NEPAC_20240823_CALCURCEAS_006,2024-08-26T03:56:13Z,2024-08-26T03:57:06Z,53,GOBW,SWFSC,BEAKED_ANALYSIS,OD_CLICK_FM,DETECTED
SWFSC_NEPAC_20240823_CALCURCEAS_006,2024-08-26T20:22:02Z,2024-08-26T20:26:09Z,246,GOBW,SWFSC,BEAKED_ANALYSIS,OD_CLICK_FM,DETECTED
SWFSC_NEPAC_20240823_CALCURCEAS_006,2024-08-27T13:39:45Z,2024-08-27T13:46:08Z,383,STBWH,SWFSC,BEAKED_ANALYSIS,OD_CLICK_FM,DETECTED
SWFSC_NEPAC_20240823_CALCURCEAS_006,2024-08-27T13:44:36Z,2024-08-27T13:46:48Z,132,GOBW,SWFSC,BEAKED_ANALYSIS,OD_CLICK_FM,DETECTED
SWFSC_NEPAC_20240823_CALCURCEAS_006,2024-08-27T14:05:28Z,2024-08-27T14:20:47Z,919,STBWH,SWFSC,BEAKED_ANALYSIS,OD_CLICK_FM,DETECTED
SWFSC_NEPAC_20240823_CALCURCEAS_006,2024-08-28T00:05:33Z,2024-08-28T00:25:23Z,1190,GOBW,SWFSC,BEAKED_ANALYSIS,OD_CLICK_FM,DETECTED
SWFSC_NEPAC_20240823_CALCURCEAS_006,2024-08-28T21:51:40Z,2024-08-28T21:51:41Z,1,HUBW,SWFSC,BEAKED_ANALYSIS,OD_CLICK_FM,DETECTED
SWFSC_NEPAC_20240823_CALCURCEAS_006,2024-08-28T23:34:11Z,2024-08-28T23:53:32Z,1161,BBWH,SWFSC,BEAKED_ANALYSIS,OD_CLICK_FM,DETECTED
SWFSC_NEPAC_20240823_CALCURCEAS_006,2024-08-30T02:09:30Z,2024-08-30T02:30:37Z,1267,BBWH,SWFSC,BEAKED_ANALYSIS,OD_CLICK_FM,DETECTED
SWFSC_NEPAC_20240913_CALCURCEAS_008,2024-09-14T00:10:17Z,2024-09-14T00:45:44Z,2126,GOBW,SWFSC,BEAKED_ANALYSIS,OD_CLICK_FM,DETECTED
SWFSC_NEPAC_20240913_CALCURCEAS_008,2024-09-14T03:15:29Z,2024-09-14T03:26:58Z,689,HUBW,SWFSC,BEAKED_ANALYSIS,OD_CLICK_FM,DETECTED
SWFSC_NEPAC_20240913_CALCURCEAS_008,2024-09-14T15:49:48Z,2024-09-14T15:50:59Z,71,GOBW,SWFSC,BEAKED_ANALYSIS,OD_CLICK_FM,DETECTED
SWFSC_NEPAC_20240913_CALCURCEAS_008,2024-09-15T02:04:12Z,2024-09-15T02:20:54Z,1002,GOBW,SWFSC,BEAKED_ANALYSIS,OD_CLICK_FM,DETECTED
SWFSC_NEPAC_20240913_CALCURCEAS_008,2024-09-16T06:12:51Z,2024-09-16T06:17:46Z,296,HUBW,SWFSC,BEAKED_ANALYSIS,OD_CLICK_FM,DETECTED
SWFSC_NEPAC_20240913_CALCURCEAS_008,2024-09-16T06:50:55Z,2024-09-16T07:02:12Z,677,STBWH,SWFSC,BEAKED_ANALYSIS,OD_CLICK_FM,DETECTED
SWFSC_NEPAC_20240913_CALCURCEAS_008,2024-09-16T09:15:16Z,2024-09-16T09:18:55Z,219,HUBW,SWFSC,BEAKED_ANALYSIS,OD_CLICK_FM,DETECTED
SWFSC_NEPAC_20240913_CALCURCEAS_008,2024-09-16T10:15:01Z,2024-09-16T10:17:43Z,162,STBWH,SWFSC,BEAKED_ANALYSIS,OD_CLICK_FM,DETECTED
SWFSC_NEPAC_20240913_CALCURCEAS_008,2024-09-16T12:52:11Z,2024-09-16T13:04:46Z,755,HUBW,SWFSC,BEAKED_ANALYSIS,OD_CLICK_FM,DETECTED
SWFSC_NEPAC_20240913_CALCURCEAS_008,2024-09-16T16:36:47Z,2024-09-16T16:59:04Z,1336,BBWH,SWFSC,BEAKED_ANALYSIS,OD_CLICK_FM,DETECTED
SWFSC_NEPAC_20240913_CALCURCEAS_008,2024-09-16T19:24:45Z,2024-09-16T19:38:32Z,826,STBWH,SWFSC,BEAKED_ANALYSIS,OD_CLICK_FM,DETECTED
SWFSC_NEPAC_20240913_CALCURCEAS_008,2024-09-17T04:06:53Z,2024-09-17T04:09:26Z,153,STBWH,SWFSC,BEAKED_ANALYSIS,OD_CLICK_FM,DETECTED
SWFSC_NEPAC_20240913_CALCURCEAS_008,2024-09-17T09:44:18Z,2024-09-17T10:02:25Z,1087,HUBW,SWFSC,BEAKED_ANALYSIS,OD_CLICK_FM,DETECTED
SWFSC_NEPAC_20240913_CALCURCEAS_008,2024-09-17T10:29:16Z,2024-09-17T11:30:19Z,3664,HUBW,SWFSC,BEAKED_ANALYSIS,OD_CLICK_FM,DETECTED
SWFSC_NEPAC_20240913_CALCURCEAS_008,2024-09-17T20:18:20Z,2024-09-17T20:32:58Z,878,HUBW,SWFSC,BEAKED_ANALYSIS,OD_CLICK_FM,DETECTED
SWFSC_NEPAC_20240913_CALCURCEAS_008,2024-09-18T02:35:00Z,2024-09-18T03:09:07Z,2047,GOBW,SWFSC,BEAKED_ANALYSIS,OD_CLICK_FM,DETECTED
SWFSC_NEPAC_20240913_CALCURCEAS_008,2024-09-18T06:03:09Z,2024-09-18T06:03:22Z,13,STBWH,SWFSC,BEAKED_ANALYSIS,OD_CLICK_FM,DETECTED
SWFSC_NEPAC_20240913_CALCURCEAS_008,2024-09-18T07:13:06Z,2024-09-18T07:23:23Z,618,STBWH,SWFSC,BEAKED_ANALYSIS,OD_CLICK_FM,DETECTED
SWFSC_NEPAC_20240913_CALCURCEAS_008,2024-09-18T09:04:09Z,2024-09-18T09:19:34Z,924,GOBW,SWFSC,BEAKED_ANALYSIS,OD_CLICK_FM,DETECTED
SWFSC_NEPAC_20240913_CALCURCEAS_008,2024-09-18T11:12:07Z,2024-09-18T11:17:13Z,306,HUBW,SWFSC,BEAKED_ANALYSIS,OD_CLICK_FM,DETECTED
SWFSC_NEPAC_20240913_CALCURCEAS_008,2024-09-18T22:50:50Z,2024-09-18T23:22:04Z,1874,GOBW,SWFSC,BEAKED_ANALYSIS,OD_CLICK_FM,DETECTED
SWFSC_NEPAC_20240913_CALCURCEAS_008,2024-09-19T01:43:40Z,2024-09-19T01:57:53Z,853,STBWH,SWFSC,BEAKED_ANALYSIS,OD_CLICK_FM,DETECTED
SWFSC_NEPAC_20240913_CALCURCEAS_008,2024-09-19T04:20:57Z,2024-09-19T04:54:09Z,1992,HUBW,SWFSC,BEAKED_ANALYSIS,OD_CLICK_FM,DETECTED
SWFSC_NEPAC_20240913_CALCURCEAS_008,2024-09-19T04:55:52Z,2024-09-19T05:00:56Z,304,HUBW,SWFSC,BEAKED_ANALYSIS,OD_CLICK_FM,DETECTED
SWFSC_NEPAC_20240913_CALCURCEAS_008,2024-09-19T08:50:56Z,2024-09-19T09:11:25Z,1228,HUBW,SWFSC,BEAKED_ANALYSIS,OD_CLICK_FM,DETECTED
SWFSC_NEPAC_20240913_CALCURCEAS_008,2024-09-19T09:06:07Z,2024-09-19T09:06:13Z,6,GOBW,SWFSC,BEAKED_ANALYSIS,OD_CLICK_FM,DETECTED
SWFSC_NEPAC_20240913_CALCURCEAS_008,2024-09-19T09:27:01Z,2024-09-19T09:39:06Z,725,GOBW,SWFSC,BEAKED_ANALYSIS,OD_CLICK_FM,DETECTED
SWFSC_NEPAC_20240913_CALCURCEAS_008,2024-09-19T10:59:25Z,2024-09-19T11:14:38Z,912,STBWH,SWFSC,BEAKED_ANALYSIS,OD_CLICK_FM,DETECTED
SWFSC_NEPAC_20240913_CALCURCEAS_008,2024-09-19T11:52:25Z,2024-09-19T11:52:30Z,5,STBWH,SWFSC,BEAKED_ANALYSIS,OD_CLICK_FM,DETECTED
SWFSC_NEPAC_20240913_CALCURCEAS_008,2024-09-19T14:13:03Z,2024-09-19T14:22:06Z,543,STBWH,SWFSC,BEAKED_ANALYSIS,OD_CLICK_FM,DETECTED
SWFSC_NEPAC_20240913_CALCURCEAS_008,2024-09-19T16:26:33Z,2024-09-19T16:30:05Z,212,HUBW,SWFSC,BEAKED_ANALYSIS,OD_CLICK_FM,DETECTED
SWFSC_NEPAC_20240913_CALCURCEAS_008,2024-09-19T16:45:00Z,2024-09-19T16:57:37Z,758,GOBW,SWFSC,BEAKED_ANALYSIS,OD_CLICK_FM,DETECTED
SWFSC_NEPAC_20240913_CALCURCEAS_008,2024-09-19T21:23:32Z,2024-09-19T21:35:59Z,746,HUBW,SWFSC,BEAKED_ANALYSIS,OD_CLICK_FM,DETECTED
SWFSC_NEPAC_20240913_CALCURCEAS_008,2024-09-19T23:59:54Z,2024-09-20T00:03:15Z,201,STBWH,SWFSC,BEAKED_ANALYSIS,OD_CLICK_FM,DETECTED
SWFSC_NEPAC_20240913_CALCURCEAS_008,2024-09-20T00:34:34Z,2024-09-20T00:50:00Z,926,GOBW,SWFSC,BEAKED_ANALYSIS,OD_CLICK_FM,DETECTED
SWFSC_NEPAC_20240913_CALCURCEAS_008,2024-09-20T00:46:21Z,2024-09-20T00:57:06Z,645,STBWH,SWFSC,BEAKED_ANALYSIS,OD_CLICK_FM,DETECTED
SWFSC_NEPAC_20240913_CALCURCEAS_008,2024-09-20T01:55:29Z,2024-09-20T02:12:08Z,1000,HUBW,SWFSC,BEAKED_ANALYSIS,OD_CLICK_FM,DETECTED
SWFSC_NEPAC_20240913_CALCURCEAS_008,2024-09-20T04:56:02Z,2024-09-20T05:10:10Z,848,STBWH,SWFSC,BEAKED_ANALYSIS,OD_CLICK_FM,DETECTED
SWFSC_NEPAC_20240913_CALCURCEAS_008,2024-09-20T06:36:47Z,2024-09-20T06:42:56Z,369,STBWH,SWFSC,BEAKED_ANALYSIS,OD_CLICK_FM,DETECTED
SWFSC_NEPAC_20240913_CALCURCEAS_008,2024-09-20T11:51:48Z,2024-09-20T12:08:34Z,1006,GOBW,SWFSC,BEAKED_ANALYSIS,OD_CLICK_FM,DETECTED
SWFSC_NEPAC_20240913_CALCURCEAS_008,2024-09-20T14:25:46Z,2024-09-20T15:45:38Z,4792,HUBW,SWFSC,BEAKED_ANALYSIS,OD_CLICK_FM,DETECTED
SWFSC_NEPAC_20240913_CALCURCEAS_008,2024-09-20T17:43:24Z,2024-09-20T17:43:31Z,6,GOBW,SWFSC,BEAKED_ANALYSIS,OD_CLICK_FM,DETECTED
SWFSC_NEPAC_20240913_CALCURCEAS_008,2024-09-20T18:30:48Z,2024-09-20T18:31:14Z,26,HUBW,SWFSC,BEAKED_ANALYSIS,OD_CLICK_FM,DETECTED
SWFSC_NEPAC_20240913_CALCURCEAS_008,2024-09-20T20:16:33Z,2024-09-20T20:24:20Z,467,STBWH,SWFSC,BEAKED_ANALYSIS,OD_CLICK_FM,DETECTED
SWFSC_NEPAC_20240914_CALCURCEAS_009,2024-09-14T15:12:07Z,2024-09-14T15:54:08Z,2521,GOBW,SWFSC,BEAKED_ANALYSIS,OD_CLICK_FM,DETECTED
SWFSC_NEPAC_20240914_CALCURCEAS_009,2024-09-14T15:34:09Z,2024-09-14T15:39:17Z,308,BBWH,SWFSC,BEAKED_ANALYSIS,OD_CLICK_FM,DETECTED
SWFSC_NEPAC_20240914_CALCURCEAS_009,2024-09-14T17:52:12Z,2024-09-14T18:15:36Z,1405,GOBW,SWFSC,BEAKED_ANALYSIS,OD_CLICK_FM,DETECTED
SWFSC_NEPAC_20240914_CALCURCEAS_009,2024-09-15T02:51:39Z,2024-09-15T02:51:42Z,3,GOBW,SWFSC,BEAKED_ANALYSIS,OD_CLICK_FM,DETECTED
SWFSC_NEPAC_20240914_CALCURCEAS_009,2024-09-15T06:58:09Z,2024-09-15T07:02:52Z,284,GOBW,SWFSC,BEAKED_ANALYSIS,OD_CLICK_FM,DETECTED
SWFSC_NEPAC_20240914_CALCURCEAS_009,2024-09-15T09:05:11Z,2024-09-15T09:05:15Z,3,GOBW,SWFSC,BEAKED_ANALYSIS,OD_CLICK_FM,DETECTED
SWFSC_NEPAC_20240914_CALCURCEAS_009,2024-09-15T09:52:14Z,2024-09-15T10:06:58Z,884,HUBW,SWFSC,BEAKED_ANALYSIS,OD_CLICK_FM,DETECTED
SWFSC_NEPAC_20240914_CALCURCEAS_009,2024-09-15T12:19:17Z,2024-09-15T12:19:59Z,42,STBWH,SWFSC,BEAKED_ANALYSIS,OD_CLICK_FM,DETECTED
SWFSC_NEPAC_20240914_CALCURCEAS_009,2024-09-15T15:36:41Z,2024-09-15T15:47:23Z,642,GOBW,SWFSC,BEAKED_ANALYSIS,OD_CLICK_FM,DETECTED
SWFSC_NEPAC_20240914_CALCURCEAS_009,2024-09-15T20:25:01Z,2024-09-15T20:36:21Z,680,STBWH,SWFSC,BEAKED_ANALYSIS,OD_CLICK_FM,DETECTED
SWFSC_NEPAC_20240914_CALCURCEAS_009,2024-09-16T04:15:40Z,2024-09-16T04:29:19Z,819,HUBW,SWFSC,BEAKED_ANALYSIS,OD_CLICK_FM,DETECTED
SWFSC_NEPAC_20240914_CALCURCEAS_009,2024-09-16T17:01:51Z,2024-09-16T17:01:52Z,2,HUBW,SWFSC,BEAKED_ANALYSIS,OD_CLICK_FM,DETECTED
SWFSC_NEPAC_20240914_CALCURCEAS_009,2024-09-16T20:11:14Z,2024-09-16T20:26:52Z,938,HUBW,SWFSC,BEAKED_ANALYSIS,OD_CLICK_FM,DETECTED
SWFSC_NEPAC_20240914_CALCURCEAS_009,2024-09-16T20:18:58Z,2024-09-16T20:29:43Z,645,STBWH,SWFSC,BEAKED_ANALYSIS,OD_CLICK_FM,DETECTED
SWFSC_NEPAC_20240914_CALCURCEAS_009,2024-09-16T21:26:52Z,2024-09-16T21:39:19Z,747,GOBW,SWFSC,BEAKED_ANALYSIS,OD_CLICK_FM,DETECTED
SWFSC_NEPAC_20240914_CALCURCEAS_009,2024-09-17T03:05:39Z,2024-09-17T03:10:14Z,275,HUBW,SWFSC,BEAKED_ANALYSIS,OD_CLICK_FM,DETECTED
SWFSC_NEPAC_20240914_CALCURCEAS_009,2024-09-17T04:59:25Z,2024-09-17T05:16:07Z,1002,HUBW,SWFSC,BEAKED_ANALYSIS,OD_CLICK_FM,DETECTED
SWFSC_NEPAC_20240914_CALCURCEAS_009,2024-09-17T07:24:00Z,2024-09-17T07:55:22Z,1882,BBWH,SWFSC,BEAKED_ANALYSIS,OD_CLICK_FM,DETECTED
SWFSC_NEPAC_20240914_CALCURCEAS_009,2024-09-17T07:29:50Z,2024-09-17T07:59:37Z,1787,STBWH,SWFSC,BEAKED_ANALYSIS,OD_CLICK_FM,DETECTED
SWFSC_NEPAC_20240914_CALCURCEAS_009,2024-09-17T16:06:49Z,2024-09-17T16:21:21Z,872,HUBW,SWFSC,BEAKED_ANALYSIS,OD_CLICK_FM,DETECTED
SWFSC_NEPAC_20240914_CALCURCEAS_009,2024-09-17T16:36:27Z,2024-09-17T16:39:18Z,171,GOBW,SWFSC,BEAKED_ANALYSIS,OD_CLICK_FM,DETECTED
SWFSC_NEPAC_20240914_CALCURCEAS_009,2024-09-17T18:41:21Z,2024-09-17T19:17:19Z,2158,GOBW,SWFSC,BEAKED_ANALYSIS,OD_CLICK_FM,DETECTED
SWFSC_NEPAC_20240914_CALCURCEAS_009,2024-09-18T07:58:04Z,2024-09-18T08:08:32Z,628,HUBW,SWFSC,BEAKED_ANALYSIS,OD_CLICK_FM,DETECTED
SWFSC_NEPAC_20240914_CALCURCEAS_009,2024-09-18T10:49:25Z,2024-09-18T11:02:08Z,763,HUBW,SWFSC,BEAKED_ANALYSIS,OD_CLICK_FM,DETECTED
SWFSC_NEPAC_20240914_CALCURCEAS_009,2024-09-18T13:11:01Z,2024-09-18T13:16:37Z,336,STBWH,SWFSC,BEAKED_ANALYSIS,OD_CLICK_FM,DETECTED
SWFSC_NEPAC_20240914_CALCURCEAS_009,2024-09-18T20:11:34Z,2024-09-18T20:27:25Z,951,GOBW,SWFSC,BEAKED_ANALYSIS,OD_CLICK_FM,DETECTED
SWFSC_NEPAC_20240914_CALCURCEAS_009,2024-09-19T04:57:39Z,2024-09-19T04:58:25Z,46,GOBW,SWFSC,BEAKED_ANALYSIS,OD_CLICK_FM,DETECTED
SWFSC_NEPAC_20240914_CALCURCEAS_009,2024-09-19T05:16:11Z,2024-09-19T05:51:26Z,2115,HUBW,SWFSC,BEAKED_ANALYSIS,OD_CLICK_FM,DETECTED
SWFSC_NEPAC_20240914_CALCURCEAS_009,2024-09-19T21:58:55Z,2024-09-19T22:11:27Z,752,GOBW,SWFSC,BEAKED_ANALYSIS,OD_CLICK_FM,DETECTED
SWFSC_NEPAC_20240914_CALCURCEAS_009,2024-09-20T01:43:44Z,2024-09-20T01:44:46Z,62,HUBW,SWFSC,BEAKED_ANALYSIS,OD_CLICK_FM,DETECTED
SWFSC_NEPAC_20240914_CALCURCEAS_009,2024-09-20T02:06:25Z,2024-09-20T02:19:53Z,808,HUBW,SWFSC,BEAKED_ANALYSIS,OD_CLICK_FM,DETECTED
SWFSC_NEPAC_20240914_CALCURCEAS_009,2024-09-20T07:30:34Z,2024-09-20T07:52:46Z,1331,HUBW,SWFSC,BEAKED_ANALYSIS,OD_CLICK_FM,DETECTED
SWFSC_NEPAC_20240914_CALCURCEAS_009,2024-09-20T14:14:29Z,2024-09-20T14:17:39Z,189,HUBW,SWFSC,BEAKED_ANALYSIS,OD_CLICK_FM,DETECTED
SWFSC_NEPAC_20240914_CALCURCEAS_009,2024-09-20T15:15:21Z,2024-09-20T15:20:05Z,284,HUBW,SWFSC,BEAKED_ANALYSIS,OD_CLICK_FM,DETECTED
SWFSC_NEPAC_20240914_CALCURCEAS_009,2024-09-20T15:42:39Z,2024-09-20T15:43:08Z,29,GOBW,SWFSC,BEAKED_ANALYSIS,OD_CLICK_FM,DETECTED
SWFSC_NEPAC_20240914_CALCURCEAS_009,2024-09-20T16:30:02Z,2024-09-20T16:47:39Z,1057,HUBW,SWFSC,BEAKED_ANALYSIS,OD_CLICK_FM,DETECTED
SWFSC_NEPAC_20240914_CALCURCEAS_009,2024-09-20T16:32:32Z,2024-09-20T16:33:20Z,48,GOBW,SWFSC,BEAKED_ANALYSIS,OD_CLICK_FM,DETECTED
SWFSC_NEPAC_20240914_CALCURCEAS_009,2024-09-20T18:41:47Z,2024-09-20T19:15:41Z,2034,HUBW,SWFSC,BEAKED_ANALYSIS,OD_CLICK_FM,DETECTED
SWFSC_NEPAC_20240914_CALCURCEAS_009,2024-09-20T21:08:15Z,2024-09-20T21:23:06Z,891,HUBW,SWFSC,BEAKED_ANALYSIS,OD_CLICK_FM,DETECTED
SWFSC_NEPAC_20240914_CALCURCEAS_009,2024-09-21T01:53:19Z,2024-09-21T01:53:52Z,33,GOBW,SWFSC,BEAKED_ANALYSIS,OD_CLICK_FM,DETECTED
SWFSC_NEPAC_20240914_CALCURCEAS_009,2024-09-21T06:26:25Z,2024-09-21T06:39:40Z,795,HUBW,SWFSC,BEAKED_ANALYSIS,OD_CLICK_FM,DETECTED
SWFSC_NEPAC_20240914_CALCURCEAS_009,2024-09-21T16:51:53Z,2024-09-21T16:59:19Z,446,STBWH,SWFSC,BEAKED_ANALYSIS,OD_CLICK_FM,DETECTED
SWFSC_NEPAC_20240914_CALCURCEAS_009,2024-09-21T19:29:02Z,2024-09-21T19:32:54Z,232,HUBW,SWFSC,BEAKED_ANALYSIS,OD_CLICK_FM,DETECTED
SWFSC_NEPAC_20240914_CALCURCEAS_009,2024-09-22T06:53:25Z,2024-09-22T07:03:25Z,600,HUBW,SWFSC,BEAKED_ANALYSIS,OD_CLICK_FM,DETECTED
SWFSC_NEPAC_20240914_CALCURCEAS_009,2024-09-22T08:17:33Z,2024-09-22T08:27:15Z,582,STBWH,SWFSC,BEAKED_ANALYSIS,OD_CLICK_FM,DETECTED
SWFSC_NEPAC_20240914_CALCURCEAS_009,2024-09-22T11:16:31Z,2024-09-22T11:24:41Z,490,STBWH,SWFSC,BEAKED_ANALYSIS,OD_CLICK_FM,DETECTED
SWFSC_NEPAC_20240914_CALCURCEAS_009,2024-09-22T11:36:22Z,2024-09-22T11:54:02Z,1060,HUBW,SWFSC,BEAKED_ANALYSIS,OD_CLICK_FM,DETECTED
SWFSC_NEPAC_20240914_CALCURCEAS_009,2024-09-22T23:43:24Z,2024-09-22T23:52:40Z,556,STBWH,SWFSC,BEAKED_ANALYSIS,OD_CLICK_FM,DETECTED
SWFSC_NEPAC_20240914_CALCURCEAS_009,2024-09-23T04:35:59Z,2024-09-23T04:48:32Z,753,STBWH,SWFSC,BEAKED_ANALYSIS,OD_CLICK_FM,DETECTED
SWFSC_NEPAC_20240914_CALCURCEAS_009,2024-09-23T05:47:43Z,2024-09-23T05:59:46Z,723,STBWH,SWFSC,BEAKED_ANALYSIS,OD_CLICK_FM,DETECTED
SWFSC_NEPAC_20240914_CALCURCEAS_009,2024-09-23T08:33:39Z,2024-09-23T08:34:02Z,23,STBWH,SWFSC,BEAKED_ANALYSIS,OD_CLICK_FM,DETECTED
SWFSC_NEPAC_20240914_CALCURCEAS_009,2024-09-23T11:14:27Z,2024-09-23T11:23:48Z,561,STBWH,SWFSC,BEAKED_ANALYSIS,OD_CLICK_FM,DETECTED
SWFSC_NEPAC_20240914_CALCURCEAS_009,2024-09-23T13:21:47Z,2024-09-23T13:23:12Z,85,GOBW,SWFSC,BEAKED_ANALYSIS,OD_CLICK_FM,DETECTED
SWFSC_NEPAC_20240914_CALCURCEAS_009,2024-09-23T14:26:52Z,2024-09-23T14:31:47Z,296,HUBW,SWFSC,BEAKED_ANALYSIS,OD_CLICK_FM,DETECTED
SWFSC_NEPAC_20240914_CALCURCEAS_009,2024-09-23T15:13:27Z,2024-09-23T15:33:40Z,1212,HUBW,SWFSC,BEAKED_ANALYSIS,OD_CLICK_FM,DETECTED
SWFSC_NEPAC_20240914_CALCURCEAS_009,2024-09-23T15:57:40Z,2024-09-23T16:10:08Z,748,HUBW,SWFSC,BEAKED_ANALYSIS,OD_CLICK_FM,DETECTED
SWFSC_NEPAC_20240914_CALCURCEAS_009,2024-09-23T19:54:48Z,2024-09-23T20:06:55Z,727,STBWH,SWFSC,BEAKED_ANALYSIS,OD_CLICK_FM,DETECTED
SWFSC_NEPAC_20240914_CALCURCEAS_009,2024-09-23T20:31:46Z,2024-09-23T20:31:57Z,11,GOBW,SWFSC,BEAKED_ANALYSIS,OD_CLICK_FM,DETECTED
SWFSC_NEPAC_20240914_CALCURCEAS_010,2024-09-14T22:26:29Z,2024-09-14T22:31:40Z,310,STBWH,SWFSC,BEAKED_ANALYSIS,OD_CLICK_FM,DETECTED
SWFSC_NEPAC_20240914_CALCURCEAS_010,2024-09-15T00:56:40Z,2024-09-15T00:56:56Z,16,GOBW,SWFSC,BEAKED_ANALYSIS,OD_CLICK_FM,DETECTED
SWFSC_NEPAC_20240914_CALCURCEAS_010,2024-09-15T03:32:39Z,2024-09-15T03:55:59Z,1401,GOBW,SWFSC,BEAKED_ANALYSIS,OD_CLICK_FM,DETECTED
SWFSC_NEPAC_20240914_CALCURCEAS_010,2024-09-15T03:48:39Z,2024-09-15T04:23:55Z,2116,HUBW,SWFSC,BEAKED_ANALYSIS,OD_CLICK_FM,DETECTED
SWFSC_NEPAC_20240914_CALCURCEAS_010,2024-09-15T10:04:50Z,2024-09-15T10:08:32Z,222,HUBW,SWFSC,BEAKED_ANALYSIS,OD_CLICK_FM,DETECTED
SWFSC_NEPAC_20240914_CALCURCEAS_010,2024-09-15T12:20:45Z,2024-09-15T12:25:01Z,257,BBWH,SWFSC,BEAKED_ANALYSIS,OD_CLICK_FM,DETECTED
SWFSC_NEPAC_20240914_CALCURCEAS_010,2024-09-16T08:44:40Z,2024-09-16T09:03:02Z,1102,GOBW,SWFSC,BEAKED_ANALYSIS,OD_CLICK_FM,DETECTED
SWFSC_NEPAC_20240914_CALCURCEAS_010,2024-09-16T21:32:09Z,2024-09-16T21:53:31Z,1282,GOBW,SWFSC,BEAKED_ANALYSIS,OD_CLICK_FM,DETECTED
SWFSC_NEPAC_20240914_CALCURCEAS_010,2024-09-17T00:52:21Z,2024-09-17T01:02:31Z,610,STBWH,SWFSC,BEAKED_ANALYSIS,OD_CLICK_FM,DETECTED
SWFSC_NEPAC_20240914_CALCURCEAS_010,2024-09-17T01:55:57Z,2024-09-17T02:01:54Z,357,GOBW,SWFSC,BEAKED_ANALYSIS,OD_CLICK_FM,DETECTED
SWFSC_NEPAC_20240914_CALCURCEAS_010,2024-09-17T09:55:59Z,2024-09-17T09:57:05Z,66,GOBW,SWFSC,BEAKED_ANALYSIS,OD_CLICK_FM,DETECTED
SWFSC_NEPAC_20240914_CALCURCEAS_010,2024-09-17T15:11:46Z,2024-09-17T15:17:30Z,344,HUBW,SWFSC,BEAKED_ANALYSIS,OD_CLICK_FM,DETECTED
SWFSC_NEPAC_20240914_CALCURCEAS_010,2024-09-17T16:31:09Z,2024-09-17T16:44:05Z,775,GOBW,SWFSC,BEAKED_ANALYSIS,OD_CLICK_FM,DETECTED
SWFSC_NEPAC_20240914_CALCURCEAS_010,2024-09-18T03:41:42Z,2024-09-18T04:17:13Z,2131,GOBW,SWFSC,BEAKED_ANALYSIS,OD_CLICK_FM,DETECTED
SWFSC_NEPAC_20240914_CALCURCEAS_010,2024-09-18T03:55:29Z,2024-09-18T04:12:56Z,1047,STBWH,SWFSC,BEAKED_ANALYSIS,OD_CLICK_FM,DETECTED
SWFSC_NEPAC_20240914_CALCURCEAS_010,2024-09-18T15:50:17Z,2024-09-18T16:04:40Z,863,STBWH,SWFSC,BEAKED_ANALYSIS,OD_CLICK_FM,DETECTED
SWFSC_NEPAC_20240914_CALCURCEAS_010,2024-09-18T19:09:52Z,2024-09-18T19:18:22Z,510,STBWH,SWFSC,BEAKED_ANALYSIS,OD_CLICK_FM,DETECTED
SWFSC_NEPAC_20240914_CALCURCEAS_010,2024-09-18T20:59:49Z,2024-09-18T21:25:07Z,1517,STBWH,SWFSC,BEAKED_ANALYSIS,OD_CLICK_FM,DETECTED
SWFSC_NEPAC_20240914_CALCURCEAS_010,2024-09-18T22:39:18Z,2024-09-18T22:49:11Z,593,STBWH,SWFSC,BEAKED_ANALYSIS,OD_CLICK_FM,DETECTED
SWFSC_NEPAC_20240914_CALCURCEAS_010,2024-09-18T23:21:30Z,2024-09-18T23:27:28Z,358,STBWH,SWFSC,BEAKED_ANALYSIS,OD_CLICK_FM,DETECTED
SWFSC_NEPAC_20240914_CALCURCEAS_010,2024-09-19T00:18:49Z,2024-09-19T00:22:02Z,193,HUBW,SWFSC,BEAKED_ANALYSIS,OD_CLICK_FM,DETECTED
SWFSC_NEPAC_20240914_CALCURCEAS_010,2024-09-19T00:23:42Z,2024-09-19T00:23:43Z,1,STBWH,SWFSC,BEAKED_ANALYSIS,OD_CLICK_FM,DETECTED
SWFSC_NEPAC_20240914_CALCURCEAS_010,2024-09-19T03:05:52Z,2024-09-19T03:22:42Z,1011,HUBW,SWFSC,BEAKED_ANALYSIS,OD_CLICK_FM,DETECTED
SWFSC_NEPAC_20240914_CALCURCEAS_010,2024-09-19T05:49:35Z,2024-09-19T05:59:28Z,593,GOBW,SWFSC,BEAKED_ANALYSIS,OD_CLICK_FM,DETECTED
SWFSC_NEPAC_20240914_CALCURCEAS_010,2024-09-19T07:38:34Z,2024-09-19T08:08:52Z,1819,HUBW,SWFSC,BEAKED_ANALYSIS,OD_CLICK_FM,DETECTED
SWFSC_NEPAC_20240914_CALCURCEAS_010,2024-09-19T10:05:00Z,2024-09-19T10:09:55Z,295,HUBW,SWFSC,BEAKED_ANALYSIS,OD_CLICK_FM,DETECTED
SWFSC_NEPAC_20240914_CALCURCEAS_010,2024-09-19T10:17:24Z,2024-09-19T10:36:55Z,1171,GOBW,SWFSC,BEAKED_ANALYSIS,OD_CLICK_FM,DETECTED
SWFSC_NEPAC_20240914_CALCURCEAS_010,2024-09-19T12:47:23Z,2024-09-19T13:03:37Z,974,GOBW,SWFSC,BEAKED_ANALYSIS,OD_CLICK_FM,DETECTED
SWFSC_NEPAC_20240914_CALCURCEAS_010,2024-09-19T21:25:00Z,2024-09-19T21:33:58Z,537,GOBW,SWFSC,BEAKED_ANALYSIS,OD_CLICK_FM,DETECTED
SWFSC_NEPAC_20240914_CALCURCEAS_010,2024-09-19T23:37:14Z,2024-09-19T23:43:07Z,353,GOBW,SWFSC,BEAKED_ANALYSIS,OD_CLICK_FM,DETECTED
SWFSC_NEPAC_20240914_CALCURCEAS_010,2024-09-20T01:02:08Z,2024-09-20T01:15:22Z,794,HUBW,SWFSC,BEAKED_ANALYSIS,OD_CLICK_FM,DETECTED
SWFSC_NEPAC_20240914_CALCURCEAS_010,2024-09-20T02:19:05Z,2024-09-20T02:59:25Z,2420,GOBW,SWFSC,BEAKED_ANALYSIS,OD_CLICK_FM,DETECTED
SWFSC_NEPAC_20240914_CALCURCEAS_010,2024-09-20T08:29:52Z,2024-09-20T08:35:26Z,334,STBWH,SWFSC,BEAKED_ANALYSIS,OD_CLICK_FM,DETECTED
SWFSC_NEPAC_20240914_CALCURCEAS_010,2024-09-20T09:30:53Z,2024-09-20T09:38:09Z,436,STBWH,SWFSC,BEAKED_ANALYSIS,OD_CLICK_FM,DETECTED
SWFSC_NEPAC_20240914_CALCURCEAS_010,2024-09-20T15:11:35Z,2024-09-20T15:12:41Z,66,STBWH,SWFSC,BEAKED_ANALYSIS,OD_CLICK_FM,DETECTED
SWFSC_NEPAC_20240914_CALCURCEAS_010,2024-09-20T19:01:58Z,2024-09-20T19:13:53Z,714,HUBW,SWFSC,BEAKED_ANALYSIS,OD_CLICK_FM,DETECTED
SWFSC_NEPAC_20240914_CALCURCEAS_010,2024-09-21T02:39:34Z,2024-09-21T02:39:34Z,1,GOBW,SWFSC,BEAKED_ANALYSIS,OD_CLICK_FM,DETECTED
SWFSC_NEPAC_20240914_CALCURCEAS_010,2024-09-21T03:02:22Z,2024-09-21T03:15:22Z,780,GOBW,SWFSC,BEAKED_ANALYSIS,OD_CLICK_FM,DETECTED
SWFSC_NEPAC_20240914_CALCURCEAS_010,2024-09-21T08:26:28Z,2024-09-21T09:52:06Z,5138,STBWH,SWFSC,BEAKED_ANALYSIS,OD_CLICK_FM,DETECTED
SWFSC_NEPAC_20240914_CALCURCEAS_010,2024-09-21T10:19:44Z,2024-09-21T10:42:26Z,1362,STBWH,SWFSC,BEAKED_ANALYSIS,OD_CLICK_FM,DETECTED
SWFSC_NEPAC_20240914_CALCURCEAS_010,2024-09-21T11:45:09Z,2024-09-21T11:51:07Z,358,STBWH,SWFSC,BEAKED_ANALYSIS,OD_CLICK_FM,DETECTED
SWFSC_NEPAC_20240914_CALCURCEAS_010,2024-09-21T12:29:34Z,2024-09-21T12:31:10Z,96,GOBW,SWFSC,BEAKED_ANALYSIS,OD_CLICK_FM,DETECTED
SWFSC_NEPAC_20240914_CALCURCEAS_010,2024-09-21T14:56:08Z,2024-09-21T15:10:02Z,833,STBWH,SWFSC,BEAKED_ANALYSIS,OD_CLICK_FM,DETECTED
SWFSC_NEPAC_20240914_CALCURCEAS_010,2024-09-21T16:47:16Z,2024-09-21T16:52:11Z,294,HUBW,SWFSC,BEAKED_ANALYSIS,OD_CLICK_FM,DETECTED
SWFSC_NEPAC_20240914_CALCURCEAS_010,2024-09-21T18:09:45Z,2024-09-21T18:38:00Z,1695,HUBW,SWFSC,BEAKED_ANALYSIS,OD_CLICK_FM,DETECTED
SWFSC_NEPAC_20240914_CALCURCEAS_010,2024-09-21T18:27:40Z,2024-09-21T19:15:54Z,2893,GOBW,SWFSC,BEAKED_ANALYSIS,OD_CLICK_FM,DETECTED
SWFSC_NEPAC_20240914_CALCURCEAS_010,2024-09-21T18:53:57Z,2024-09-21T18:53:58Z,1,HUBW,SWFSC,BEAKED_ANALYSIS,OD_CLICK_FM,DETECTED
SWFSC_NEPAC_20240914_CALCURCEAS_010,2024-09-21T22:08:27Z,2024-09-21T22:15:01Z,394,HUBW,SWFSC,BEAKED_ANALYSIS,OD_CLICK_FM,DETECTED
SWFSC_NEPAC_20240914_CALCURCEAS_010,2024-09-21T23:43:17Z,2024-09-21T23:49:10Z,353,GOBW,SWFSC,BEAKED_ANALYSIS,OD_CLICK_FM,DETECTED
SWFSC_NEPAC_20240914_CALCURCEAS_010,2024-09-22T05:25:00Z,2024-09-22T05:25:59Z,59,STBWH,SWFSC,BEAKED_ANALYSIS,OD_CLICK_FM,DETECTED
SWFSC_NEPAC_20240914_CALCURCEAS_010,2024-09-22T07:24:43Z,2024-09-22T07:38:34Z,831,GOBW,SWFSC,BEAKED_ANALYSIS,OD_CLICK_FM,DETECTED
SWFSC_NEPAC_20240914_CALCURCEAS_010,2024-09-22T07:29:00Z,2024-09-22T07:45:34Z,994,HUBW,SWFSC,BEAKED_ANALYSIS,OD_CLICK_FM,DETECTED
SWFSC_NEPAC_20240914_CALCURCEAS_010,2024-09-22T13:47:49Z,2024-09-22T14:03:13Z,924,GOBW,SWFSC,BEAKED_ANALYSIS,OD_CLICK_FM,DETECTED
SWFSC_NEPAC_20240914_CALCURCEAS_010,2024-09-22T14:34:55Z,2024-09-22T14:36:30Z,95,GOBW,SWFSC,BEAKED_ANALYSIS,OD_CLICK_FM,DETECTED
SWFSC_NEPAC_20240914_CALCURCEAS_010,2024-09-22T15:33:17Z,2024-09-22T15:50:47Z,1050,STBWH,SWFSC,BEAKED_ANALYSIS,OD_CLICK_FM,DETECTED
SWFSC_NEPAC_20240914_CALCURCEAS_010,2024-09-22T17:22:39Z,2024-09-22T17:34:11Z,691,GOBW,SWFSC,BEAKED_ANALYSIS,OD_CLICK_FM,DETECTED
SWFSC_NEPAC_20240914_CALCURCEAS_010,2024-09-22T17:56:00Z,2024-09-22T18:18:30Z,1350,STBWH,SWFSC,BEAKED_ANALYSIS,OD_CLICK_FM,DETECTED
SWFSC_NEPAC_20240914_CALCURCEAS_010,2024-09-22T23:19:13Z,2024-09-22T23:26:18Z,425,STBWH,SWFSC,BEAKED_ANALYSIS,OD_CLICK_FM,DETECTED
SWFSC_NEPAC_20240914_CALCURCEAS_010,2024-09-23T02:16:54Z,2024-09-23T02:28:12Z,679,STBWH,SWFSC,BEAKED_ANALYSIS,OD_CLICK_FM,DETECTED
SWFSC_NEPAC_20240914_CALCURCEAS_010,2024-09-23T03:20:55Z,2024-09-23T03:32:38Z,703,STBWH,SWFSC,BEAKED_ANALYSIS,OD_CLICK_FM,DETECTED
SWFSC_NEPAC_20240914_CALCURCEAS_010,2024-09-23T22:41:57Z,2024-09-23T23:03:20Z,1283,GOBW,SWFSC,BEAKED_ANALYSIS,OD_CLICK_FM,DETECTED
SWFSC_NEPAC_20240914_CALCURCEAS_010,2024-09-16T09:27:14Z,2024-09-16T09:35:15Z,481,GOBW,SWFSC,BEAKED_ANALYSIS,OD_CLICK_FM,DETECTED
SWFSC_NEPAC_20240914_CALCURCEAS_010,2024-09-21T22:00:11Z,2024-09-21T22:00:13Z,2,GOBW,SWFSC,BEAKED_ANALYSIS,OD_CLICK_FM,DETECTED
SWFSC_NEPAC_20240915_CALCURCEAS_011,2024-09-17T16:45:39Z,2024-09-17T16:54:50Z,552,GOBW,SWFSC,BEAKED_ANALYSIS,OD_CLICK_FM,DETECTED
SWFSC_NEPAC_20240915_CALCURCEAS_011,2024-09-18T21:46:51Z,2024-09-18T21:49:30Z,158,BBWH,SWFSC,BEAKED_ANALYSIS,OD_CLICK_FM,DETECTED
SWFSC_NEPAC_20240915_CALCURCEAS_011,2024-09-21T01:59:46Z,2024-09-21T02:02:38Z,172,HUBW,SWFSC,BEAKED_ANALYSIS,OD_CLICK_FM,DETECTED
SWFSC_NEPAC_20241005_CALCURCEAS_015,2024-10-06T04:58:50Z,2024-10-06T05:01:39Z,169,GOBW,SWFSC,BEAKED_ANALYSIS,OD_CLICK_FM,DETECTED
SWFSC_NEPAC_20241005_CALCURCEAS_015,2024-10-06T07:32:12Z,2024-10-06T07:42:22Z,610,GOBW,SWFSC,BEAKED_ANALYSIS,OD_CLICK_FM,DETECTED
SWFSC_NEPAC_20241005_CALCURCEAS_015,2024-10-06T18:53:10Z,2024-10-06T18:53:17Z,7,GOBW,SWFSC,BEAKED_ANALYSIS,OD_CLICK_FM,DETECTED
SWFSC_NEPAC_20241005_CALCURCEAS_015,2024-10-07T16:34:32Z,2024-10-07T16:41:25Z,414,GOBW,SWFSC,BEAKED_ANALYSIS,OD_CLICK_FM,DETECTED
SWFSC_NEPAC_20241005_CALCURCEAS_015,2024-10-08T01:46:32Z,2024-10-08T01:55:54Z,562,BBWH,SWFSC,BEAKED_ANALYSIS,OD_CLICK_FM,DETECTED
SWFSC_NEPAC_20241005_CALCURCEAS_015,2024-10-08T02:56:35Z,2024-10-08T02:58:06Z,92,BBWH,SWFSC,BEAKED_ANALYSIS,OD_CLICK_FM,DETECTED
SWFSC_NEPAC_20241005_CALCURCEAS_015,2024-10-08T11:37:46Z,2024-10-08T11:37:46Z,0,GOBW,SWFSC,BEAKED_ANALYSIS,OD_CLICK_FM,DETECTED
SWFSC_NEPAC_20241005_CALCURCEAS_015,2024-10-08T23:30:38Z,2024-10-08T23:39:20Z,523,BBWH,SWFSC,BEAKED_ANALYSIS,OD_CLICK_FM,DETECTED
SWFSC_NEPAC_20241005_CALCURCEAS_015,2024-10-09T02:42:13Z,2024-10-09T02:48:41Z,388,GOBW,SWFSC,BEAKED_ANALYSIS,OD_CLICK_FM,DETECTED
SWFSC_NEPAC_20241005_CALCURCEAS_015,2024-10-09T17:24:42Z,2024-10-09T17:55:24Z,1842,GOBW,SWFSC,BEAKED_ANALYSIS,OD_CLICK_FM,DETECTED
SWFSC_NEPAC_20241005_CALCURCEAS_015,2024-10-10T00:42:00Z,2024-10-10T01:01:31Z,1172,GOBW,SWFSC,BEAKED_ANALYSIS,OD_CLICK_FM,DETECTED
SWFSC_NEPAC_20241005_CALCURCEAS_015,2024-10-10T03:29:26Z,2024-10-10T03:37:17Z,471,GOBW,SWFSC,BEAKED_ANALYSIS,OD_CLICK_FM,DETECTED
SWFSC_NEPAC_20241005_CALCURCEAS_015,2024-10-10T09:07:45Z,2024-10-10T09:19:47Z,722,BBWH,SWFSC,BEAKED_ANALYSIS,OD_CLICK_FM,DETECTED
SWFSC_NEPAC_20241005_CALCURCEAS_015,2024-10-10T16:41:24Z,2024-10-10T16:57:17Z,953,STBWH,SWFSC,BEAKED_ANALYSIS,OD_CLICK_FM,DETECTED
SWFSC_NEPAC_20241005_CALCURCEAS_015,2024-10-10T19:04:33Z,2024-10-10T19:06:25Z,112,GOBW,SWFSC,BEAKED_ANALYSIS,OD_CLICK_FM,DETECTED
SWFSC_NEPAC_20241005_CALCURCEAS_015,2024-10-10T23:09:35Z,2024-10-10T23:10:48Z,73,GOBW,SWFSC,BEAKED_ANALYSIS,OD_CLICK_FM,DETECTED
SWFSC_NEPAC_20241005_CALCURCEAS_015,2024-10-11T01:45:15Z,2024-10-11T02:04:12Z,1136,GOBW,SWFSC,BEAKED_ANALYSIS,OD_CLICK_FM,DETECTED
SWFSC_NEPAC_20241005_CALCURCEAS_015,2024-10-11T04:30:41Z,2024-10-11T04:30:53Z,12,GOBW,SWFSC,BEAKED_ANALYSIS,OD_CLICK_FM,DETECTED
SWFSC_NEPAC_20241005_CALCURCEAS_015,2024-10-11T08:39:43Z,2024-10-11T08:52:56Z,792,STBWH,SWFSC,BEAKED_ANALYSIS,OD_CLICK_FM,DETECTED
SWFSC_NEPAC_20241006_CALCURCEAS_016,2024-10-06T03:44:35Z,2024-10-06T03:55:29Z,655,STBWH,SWFSC,BEAKED_ANALYSIS,OD_CLICK_FM,DETECTED
SWFSC_NEPAC_20241006_CALCURCEAS_016,2024-10-06T04:37:33Z,2024-10-06T05:02:01Z,1468,GOBW,SWFSC,BEAKED_ANALYSIS,OD_CLICK_FM,DETECTED
SWFSC_NEPAC_20241006_CALCURCEAS_016,2024-10-07T01:21:03Z,2024-10-07T01:46:33Z,1531,GOBW,SWFSC,BEAKED_ANALYSIS,OD_CLICK_FM,DETECTED
SWFSC_NEPAC_20241006_CALCURCEAS_016,2024-10-07T07:50:29Z,2024-10-07T08:09:52Z,1163,GOBW,SWFSC,BEAKED_ANALYSIS,OD_CLICK_FM,DETECTED
SWFSC_NEPAC_20241006_CALCURCEAS_016,2024-10-07T10:38:09Z,2024-10-07T10:54:09Z,960,GOBW,SWFSC,BEAKED_ANALYSIS,OD_CLICK_FM,DETECTED
SWFSC_NEPAC_20241006_CALCURCEAS_016,2024-10-07T21:43:06Z,2024-10-07T22:11:00Z,1674,GOBW,SWFSC,BEAKED_ANALYSIS,OD_CLICK_FM,DETECTED
SWFSC_NEPAC_20241006_CALCURCEAS_016,2024-10-08T01:30:35Z,2024-10-08T02:17:01Z,2786,GOBW,SWFSC,BEAKED_ANALYSIS,OD_CLICK_FM,DETECTED
SWFSC_NEPAC_20241006_CALCURCEAS_016,2024-10-08T07:36:41Z,2024-10-08T07:53:35Z,1013,GOBW,SWFSC,BEAKED_ANALYSIS,OD_CLICK_FM,DETECTED
SWFSC_NEPAC_20241006_CALCURCEAS_016,2024-10-08T11:43:49Z,2024-10-08T11:56:09Z,740,GOBW,SWFSC,BEAKED_ANALYSIS,OD_CLICK_FM,DETECTED
SWFSC_NEPAC_20241006_CALCURCEAS_016,2024-10-08T11:57:00Z,2024-10-08T13:43:08Z,6368,BBWH,SWFSC,BEAKED_ANALYSIS,OD_CLICK_FM,DETECTED
SWFSC_NEPAC_20241006_CALCURCEAS_016,2024-10-09T00:52:00Z,2024-10-09T01:12:10Z,1210,HUBW,SWFSC,BEAKED_ANALYSIS,OD_CLICK_FM,DETECTED
SWFSC_NEPAC_20241006_CALCURCEAS_016,2024-10-09T06:47:52Z,2024-10-09T07:00:07Z,735,GOBW,SWFSC,BEAKED_ANALYSIS,OD_CLICK_FM,DETECTED
SWFSC_NEPAC_20241006_CALCURCEAS_016,2024-10-10T11:32:06Z,2024-10-10T11:37:49Z,343,GOBW,SWFSC,BEAKED_ANALYSIS,OD_CLICK_FM,DETECTED
SWFSC_NEPAC_20241006_CALCURCEAS_016,2024-10-10T12:42:13Z,2024-10-10T12:51:40Z,567,HUBW,SWFSC,BEAKED_ANALYSIS,OD_CLICK_FM,DETECTED
SWFSC_NEPAC_20241006_CALCURCEAS_016,2024-10-10T12:51:46Z,2024-10-10T13:20:38Z,1732,GOBW,SWFSC,BEAKED_ANALYSIS,OD_CLICK_FM,DETECTED
SWFSC_NEPAC_20241006_CALCURCEAS_016,2024-10-10T17:09:46Z,2024-10-10T17:10:47Z,62,GOBW,SWFSC,BEAKED_ANALYSIS,OD_CLICK_FM,DETECTED
SWFSC_NEPAC_20241006_CALCURCEAS_016,2024-10-13T01:26:55Z,2024-10-13T01:37:07Z,612,GOBW,SWFSC,BEAKED_ANALYSIS,OD_CLICK_FM,DETECTED
SWFSC_NEPAC_20241006_CALCURCEAS_016,2024-10-13T11:27:49Z,2024-10-13T11:59:32Z,1902,GOBW,SWFSC,BEAKED_ANALYSIS,OD_CLICK_FM,DETECTED
SWFSC_NEPAC_20241006_CALCURCEAS_017,2024-10-06T18:28:06Z,2024-10-06T18:50:50Z,1364,GOBW,SWFSC,BEAKED_ANALYSIS,OD_CLICK_FM,DETECTED
SWFSC_NEPAC_20241006_CALCURCEAS_017,2024-10-06T23:52:56Z,2024-10-07T00:05:49Z,773,GOBW,SWFSC,BEAKED_ANALYSIS,OD_CLICK_FM,DETECTED
SWFSC_NEPAC_20241006_CALCURCEAS_017,2024-10-07T11:43:39Z,2024-10-07T11:44:02Z,23,GOBW,SWFSC,BEAKED_ANALYSIS,OD_CLICK_FM,DETECTED
SWFSC_NEPAC_20241006_CALCURCEAS_017,2024-10-07T12:29:15Z,2024-10-07T12:41:07Z,712,STBWH,SWFSC,BEAKED_ANALYSIS,OD_CLICK_FM,DETECTED
SWFSC_NEPAC_20241006_CALCURCEAS_017,2024-10-07T18:02:15Z,2024-10-07T18:12:07Z,592,HUBW,SWFSC,BEAKED_ANALYSIS,OD_CLICK_FM,DETECTED
SWFSC_NEPAC_20241006_CALCURCEAS_017,2024-10-08T02:24:48Z,2024-10-08T02:33:54Z,547,HUBW,SWFSC,BEAKED_ANALYSIS,OD_CLICK_FM,DETECTED
SWFSC_NEPAC_20241006_CALCURCEAS_017,2024-10-08T16:55:23Z,2024-10-08T16:58:36Z,194,BBWH,SWFSC,BEAKED_ANALYSIS,OD_CLICK_FM,DETECTED
SWFSC_NEPAC_20241006_CALCURCEAS_017,2024-10-08T17:37:05Z,2024-10-08T17:37:07Z,2,GOBW,SWFSC,BEAKED_ANALYSIS,OD_CLICK_FM,DETECTED
SWFSC_NEPAC_20241006_CALCURCEAS_017,2024-10-08T20:34:30Z,2024-10-08T20:34:37Z,7,GOBW,SWFSC,BEAKED_ANALYSIS,OD_CLICK_FM,DETECTED
SWFSC_NEPAC_20241006_CALCURCEAS_017,2024-10-09T06:57:08Z,2024-10-09T06:57:11Z,2,GOBW,SWFSC,BEAKED_ANALYSIS,OD_CLICK_FM,DETECTED
SWFSC_NEPAC_20241006_CALCURCEAS_017,2024-10-09T09:12:58Z,2024-10-09T09:13:02Z,3,GOBW,SWFSC,BEAKED_ANALYSIS,OD_CLICK_FM,DETECTED
SWFSC_NEPAC_20241006_CALCURCEAS_017,2024-10-09T09:37:43Z,2024-10-09T10:22:01Z,2658,GOBW,SWFSC,BEAKED_ANALYSIS,OD_CLICK_FM,DETECTED
SWFSC_NEPAC_20241006_CALCURCEAS_017,2024-10-09T16:09:10Z,2024-10-09T16:10:56Z,106,GOBW,SWFSC,BEAKED_ANALYSIS,OD_CLICK_FM,DETECTED
SWFSC_NEPAC_20241006_CALCURCEAS_017,2024-10-09T17:34:54Z,2024-10-09T18:10:47Z,2153,GOBW,SWFSC,BEAKED_ANALYSIS,OD_CLICK_FM,DETECTED
SWFSC_NEPAC_20241006_CALCURCEAS_017,2024-10-09T20:35:58Z,2024-10-09T21:14:27Z,2309,GOBW,SWFSC,BEAKED_ANALYSIS,OD_CLICK_FM,DETECTED
SWFSC_NEPAC_20241006_CALCURCEAS_017,2024-10-10T00:19:11Z,2024-10-10T00:20:33Z,82,HUBW,SWFSC,BEAKED_ANALYSIS,OD_CLICK_FM,DETECTED
SWFSC_NEPAC_20241006_CALCURCEAS_017,2024-10-10T05:02:16Z,2024-10-10T05:15:40Z,803,HUBW,SWFSC,BEAKED_ANALYSIS,OD_CLICK_FM,DETECTED
SWFSC_NEPAC_20241006_CALCURCEAS_017,2024-10-10T05:40:34Z,2024-10-10T06:20:38Z,2404,HUBW,SWFSC,BEAKED_ANALYSIS,OD_CLICK_FM,DETECTED
SWFSC_NEPAC_20241006_CALCURCEAS_017,2024-10-11T00:12:31Z,2024-10-11T00:21:44Z,552,HUBW,SWFSC,BEAKED_ANALYSIS,OD_CLICK_FM,DETECTED
SWFSC_NEPAC_20241006_CALCURCEAS_017,2024-10-11T10:21:29Z,2024-10-11T10:29:47Z,497,HUBW,SWFSC,BEAKED_ANALYSIS,OD_CLICK_FM,DETECTED
SWFSC_NEPAC_20241006_CALCURCEAS_017,2024-10-11T11:19:14Z,2024-10-11T11:19:28Z,14,HUBW,SWFSC,BEAKED_ANALYSIS,OD_CLICK_FM,DETECTED
SWFSC_NEPAC_20241006_CALCURCEAS_017,2024-10-11T18:14:52Z,2024-10-11T18:36:02Z,1271,GOBW,SWFSC,BEAKED_ANALYSIS,OD_CLICK_FM,DETECTED
SWFSC_NEPAC_20241006_CALCURCEAS_017,2024-10-12T01:21:25Z,2024-10-12T01:25:42Z,257,GOBW,SWFSC,BEAKED_ANALYSIS,OD_CLICK_FM,DETECTED
SWFSC_NEPAC_20241006_CALCURCEAS_017,2024-10-12T02:37:12Z,2024-10-12T02:51:37Z,866,HUBW,SWFSC,BEAKED_ANALYSIS,OD_CLICK_FM,DETECTED
SWFSC_NEPAC_20241006_CALCURCEAS_017,2024-10-12T06:22:26Z,2024-10-12T06:25:51Z,205,HUBW,SWFSC,BEAKED_ANALYSIS,OD_CLICK_FM,DETECTED
SWFSC_NEPAC_20241006_CALCURCEAS_017,2024-10-12T12:19:36Z,2024-10-12T12:28:58Z,563,GOBW,SWFSC,BEAKED_ANALYSIS,OD_CLICK_FM,DETECTED
SWFSC_NEPAC_20241006_CALCURCEAS_018,2024-10-07T02:06:41Z,2024-10-07T02:45:46Z,2345,GOBW,SWFSC,BEAKED_ANALYSIS,OD_CLICK_FM,DETECTED
SWFSC_NEPAC_20241006_CALCURCEAS_018,2024-10-07T15:12:21Z,2024-10-07T15:37:13Z,1492,GOBW,SWFSC,BEAKED_ANALYSIS,OD_CLICK_FM,DETECTED
SWFSC_NEPAC_20241006_CALCURCEAS_018,2024-10-07T19:49:03Z,2024-10-07T19:56:49Z,466,HUBW,SWFSC,BEAKED_ANALYSIS,OD_CLICK_FM,DETECTED
SWFSC_NEPAC_20241006_CALCURCEAS_018,2024-10-08T01:44:13Z,2024-10-08T02:14:38Z,1826,GOBW,SWFSC,BEAKED_ANALYSIS,OD_CLICK_FM,DETECTED
SWFSC_NEPAC_20241006_CALCURCEAS_018,2024-10-08T14:02:32Z,2024-10-08T14:02:38Z,6,HUBW,SWFSC,BEAKED_ANALYSIS,OD_CLICK_FM,DETECTED
SWFSC_NEPAC_20241006_CALCURCEAS_018,2024-10-08T23:45:51Z,2024-10-08T23:46:12Z,21,GOBW,SWFSC,BEAKED_ANALYSIS,OD_CLICK_FM,DETECTED
SWFSC_NEPAC_20241006_CALCURCEAS_018,2024-10-09T10:12:28Z,2024-10-09T10:25:10Z,762,GOBW,SWFSC,BEAKED_ANALYSIS,OD_CLICK_FM,DETECTED
SWFSC_NEPAC_20241006_CALCURCEAS_018,2024-10-09T21:57:03Z,2024-10-09T22:03:00Z,357,GOBW,SWFSC,BEAKED_ANALYSIS,OD_CLICK_FM,DETECTED
SWFSC_NEPAC_20241006_CALCURCEAS_018,2024-10-09T23:35:56Z,2024-10-09T23:50:20Z,864,GOBW,SWFSC,BEAKED_ANALYSIS,OD_CLICK_FM,DETECTED
SWFSC_NEPAC_20241006_CALCURCEAS_018,2024-10-10T03:44:36Z,2024-10-10T04:06:24Z,1308,GOBW,SWFSC,BEAKED_ANALYSIS,OD_CLICK_FM,DETECTED
SWFSC_NEPAC_20241006_CALCURCEAS_018,2024-10-10T04:15:06Z,2024-10-10T04:15:36Z,30,GOBW,SWFSC,BEAKED_ANALYSIS,OD_CLICK_FM,DETECTED
SWFSC_NEPAC_20241006_CALCURCEAS_018,2024-10-10T15:05:32Z,2024-10-10T15:14:19Z,527,HUBW,SWFSC,BEAKED_ANALYSIS,OD_CLICK_FM,DETECTED
SWFSC_NEPAC_20241006_CALCURCEAS_018,2024-10-10T20:09:13Z,2024-10-10T20:20:54Z,700,GOBW,SWFSC,BEAKED_ANALYSIS,OD_CLICK_FM,DETECTED
SWFSC_NEPAC_20241006_CALCURCEAS_018,2024-10-11T00:50:25Z,2024-10-11T01:15:49Z,1524,GOBW,SWFSC,BEAKED_ANALYSIS,OD_CLICK_FM,DETECTED
SWFSC_NEPAC_20241006_CALCURCEAS_018,2024-10-11T14:38:16Z,2024-10-11T14:38:44Z,28,GOBW,SWFSC,BEAKED_ANALYSIS,OD_CLICK_FM,DETECTED
SWFSC_NEPAC_20241006_CALCURCEAS_018,2024-10-11T15:50:46Z,2024-10-11T16:06:15Z,929,UNME,SWFSC,BEAKED_ANALYSIS,OD_CLICK_FM,DETECTED
SWFSC_NEPAC_20241006_CALCURCEAS_018,2024-10-07T14:57:00Z,2024-10-07T15:08:46Z,706,HUBW,SWFSC,BEAKED_ANALYSIS,OD_CLICK_FM,DETECTED
SWFSC_NEPAC_20241009_CALCURCEAS_019,2024-10-10T05:51:19Z,2024-10-10T06:06:52Z,932,GOBW,SWFSC,BEAKED_ANALYSIS,OD_CLICK_FM,DETECTED
SWFSC_NEPAC_20241009_CALCURCEAS_019,2024-10-10T17:05:43Z,2024-10-10T17:05:56Z,12,HUBW,SWFSC,BEAKED_ANALYSIS,OD_CLICK_FM,DETECTED
SWFSC_NEPAC_20241009_CALCURCEAS_019,2024-10-10T18:25:24Z,2024-10-10T18:27:44Z,140,GOBW,SWFSC,BEAKED_ANALYSIS,OD_CLICK_FM,DETECTED
SWFSC_NEPAC_20241009_CALCURCEAS_019,2024-10-13T03:23:17Z,2024-10-13T03:43:08Z,1191,GOBW,SWFSC,BEAKED_ANALYSIS,OD_CLICK_FM,DETECTED
SWFSC_NEPAC_20241009_CALCURCEAS_019,2024-10-15T12:51:24Z,2024-10-15T13:00:42Z,558,STBWH,SWFSC,BEAKED_ANALYSIS,OD_CLICK_FM,DETECTED
SWFSC_NEPAC_20241009_CALCURCEAS_019,2024-10-13T03:30:53Z,2024-10-13T03:42:11Z,679,HUBW,SWFSC,BEAKED_ANALYSIS,OD_CLICK_FM,DETECTED
SWFSC_NEPAC_20241026_CALCURCEAS_020,2024-10-27T16:13:53Z,2024-10-27T16:48:51Z,2099,GOBW,SWFSC,BEAKED_ANALYSIS,OD_CLICK_FM,DETECTED
SWFSC_NEPAC_20241026_CALCURCEAS_020,2024-10-27T19:37:01Z,2024-10-27T20:05:23Z,1702,GOBW,SWFSC,BEAKED_ANALYSIS,OD_CLICK_FM,DETECTED
SWFSC_NEPAC_20241026_CALCURCEAS_020,2024-10-28T12:15:23Z,2024-10-28T12:42:28Z,1625,GOBW,SWFSC,BEAKED_ANALYSIS,OD_CLICK_FM,DETECTED
SWFSC_NEPAC_20241026_CALCURCEAS_020,2024-10-28T19:46:43Z,2024-10-28T19:47:00Z,17,GOBW,SWFSC,BEAKED_ANALYSIS,OD_CLICK_FM,DETECTED
SWFSC_NEPAC_20241026_CALCURCEAS_020,2024-10-29T00:12:20Z,2024-10-29T00:16:09Z,228,GOBW,SWFSC,BEAKED_ANALYSIS,OD_CLICK_FM,DETECTED
SWFSC_NEPAC_20241026_CALCURCEAS_020,2024-10-29T08:59:40Z,2024-10-29T09:29:03Z,1763,GOBW,SWFSC,BEAKED_ANALYSIS,OD_CLICK_FM,DETECTED
SWFSC_NEPAC_20241026_CALCURCEAS_020,2024-10-29T17:19:20Z,2024-10-29T17:47:27Z,1687,GOBW,SWFSC,BEAKED_ANALYSIS,OD_CLICK_FM,DETECTED
SWFSC_NEPAC_20241026_CALCURCEAS_020,2024-10-29T18:07:17Z,2024-10-29T18:21:38Z,861,GOBW,SWFSC,BEAKED_ANALYSIS,OD_CLICK_FM,DETECTED
SWFSC_NEPAC_20241026_CALCURCEAS_020,2024-10-29T20:14:39Z,2024-10-29T20:33:47Z,1147,GOBW,SWFSC,BEAKED_ANALYSIS,OD_CLICK_FM,DETECTED
SWFSC_NEPAC_20241026_CALCURCEAS_020,2024-10-31T16:00:24Z,2024-10-31T16:08:19Z,475,GOBW,SWFSC,BEAKED_ANALYSIS,OD_CLICK_FM,DETECTED
SWFSC_NEPAC_20241026_CALCURCEAS_020,2024-11-02T09:11:36Z,2024-11-02T09:35:46Z,1450,GOBW,SWFSC,BEAKED_ANALYSIS,OD_CLICK_FM,DETECTED
SWFSC_NEPAC_20241026_CALCURCEAS_020,2024-11-02T19:03:42Z,2024-11-02T19:34:02Z,1820,GOBW,SWFSC,BEAKED_ANALYSIS,OD_CLICK_FM,DETECTED
SWFSC_NEPAC_20241026_CALCURCEAS_020,2024-11-02T19:26:19Z,2024-11-02T19:33:14Z,415,HUBW,SWFSC,BEAKED_ANALYSIS,OD_CLICK_FM,DETECTED
SWFSC_NEPAC_20241026_CALCURCEAS_020,2024-11-02T20:36:48Z,2024-11-02T20:44:56Z,489,GOBW,SWFSC,BEAKED_ANALYSIS,OD_CLICK_FM,DETECTED
SWFSC_NEPAC_20241026_CALCURCEAS_020,2024-11-02T23:15:18Z,2024-11-02T23:51:04Z,2146,GOBW,SWFSC,BEAKED_ANALYSIS,OD_CLICK_FM,DETECTED
SWFSC_NEPAC_20241026_CALCURCEAS_020,2024-11-03T00:36:27Z,2024-11-03T00:37:34Z,67,GOBW,SWFSC,BEAKED_ANALYSIS,OD_CLICK_FM,DETECTED
SWFSC_NEPAC_20241026_CALCURCEAS_020,2024-11-03T15:50:43Z,2024-11-03T15:50:45Z,2,GOBW,SWFSC,BEAKED_ANALYSIS,OD_CLICK_FM,DETECTED
SWFSC_NEPAC_20241026_CALCURCEAS_020,2024-11-03T20:04:41Z,2024-11-03T20:04:44Z,3,GOBW,SWFSC,BEAKED_ANALYSIS,OD_CLICK_FM,DETECTED
SWFSC_NEPAC_20241026_CALCURCEAS_020,2024-11-03T23:02:46Z,2024-11-03T23:02:53Z,7,GOBW,SWFSC,BEAKED_ANALYSIS,OD_CLICK_FM,DETECTED
SWFSC_NEPAC_20241026_CALCURCEAS_020,2024-11-04T00:44:12Z,2024-11-04T00:44:43Z,31,GOBW,SWFSC,BEAKED_ANALYSIS,OD_CLICK_FM,DETECTED
SWFSC_NEPAC_20241026_CALCURCEAS_020,2024-11-04T04:47:09Z,2024-11-04T04:48:53Z,103,GOBW,SWFSC,BEAKED_ANALYSIS,OD_CLICK_FM,DETECTED
SWFSC_NEPAC_20241026_CALCURCEAS_020,2024-11-04T13:12:18Z,2024-11-04T13:16:23Z,245,GOBW,SWFSC,BEAKED_ANALYSIS,OD_CLICK_FM,DETECTED
SWFSC_NEPAC_20241026_CALCURCEAS_020,2024-11-04T16:15:25Z,2024-11-04T16:21:43Z,378,GOBW,SWFSC,BEAKED_ANALYSIS,OD_CLICK_FM,DETECTED
SWFSC_NEPAC_20241026_CALCURCEAS_020,2024-11-04T16:41:00Z,2024-11-04T16:58:57Z,1077,GOBW,SWFSC,BEAKED_ANALYSIS,OD_CLICK_FM,DETECTED
SWFSC_NEPAC_20241026_CALCURCEAS_020,2024-11-04T20:52:20Z,2024-11-04T21:10:51Z,1110,GOBW,SWFSC,BEAKED_ANALYSIS,OD_CLICK_FM,DETECTED
SWFSC_NEPAC_20241026_CALCURCEAS_020,2024-11-05T05:24:36Z,2024-11-05T05:38:32Z,836,GOBW,SWFSC,BEAKED_ANALYSIS,OD_CLICK_FM,DETECTED
SWFSC_NEPAC_20241026_CALCURCEAS_020,2024-11-05T16:18:51Z,2024-11-05T16:20:27Z,96,GOBW,SWFSC,BEAKED_ANALYSIS,OD_CLICK_FM,DETECTED
SWFSC_NEPAC_20241026_CALCURCEAS_020,2024-11-05T17:47:48Z,2024-11-05T17:47:52Z,4,GOBW,SWFSC,BEAKED_ANALYSIS,OD_CLICK_FM,DETECTED
SWFSC_NEPAC_20241026_CALCURCEAS_020,2024-11-05T20:05:42Z,2024-11-05T20:41:12Z,2130,GOBW,SWFSC,BEAKED_ANALYSIS,OD_CLICK_FM,DETECTED
SWFSC_NEPAC_20241026_CALCURCEAS_020,2024-11-05T23:01:56Z,2024-11-05T23:09:18Z,442,GOBW,SWFSC,BEAKED_ANALYSIS,OD_CLICK_FM,DETECTED
SWFSC_NEPAC_20241026_CALCURCEAS_020,2024-11-06T11:07:18Z,2024-11-06T11:08:41Z,83,GOBW,SWFSC,BEAKED_ANALYSIS,OD_CLICK_FM,DETECTED
SWFSC_NEPAC_20241026_CALCURCEAS_020,2024-11-06T16:20:17Z,2024-11-06T16:52:13Z,1916,GOBW,SWFSC,BEAKED_ANALYSIS,OD_CLICK_FM,DETECTED
SWFSC_NEPAC_20241026_CALCURCEAS_020,2024-11-06T18:57:05Z,2024-11-06T19:26:24Z,1759,GOBW,SWFSC,BEAKED_ANALYSIS,OD_CLICK_FM,DETECTED
SWFSC_NEPAC_20241026_CALCURCEAS_020,2024-11-06T22:34:13Z,2024-11-06T22:36:29Z,136,GOBW,SWFSC,BEAKED_ANALYSIS,OD_CLICK_FM,DETECTED
SWFSC_NEPAC_20241026_CALCURCEAS_020,2024-11-07T02:15:18Z,2024-11-07T02:49:25Z,2048,GOBW,SWFSC,BEAKED_ANALYSIS,OD_CLICK_FM,DETECTED
SWFSC_NEPAC_20241026_CALCURCEAS_020,2024-11-07T02:59:16Z,2024-11-07T03:00:04Z,48,GOBW,SWFSC,BEAKED_ANALYSIS,OD_CLICK_FM,DETECTED
SWFSC_NEPAC_20241026_CALCURCEAS_020,2024-11-07T05:37:14Z,2024-11-07T05:57:18Z,1204,GOBW,SWFSC,BEAKED_ANALYSIS,OD_CLICK_FM,DETECTED
SWFSC_NEPAC_20241026_CALCURCEAS_020,2024-11-07T08:43:04Z,2024-11-07T09:26:28Z,2604,GOBW,SWFSC,BEAKED_ANALYSIS,OD_CLICK_FM,DETECTED
SWFSC_NEPAC_20241026_CALCURCEAS_020,2024-11-07T09:47:21Z,2024-11-07T10:02:49Z,928,BBWH,SWFSC,BEAKED_ANALYSIS,OD_CLICK_FM,DETECTED
SWFSC_NEPAC_20241026_CALCURCEAS_020,2024-11-07T12:14:35Z,2024-11-07T12:16:29Z,114,GOBW,SWFSC,BEAKED_ANALYSIS,OD_CLICK_FM,DETECTED
SWFSC_NEPAC_20241026_CALCURCEAS_020,2024-11-07T14:27:09Z,2024-11-07T14:52:55Z,1545,GOBW,SWFSC,BEAKED_ANALYSIS,OD_CLICK_FM,DETECTED
SWFSC_NEPAC_20241026_CALCURCEAS_020,2024-11-07T16:20:55Z,2024-11-07T17:14:58Z,3243,GOBW,SWFSC,BEAKED_ANALYSIS,OD_CLICK_FM,DETECTED
SWFSC_NEPAC_20241026_CALCURCEAS_020,2024-11-07T16:41:39Z,2024-11-07T16:51:26Z,587,BBWH,SWFSC,BEAKED_ANALYSIS,OD_CLICK_FM,DETECTED
SWFSC_NEPAC_20241026_CALCURCEAS_020,2024-11-07T18:34:00Z,2024-11-07T19:06:18Z,1938,GOBW,SWFSC,BEAKED_ANALYSIS,OD_CLICK_FM,DETECTED
SWFSC_NEPAC_20241026_CALCURCEAS_020,2024-11-07T22:13:11Z,2024-11-07T22:21:57Z,526,GOBW,SWFSC,BEAKED_ANALYSIS,OD_CLICK_FM,DETECTED
SWFSC_NEPAC_20241026_CALCURCEAS_020,2024-11-08T03:27:27Z,2024-11-08T03:27:51Z,23,GOBW,SWFSC,BEAKED_ANALYSIS,OD_CLICK_FM,DETECTED
SWFSC_NEPAC_20241026_CALCURCEAS_020,2024-11-08T09:55:16Z,2024-11-08T10:04:59Z,583,GOBW,SWFSC,BEAKED_ANALYSIS,OD_CLICK_FM,DETECTED
SWFSC_NEPAC_20241026_CALCURCEAS_020,2024-11-08T10:46:40Z,2024-11-08T10:48:21Z,101,GOBW,SWFSC,BEAKED_ANALYSIS,OD_CLICK_FM,DETECTED
SWFSC_NEPAC_20241026_CALCURCEAS_020,2024-11-08T12:31:57Z,2024-11-08T12:47:07Z,910,GOBW,SWFSC,BEAKED_ANALYSIS,OD_CLICK_FM,DETECTED
SWFSC_NEPAC_20241026_CALCURCEAS_020,2024-11-08T16:28:27Z,2024-11-08T17:25:28Z,3420,GOBW,SWFSC,BEAKED_ANALYSIS,OD_CLICK_FM,DETECTED
SWFSC_NEPAC_20241026_CALCURCEAS_020,2024-11-08T20:08:19Z,2024-11-08T20:45:18Z,2219,GOBW,SWFSC,BEAKED_ANALYSIS,OD_CLICK_FM,DETECTED
SWFSC_NEPAC_20241026_CALCURCEAS_020,2024-11-08T23:15:15Z,2024-11-08T23:48:06Z,1971,GOBW,SWFSC,BEAKED_ANALYSIS,OD_CLICK_FM,DETECTED
SWFSC_NEPAC_20241026_CALCURCEAS_020,2024-11-09T02:03:07Z,2024-11-09T02:38:13Z,2106,GOBW,SWFSC,BEAKED_ANALYSIS,OD_CLICK_FM,DETECTED
SWFSC_NEPAC_20241026_CALCURCEAS_020,2024-11-09T04:42:36Z,2024-11-09T05:18:35Z,2159,GOBW,SWFSC,BEAKED_ANALYSIS,OD_CLICK_FM,DETECTED
SWFSC_NEPAC_20241026_CALCURCEAS_020,2024-11-09T06:31:15Z,2024-11-09T07:19:52Z,2917,GOBW,SWFSC,BEAKED_ANALYSIS,OD_CLICK_FM,DETECTED
SWFSC_NEPAC_20241026_CALCURCEAS_020,2024-11-09T07:41:16Z,2024-11-09T07:41:18Z,3,GOBW,SWFSC,BEAKED_ANALYSIS,OD_CLICK_FM,DETECTED
SWFSC_NEPAC_20241027_CALCURCEAS_021,2024-10-27T02:05:22Z,2024-10-27T02:18:03Z,762,GOBW,SWFSC,BEAKED_ANALYSIS,OD_CLICK_FM,DETECTED
SWFSC_NEPAC_20241027_CALCURCEAS_021,2024-10-27T05:13:05Z,2024-10-27T06:10:55Z,3470,GOBW,SWFSC,BEAKED_ANALYSIS,OD_CLICK_FM,DETECTED
SWFSC_NEPAC_20241027_CALCURCEAS_021,2024-10-27T11:07:18Z,2024-10-27T11:07:22Z,4,BBWH,SWFSC,BEAKED_ANALYSIS,OD_CLICK_FM,DETECTED
SWFSC_NEPAC_20241027_CALCURCEAS_021,2024-10-27T11:12:16Z,2024-10-27T11:50:14Z,2278,GOBW,SWFSC,BEAKED_ANALYSIS,OD_CLICK_FM,DETECTED
SWFSC_NEPAC_20241027_CALCURCEAS_021,2024-10-27T21:18:02Z,2024-10-27T21:46:53Z,1731,GOBW,SWFSC,BEAKED_ANALYSIS,OD_CLICK_FM,DETECTED
SWFSC_NEPAC_20241027_CALCURCEAS_021,2024-10-28T01:33:01Z,2024-10-28T01:43:41Z,640,GOBW,SWFSC,BEAKED_ANALYSIS,OD_CLICK_FM,DETECTED
SWFSC_NEPAC_20241027_CALCURCEAS_021,2024-10-28T04:44:52Z,2024-10-28T04:52:06Z,434,GOBW,SWFSC,BEAKED_ANALYSIS,OD_CLICK_FM,DETECTED
SWFSC_NEPAC_20241027_CALCURCEAS_021,2024-10-28T11:35:06Z,2024-10-28T11:35:15Z,10,GOBW,SWFSC,BEAKED_ANALYSIS,OD_CLICK_FM,DETECTED
SWFSC_NEPAC_20241027_CALCURCEAS_021,2024-10-28T16:01:49Z,2024-10-28T16:25:49Z,1441,GOBW,SWFSC,BEAKED_ANALYSIS,OD_CLICK_FM,DETECTED
SWFSC_NEPAC_20241027_CALCURCEAS_021,2024-10-29T02:08:09Z,2024-10-29T02:10:19Z,129,GOBW,SWFSC,BEAKED_ANALYSIS,OD_CLICK_FM,DETECTED
SWFSC_NEPAC_20241027_CALCURCEAS_021,2024-10-29T11:26:24Z,2024-10-29T11:29:09Z,165,GOBW,SWFSC,BEAKED_ANALYSIS,OD_CLICK_FM,DETECTED
SWFSC_NEPAC_20241027_CALCURCEAS_021,2024-10-29T17:24:32Z,2024-10-29T17:32:51Z,498,GOBW,SWFSC,BEAKED_ANALYSIS,OD_CLICK_FM,DETECTED
SWFSC_NEPAC_20241027_CALCURCEAS_021,2024-10-29T18:03:04Z,2024-10-29T18:04:01Z,57,GOBW,SWFSC,BEAKED_ANALYSIS,OD_CLICK_FM,DETECTED
SWFSC_NEPAC_20241027_CALCURCEAS_021,2024-10-30T08:13:20Z,2024-10-30T08:33:47Z,1227,GOBW,SWFSC,BEAKED_ANALYSIS,OD_CLICK_FM,DETECTED
SWFSC_NEPAC_20241027_CALCURCEAS_021,2024-10-30T17:05:53Z,2024-10-30T17:33:43Z,1670,GOBW,SWFSC,BEAKED_ANALYSIS,OD_CLICK_FM,DETECTED
SWFSC_NEPAC_20241027_CALCURCEAS_021,2024-10-31T01:29:35Z,2024-10-31T01:40:17Z,642,GOBW,SWFSC,BEAKED_ANALYSIS,OD_CLICK_FM,DETECTED
SWFSC_NEPAC_20241027_CALCURCEAS_021,2024-10-31T06:12:59Z,2024-10-31T06:19:22Z,382,GOBW,SWFSC,BEAKED_ANALYSIS,OD_CLICK_FM,DETECTED
SWFSC_NEPAC_20241027_CALCURCEAS_021,2024-10-31T09:22:00Z,2024-10-31T09:28:29Z,390,GOBW,SWFSC,BEAKED_ANALYSIS,OD_CLICK_FM,DETECTED
SWFSC_NEPAC_20241027_CALCURCEAS_021,2024-10-31T11:46:06Z,2024-10-31T12:27:13Z,2467,GOBW,SWFSC,BEAKED_ANALYSIS,OD_CLICK_FM,DETECTED
SWFSC_NEPAC_20241027_CALCURCEAS_021,2024-10-31T13:45:39Z,2024-10-31T13:55:10Z,571,GOBW,SWFSC,BEAKED_ANALYSIS,OD_CLICK_FM,DETECTED
SWFSC_NEPAC_20241027_CALCURCEAS_021,2024-10-31T17:44:26Z,2024-10-31T18:01:11Z,1005,GOBW,SWFSC,BEAKED_ANALYSIS,OD_CLICK_FM,DETECTED
SWFSC_NEPAC_20241027_CALCURCEAS_021,2024-10-31T22:30:16Z,2024-10-31T22:33:16Z,181,GOBW,SWFSC,BEAKED_ANALYSIS,OD_CLICK_FM,DETECTED
SWFSC_NEPAC_20241027_CALCURCEAS_021,2024-10-31T23:15:46Z,2024-10-31T23:20:54Z,308,GOBW,SWFSC,BEAKED_ANALYSIS,OD_CLICK_FM,DETECTED
SWFSC_NEPAC_20241027_CALCURCEAS_021,2024-11-01T00:15:05Z,2024-11-01T00:21:36Z,391,GOBW,SWFSC,BEAKED_ANALYSIS,OD_CLICK_FM,DETECTED
SWFSC_NEPAC_20241027_CALCURCEAS_021,2024-11-01T09:29:00Z,2024-11-01T09:50:17Z,1277,GOBW,SWFSC,BEAKED_ANALYSIS,OD_CLICK_FM,DETECTED
SWFSC_NEPAC_20241027_CALCURCEAS_021,2024-11-01T11:34:30Z,2024-11-01T11:49:24Z,894,GOBW,SWFSC,BEAKED_ANALYSIS,OD_CLICK_FM,DETECTED
SWFSC_NEPAC_20241027_CALCURCEAS_021,2024-11-01T17:52:07Z,2024-11-01T19:12:06Z,4798,GOBW,SWFSC,BEAKED_ANALYSIS,OD_CLICK_FM,DETECTED
SWFSC_NEPAC_20241027_CALCURCEAS_021,2024-11-01T22:31:30Z,2024-11-01T23:06:03Z,2073,GOBW,SWFSC,BEAKED_ANALYSIS,OD_CLICK_FM,DETECTED
SWFSC_NEPAC_20241027_CALCURCEAS_021,2024-11-02T02:58:21Z,2024-11-02T03:08:24Z,603,GOBW,SWFSC,BEAKED_ANALYSIS,OD_CLICK_FM,DETECTED
SWFSC_NEPAC_20241027_CALCURCEAS_021,2024-11-02T05:19:08Z,2024-11-02T05:23:11Z,243,GOBW,SWFSC,BEAKED_ANALYSIS,OD_CLICK_FM,DETECTED
SWFSC_NEPAC_20241027_CALCURCEAS_021,2024-11-02T07:55:12Z,2024-11-02T07:55:20Z,8,GOBW,SWFSC,BEAKED_ANALYSIS,OD_CLICK_FM,DETECTED
SWFSC_NEPAC_20241027_CALCURCEAS_021,2024-11-02T08:56:46Z,2024-11-02T09:00:00Z,194,GOBW,SWFSC,BEAKED_ANALYSIS,OD_CLICK_FM,DETECTED
SWFSC_NEPAC_20241027_CALCURCEAS_021,2024-11-02T10:44:18Z,2024-11-02T10:52:18Z,481,GOBW,SWFSC,BEAKED_ANALYSIS,OD_CLICK_FM,DETECTED
SWFSC_NEPAC_20241027_CALCURCEAS_021,2024-11-02T14:08:20Z,2024-11-02T14:28:16Z,1196,GOBW,SWFSC,BEAKED_ANALYSIS,OD_CLICK_FM,DETECTED
SWFSC_NEPAC_20241027_CALCURCEAS_021,2024-11-02T20:40:33Z,2024-11-02T20:43:15Z,162,GOBW,SWFSC,BEAKED_ANALYSIS,OD_CLICK_FM,DETECTED
SWFSC_NEPAC_20241027_CALCURCEAS_021,2024-11-02T21:42:54Z,2024-11-02T22:25:32Z,2558,GOBW,SWFSC,BEAKED_ANALYSIS,OD_CLICK_FM,DETECTED
SWFSC_NEPAC_20241027_CALCURCEAS_021,2024-11-03T08:00:11Z,2024-11-03T08:14:53Z,881,GOBW,SWFSC,BEAKED_ANALYSIS,OD_CLICK_FM,DETECTED
SWFSC_NEPAC_20241027_CALCURCEAS_021,2024-11-03T17:08:52Z,2024-11-03T17:22:25Z,813,GOBW,SWFSC,BEAKED_ANALYSIS,OD_CLICK_FM,DETECTED
SWFSC_NEPAC_20241027_CALCURCEAS_021,2024-11-03T20:39:02Z,2024-11-03T20:42:00Z,179,GOBW,SWFSC,BEAKED_ANALYSIS,OD_CLICK_FM,DETECTED
SWFSC_NEPAC_20241027_CALCURCEAS_021,2024-11-03T21:12:16Z,2024-11-03T21:18:04Z,348,GOBW,SWFSC,BEAKED_ANALYSIS,OD_CLICK_FM,DETECTED
SWFSC_NEPAC_20241027_CALCURCEAS_021,2024-11-03T23:31:47Z,2024-11-03T23:31:55Z,8,GOBW,SWFSC,BEAKED_ANALYSIS,OD_CLICK_FM,DETECTED
SWFSC_NEPAC_20241027_CALCURCEAS_021,2024-11-04T02:17:54Z,2024-11-04T02:50:50Z,1977,GOBW,SWFSC,BEAKED_ANALYSIS,OD_CLICK_FM,DETECTED
SWFSC_NEPAC_20241027_CALCURCEAS_021,2024-11-04T12:00:50Z,2024-11-04T12:26:09Z,1518,GOBW,SWFSC,BEAKED_ANALYSIS,OD_CLICK_FM,DETECTED
SWFSC_NEPAC_20241027_CALCURCEAS_021,2024-11-04T14:18:20Z,2024-11-04T14:28:39Z,618,GOBW,SWFSC,BEAKED_ANALYSIS,OD_CLICK_FM,DETECTED
SWFSC_NEPAC_20241027_CALCURCEAS_021,2024-11-04T17:09:49Z,2024-11-04T17:47:09Z,2240,GOBW,SWFSC,BEAKED_ANALYSIS,OD_CLICK_FM,DETECTED
SWFSC_NEPAC_20241027_CALCURCEAS_021,2024-11-04T20:31:17Z,2024-11-04T21:02:12Z,1854,GOBW,SWFSC,BEAKED_ANALYSIS,OD_CLICK_FM,DETECTED
SWFSC_NEPAC_20241027_CALCURCEAS_021,2024-11-05T00:46:39Z,2024-11-05T00:48:41Z,121,GOBW,SWFSC,BEAKED_ANALYSIS,OD_CLICK_FM,DETECTED
SWFSC_NEPAC_20241027_CALCURCEAS_021,2024-11-05T02:11:22Z,2024-11-05T02:21:16Z,594,GOBW,SWFSC,BEAKED_ANALYSIS,OD_CLICK_FM,DETECTED
SWFSC_NEPAC_20241027_CALCURCEAS_021,2024-11-05T04:24:11Z,2024-11-05T04:31:58Z,467,GOBW,SWFSC,BEAKED_ANALYSIS,OD_CLICK_FM,DETECTED
SWFSC_NEPAC_20241027_CALCURCEAS_021,2024-11-05T05:45:30Z,2024-11-05T05:45:31Z,1,GOBW,SWFSC,BEAKED_ANALYSIS,OD_CLICK_FM,DETECTED
SWFSC_NEPAC_20241027_CALCURCEAS_021,2024-11-05T17:48:13Z,2024-11-05T18:02:26Z,853,GOBW,SWFSC,BEAKED_ANALYSIS,OD_CLICK_FM,DETECTED
SWFSC_NEPAC_20241027_CALCURCEAS_021,2024-11-06T00:39:38Z,2024-11-06T00:42:27Z,169,GOBW,SWFSC,BEAKED_ANALYSIS,OD_CLICK_FM,DETECTED
SWFSC_NEPAC_20241027_CALCURCEAS_021,2024-11-06T05:04:13Z,2024-11-06T05:04:22Z,9,GOBW,SWFSC,BEAKED_ANALYSIS,OD_CLICK_FM,DETECTED
SWFSC_NEPAC_20241027_CALCURCEAS_021,2024-11-06T08:00:55Z,2024-11-06T08:14:31Z,816,GOBW,SWFSC,BEAKED_ANALYSIS,OD_CLICK_FM,DETECTED
SWFSC_NEPAC_20241027_CALCURCEAS_021,2024-11-06T12:19:16Z,2024-11-06T12:22:17Z,181,GOBW,SWFSC,BEAKED_ANALYSIS,OD_CLICK_FM,DETECTED
SWFSC_NEPAC_20241027_CALCURCEAS_021,2024-11-06T13:02:37Z,2024-11-06T13:03:28Z,51,GOBW,SWFSC,BEAKED_ANALYSIS,OD_CLICK_FM,DETECTED
SWFSC_NEPAC_20241027_CALCURCEAS_021,2024-11-06T15:55:09Z,2024-11-06T16:21:53Z,1603,GOBW,SWFSC,BEAKED_ANALYSIS,OD_CLICK_FM,DETECTED
SWFSC_NEPAC_20241027_CALCURCEAS_021,2024-11-06T17:18:20Z,2024-11-06T17:21:57Z,217,GOBW,SWFSC,BEAKED_ANALYSIS,OD_CLICK_FM,DETECTED
SWFSC_NEPAC_20241027_CALCURCEAS_021,2024-11-07T01:38:28Z,2024-11-07T01:45:39Z,431,GOBW,SWFSC,BEAKED_ANALYSIS,OD_CLICK_FM,DETECTED
SWFSC_NEPAC_20241027_CALCURCEAS_021,2024-11-07T04:55:49Z,2024-11-07T05:08:57Z,788,GOBW,SWFSC,BEAKED_ANALYSIS,OD_CLICK_FM,DETECTED
SWFSC_NEPAC_20241027_CALCURCEAS_021,2024-11-07T05:22:11Z,2024-11-07T05:22:12Z,1,GOBW,SWFSC,BEAKED_ANALYSIS,OD_CLICK_FM,DETECTED
SWFSC_NEPAC_20241027_CALCURCEAS_021,2024-11-07T11:56:55Z,2024-11-07T12:05:42Z,527,GOBW,SWFSC,BEAKED_ANALYSIS,OD_CLICK_FM,DETECTED
SWFSC_NEPAC_20241027_CALCURCEAS_022,2024-10-27T15:49:49Z,2024-10-27T16:06:15Z,986,GOBW,SWFSC,BEAKED_ANALYSIS,OD_CLICK_FM,DETECTED
SWFSC_NEPAC_20241027_CALCURCEAS_022,2024-10-27T17:55:14Z,2024-10-27T18:09:59Z,884,GOBW,SWFSC,BEAKED_ANALYSIS,OD_CLICK_FM,DETECTED
SWFSC_NEPAC_20241027_CALCURCEAS_022,2024-10-27T22:18:29Z,2024-10-27T22:49:41Z,1871,GOBW,SWFSC,BEAKED_ANALYSIS,OD_CLICK_FM,DETECTED
SWFSC_NEPAC_20241027_CALCURCEAS_022,2024-10-28T00:40:11Z,2024-10-28T00:40:22Z,11,GOBW,SWFSC,BEAKED_ANALYSIS,OD_CLICK_FM,DETECTED
SWFSC_NEPAC_20241027_CALCURCEAS_022,2024-10-28T04:22:24Z,2024-10-28T04:39:29Z,1026,GOBW,SWFSC,BEAKED_ANALYSIS,OD_CLICK_FM,DETECTED
SWFSC_NEPAC_20241027_CALCURCEAS_022,2024-10-28T06:37:26Z,2024-10-28T07:15:35Z,2289,GOBW,SWFSC,BEAKED_ANALYSIS,OD_CLICK_FM,DETECTED
SWFSC_NEPAC_20241027_CALCURCEAS_022,2024-10-28T08:50:15Z,2024-10-28T09:22:42Z,1947,GOBW,SWFSC,BEAKED_ANALYSIS,OD_CLICK_FM,DETECTED
SWFSC_NEPAC_20241027_CALCURCEAS_022,2024-10-28T11:58:09Z,2024-10-28T12:48:32Z,3023,GOBW,SWFSC,BEAKED_ANALYSIS,OD_CLICK_FM,DETECTED
SWFSC_NEPAC_20241027_CALCURCEAS_022,2024-10-28T15:08:22Z,2024-10-28T15:17:29Z,547,GOBW,SWFSC,BEAKED_ANALYSIS,OD_CLICK_FM,DETECTED
SWFSC_NEPAC_20241027_CALCURCEAS_022,2024-10-28T19:01:18Z,2024-10-28T19:38:27Z,2229,GOBW,SWFSC,BEAKED_ANALYSIS,OD_CLICK_FM,DETECTED
SWFSC_NEPAC_20241027_CALCURCEAS_022,2024-10-28T22:10:31Z,2024-10-28T22:44:06Z,2015,GOBW,SWFSC,BEAKED_ANALYSIS,OD_CLICK_FM,DETECTED
SWFSC_NEPAC_20241027_CALCURCEAS_022,2024-10-29T02:04:59Z,2024-10-29T02:19:52Z,893,GOBW,SWFSC,BEAKED_ANALYSIS,OD_CLICK_FM,DETECTED
SWFSC_NEPAC_20241027_CALCURCEAS_022,2024-10-29T05:29:25Z,2024-10-29T05:46:08Z,1004,GOBW,SWFSC,BEAKED_ANALYSIS,OD_CLICK_FM,DETECTED
SWFSC_NEPAC_20241027_CALCURCEAS_022,2024-10-29T07:56:03Z,2024-10-29T08:32:33Z,2190,GOBW,SWFSC,BEAKED_ANALYSIS,OD_CLICK_FM,DETECTED
SWFSC_NEPAC_20241027_CALCURCEAS_022,2024-10-29T10:12:15Z,2024-10-29T10:12:17Z,2,GOBW,SWFSC,BEAKED_ANALYSIS,OD_CLICK_FM,DETECTED
SWFSC_NEPAC_20241027_CALCURCEAS_022,2024-10-29T14:26:43Z,2024-10-29T15:30:30Z,3827,GOBW,SWFSC,BEAKED_ANALYSIS,OD_CLICK_FM,DETECTED
SWFSC_NEPAC_20241027_CALCURCEAS_022,2024-10-29T16:38:05Z,2024-10-29T16:57:01Z,1136,GOBW,SWFSC,BEAKED_ANALYSIS,OD_CLICK_FM,DETECTED
SWFSC_NEPAC_20241027_CALCURCEAS_022,2024-10-29T18:28:18Z,2024-10-29T18:59:01Z,1843,GOBW,SWFSC,BEAKED_ANALYSIS,OD_CLICK_FM,DETECTED
SWFSC_NEPAC_20241027_CALCURCEAS_022,2024-10-29T22:55:37Z,2024-10-30T00:04:45Z,4148,GOBW,SWFSC,BEAKED_ANALYSIS,OD_CLICK_FM,DETECTED
SWFSC_NEPAC_20241027_CALCURCEAS_022,2024-10-30T02:26:40Z,2024-10-30T02:58:29Z,1910,GOBW,SWFSC,BEAKED_ANALYSIS,OD_CLICK_FM,DETECTED
SWFSC_NEPAC_20241027_CALCURCEAS_022,2024-10-30T09:19:44Z,2024-10-30T09:19:57Z,13,GOBW,SWFSC,BEAKED_ANALYSIS,OD_CLICK_FM,DETECTED
SWFSC_NEPAC_20241027_CALCURCEAS_022,2024-10-30T17:18:58Z,2024-10-30T17:36:20Z,1042,GOBW,SWFSC,BEAKED_ANALYSIS,OD_CLICK_FM,DETECTED
SWFSC_NEPAC_20241027_CALCURCEAS_022,2024-10-30T20:23:32Z,2024-10-30T20:53:09Z,1777,GOBW,SWFSC,BEAKED_ANALYSIS,OD_CLICK_FM,DETECTED
SWFSC_NEPAC_20241027_CALCURCEAS_022,2024-10-31T03:03:33Z,2024-10-31T03:07:51Z,259,GOBW,SWFSC,BEAKED_ANALYSIS,OD_CLICK_FM,DETECTED
SWFSC_NEPAC_20241027_CALCURCEAS_022,2024-10-31T03:31:04Z,2024-10-31T03:32:12Z,68,GOBW,SWFSC,BEAKED_ANALYSIS,OD_CLICK_FM,DETECTED
SWFSC_NEPAC_20241027_CALCURCEAS_022,2024-10-31T09:38:50Z,2024-10-31T09:58:26Z,1176,GOBW,SWFSC,BEAKED_ANALYSIS,OD_CLICK_FM,DETECTED
SWFSC_NEPAC_20241027_CALCURCEAS_022,2024-10-31T11:06:01Z,2024-10-31T11:12:35Z,395,GOBW,SWFSC,BEAKED_ANALYSIS,OD_CLICK_FM,DETECTED
SWFSC_NEPAC_20241027_CALCURCEAS_022,2024-10-31T11:38:29Z,2024-10-31T12:14:39Z,2170,GOBW,SWFSC,BEAKED_ANALYSIS,OD_CLICK_FM,DETECTED
SWFSC_NEPAC_20241027_CALCURCEAS_022,2024-10-31T14:01:12Z,2024-10-31T14:05:09Z,237,GOBW,SWFSC,BEAKED_ANALYSIS,OD_CLICK_FM,DETECTED
SWFSC_NEPAC_20241027_CALCURCEAS_022,2024-11-01T01:54:07Z,2024-11-01T02:19:52Z,1545,GOBW,SWFSC,BEAKED_ANALYSIS,OD_CLICK_FM,DETECTED
SWFSC_NEPAC_20241027_CALCURCEAS_022,2024-11-01T16:57:39Z,2024-11-01T17:18:06Z,1227,GOBW,SWFSC,BEAKED_ANALYSIS,OD_CLICK_FM,DETECTED
SWFSC_NEPAC_20241027_CALCURCEAS_022,2024-11-02T04:08:56Z,2024-11-02T04:33:48Z,1492,GOBW,SWFSC,BEAKED_ANALYSIS,OD_CLICK_FM,DETECTED
SWFSC_NEPAC_20241027_CALCURCEAS_022,2024-11-02T16:23:40Z,2024-11-02T16:24:17Z,37,GOBW,SWFSC,BEAKED_ANALYSIS,OD_CLICK_FM,DETECTED
SWFSC_NEPAC_20241027_CALCURCEAS_022,2024-11-02T16:46:23Z,2024-11-02T16:47:02Z,39,GOBW,SWFSC,BEAKED_ANALYSIS,OD_CLICK_FM,DETECTED
SWFSC_NEPAC_20241027_CALCURCEAS_022,2024-11-02T18:07:27Z,2024-11-02T18:07:40Z,13,GOBW,SWFSC,BEAKED_ANALYSIS,OD_CLICK_FM,DETECTED
SWFSC_NEPAC_20241027_CALCURCEAS_022,2024-11-02T19:01:05Z,2024-11-02T19:01:08Z,3,GOBW,SWFSC,BEAKED_ANALYSIS,OD_CLICK_FM,DETECTED
SWFSC_NEPAC_20241027_CALCURCEAS_022,2024-11-02T23:38:21Z,2024-11-03T00:00:11Z,1310,GOBW,SWFSC,BEAKED_ANALYSIS,OD_CLICK_FM,DETECTED
SWFSC_NEPAC_20241027_CALCURCEAS_022,2024-11-03T00:59:59Z,2024-11-03T01:01:51Z,112,GOBW,SWFSC,BEAKED_ANALYSIS,OD_CLICK_FM,DETECTED
SWFSC_NEPAC_20241027_CALCURCEAS_022,2024-11-03T01:48:22Z,2024-11-03T01:56:09Z,468,GOBW,SWFSC,BEAKED_ANALYSIS,OD_CLICK_FM,DETECTED
SWFSC_NEPAC_20241027_CALCURCEAS_022,2024-11-03T03:43:07Z,2024-11-03T04:11:52Z,1725,GOBW,SWFSC,BEAKED_ANALYSIS,OD_CLICK_FM,DETECTED
SWFSC_NEPAC_20241027_CALCURCEAS_022,2024-11-03T04:52:29Z,2024-11-03T05:02:00Z,571,GOBW,SWFSC,BEAKED_ANALYSIS,OD_CLICK_FM,DETECTED
SWFSC_NEPAC_20241027_CALCURCEAS_022,2024-11-03T06:21:27Z,2024-11-03T06:41:55Z,1228,GOBW,SWFSC,BEAKED_ANALYSIS,OD_CLICK_FM,DETECTED
SWFSC_NEPAC_20241027_CALCURCEAS_022,2024-11-03T08:06:32Z,2024-11-03T08:27:43Z,1271,GOBW,SWFSC,BEAKED_ANALYSIS,OD_CLICK_FM,DETECTED
SWFSC_NEPAC_20241027_CALCURCEAS_022,2024-11-03T09:38:06Z,2024-11-03T09:38:16Z,11,GOBW,SWFSC,BEAKED_ANALYSIS,OD_CLICK_FM,DETECTED
SWFSC_NEPAC_20241027_CALCURCEAS_022,2024-11-03T12:07:21Z,2024-11-03T12:07:22Z,1,GOBW,SWFSC,BEAKED_ANALYSIS,OD_CLICK_FM,DETECTED
SWFSC_NEPAC_20241027_CALCURCEAS_022,2024-11-03T12:34:02Z,2024-11-03T12:57:10Z,1387,GOBW,SWFSC,BEAKED_ANALYSIS,OD_CLICK_FM,DETECTED
SWFSC_NEPAC_20241027_CALCURCEAS_022,2024-11-03T15:31:56Z,2024-11-03T16:08:11Z,2175,GOBW,SWFSC,BEAKED_ANALYSIS,OD_CLICK_FM,DETECTED
SWFSC_NEPAC_20241027_CALCURCEAS_022,2024-11-03T17:08:33Z,2024-11-03T17:30:24Z,1311,GOBW,SWFSC,BEAKED_ANALYSIS,OD_CLICK_FM,DETECTED
SWFSC_NEPAC_20241027_CALCURCEAS_022,2024-11-03T20:29:28Z,2024-11-03T20:58:50Z,1763,GOBW,SWFSC,BEAKED_ANALYSIS,OD_CLICK_FM,DETECTED
SWFSC_NEPAC_20241027_CALCURCEAS_022,2024-11-04T05:45:30Z,2024-11-04T06:15:03Z,1773,GOBW,SWFSC,BEAKED_ANALYSIS,OD_CLICK_FM,DETECTED
SWFSC_NEPAC_20241027_CALCURCEAS_022,2024-11-04T10:10:24Z,2024-11-04T10:23:10Z,765,GOBW,SWFSC,BEAKED_ANALYSIS,OD_CLICK_FM,DETECTED
SWFSC_NEPAC_20241027_CALCURCEAS_022,2024-11-04T11:29:37Z,2024-11-04T11:29:42Z,4,GOBW,SWFSC,BEAKED_ANALYSIS,OD_CLICK_FM,DETECTED
SWFSC_NEPAC_20241027_CALCURCEAS_022,2024-11-04T12:22:48Z,2024-11-04T12:22:53Z,5,GOBW,SWFSC,BEAKED_ANALYSIS,OD_CLICK_FM,DETECTED
SWFSC_NEPAC_20241027_CALCURCEAS_022,2024-11-04T17:13:25Z,2024-11-04T17:15:13Z,108,GOBW,SWFSC,BEAKED_ANALYSIS,OD_CLICK_FM,DETECTED
SWFSC_NEPAC_20241027_CALCURCEAS_022,2024-11-04T19:21:41Z,2024-11-04T20:05:53Z,2652,GOBW,SWFSC,BEAKED_ANALYSIS,OD_CLICK_FM,DETECTED
SWFSC_NEPAC_20241027_CALCURCEAS_022,2024-11-04T22:02:45Z,2024-11-04T22:26:08Z,1402,GOBW,SWFSC,BEAKED_ANALYSIS,OD_CLICK_FM,DETECTED
SWFSC_NEPAC_20241027_CALCURCEAS_022,2024-11-05T04:44:52Z,2024-11-05T04:46:32Z,101,GOBW,SWFSC,BEAKED_ANALYSIS,OD_CLICK_FM,DETECTED
SWFSC_NEPAC_20241027_CALCURCEAS_022,2024-11-05T05:06:18Z,2024-11-05T05:19:53Z,815,GOBW,SWFSC,BEAKED_ANALYSIS,OD_CLICK_FM,DETECTED
SWFSC_NEPAC_20241027_CALCURCEAS_022,2024-11-05T10:35:32Z,2024-11-05T11:12:57Z,2245,GOBW,SWFSC,BEAKED_ANALYSIS,OD_CLICK_FM,DETECTED
SWFSC_NEPAC_20241027_CALCURCEAS_022,2024-11-05T17:18:12Z,2024-11-05T17:31:26Z,794,GOBW,SWFSC,BEAKED_ANALYSIS,OD_CLICK_FM,DETECTED
SWFSC_NEPAC_20241027_CALCURCEAS_022,2024-11-05T21:48:48Z,2024-11-05T22:15:55Z,1627,GOBW,SWFSC,BEAKED_ANALYSIS,OD_CLICK_FM,DETECTED
SWFSC_NEPAC_20241027_CALCURCEAS_022,2024-11-06T01:39:09Z,2024-11-06T01:52:33Z,803,GOBW,SWFSC,BEAKED_ANALYSIS,OD_CLICK_FM,DETECTED
SWFSC_NEPAC_20241027_CALCURCEAS_022,2024-11-06T04:04:26Z,2024-11-06T04:08:30Z,245,GOBW,SWFSC,BEAKED_ANALYSIS,OD_CLICK_FM,DETECTED
SWFSC_NEPAC_20241027_CALCURCEAS_022,2024-11-06T11:20:06Z,2024-11-06T11:20:27Z,20,GOBW,SWFSC,BEAKED_ANALYSIS,OD_CLICK_FM,DETECTED
SWFSC_NEPAC_20241027_CALCURCEAS_022,2024-11-06T15:17:21Z,2024-11-06T15:28:50Z,689,GOBW,SWFSC,BEAKED_ANALYSIS,OD_CLICK_FM,DETECTED
SWFSC_NEPAC_20241027_CALCURCEAS_022,2024-11-06T18:18:18Z,2024-11-06T18:50:49Z,1950,GOBW,SWFSC,BEAKED_ANALYSIS,OD_CLICK_FM,DETECTED
SWFSC_NEPAC_20241027_CALCURCEAS_022,2024-11-06T23:12:03Z,2024-11-06T23:30:35Z,1112,GOBW,SWFSC,BEAKED_ANALYSIS,OD_CLICK_FM,DETECTED
SWFSC_NEPAC_20241027_CALCURCEAS_022,2024-11-07T02:35:43Z,2024-11-07T03:17:19Z,2496,GOBW,SWFSC,BEAKED_ANALYSIS,OD_CLICK_FM,DETECTED
SWFSC_NEPAC_20241027_CALCURCEAS_022,2024-11-07T06:45:51Z,2024-11-07T06:56:37Z,646,GOBW,SWFSC,BEAKED_ANALYSIS,OD_CLICK_FM,DETECTED
SWFSC_NEPAC_20241027_CALCURCEAS_022,2024-11-07T10:59:01Z,2024-11-07T11:16:49Z,1069,GOBW,SWFSC,BEAKED_ANALYSIS,OD_CLICK_FM,DETECTED
SWFSC_NEPAC_20241027_CALCURCEAS_022,2024-11-07T15:38:58Z,2024-11-07T16:13:34Z,2076,GOBW,SWFSC,BEAKED_ANALYSIS,OD_CLICK_FM,DETECTED
SWFSC_NEPAC_20241027_CALCURCEAS_022,2024-11-07T18:41:45Z,2024-11-07T19:44:03Z,3739,GOBW,SWFSC,BEAKED_ANALYSIS,OD_CLICK_FM,DETECTED
SWFSC_NEPAC_20241027_CALCURCEAS_022,2024-11-07T22:04:58Z,2024-11-07T22:55:01Z,3003,GOBW,SWFSC,BEAKED_ANALYSIS,OD_CLICK_FM,DETECTED
SWFSC_NEPAC_20241027_CALCURCEAS_022,2024-11-08T02:42:36Z,2024-11-08T03:07:09Z,1472,GOBW,SWFSC,BEAKED_ANALYSIS,OD_CLICK_FM,DETECTED
SWFSC_NEPAC_20241027_CALCURCEAS_022,2024-11-08T07:19:04Z,2024-11-08T07:29:44Z,641,GOBW,SWFSC,BEAKED_ANALYSIS,OD_CLICK_FM,DETECTED
SWFSC_NEPAC_20241027_CALCURCEAS_022,2024-11-08T09:53:08Z,2024-11-08T10:46:55Z,3227,GOBW,SWFSC,BEAKED_ANALYSIS,OD_CLICK_FM,DETECTED
SWFSC_NEPAC_20241027_CALCURCEAS_022,2024-11-08T12:31:12Z,2024-11-08T13:07:06Z,2154,GOBW,SWFSC,BEAKED_ANALYSIS,OD_CLICK_FM,DETECTED
SWFSC_NEPAC_20241027_CALCURCEAS_022,2024-11-08T16:23:39Z,2024-11-08T17:04:33Z,2454,GOBW,SWFSC,BEAKED_ANALYSIS,OD_CLICK_FM,DETECTED
SWFSC_NEPAC_20241027_CALCURCEAS_022,2024-11-08T19:21:42Z,2024-11-08T20:01:16Z,2374,GOBW,SWFSC,BEAKED_ANALYSIS,OD_CLICK_FM,DETECTED
SWFSC_NEPAC_20241027_CALCURCEAS_022,2024-11-08T20:47:34Z,2024-11-08T21:10:25Z,1371,GOBW,SWFSC,BEAKED_ANALYSIS,OD_CLICK_FM,DETECTED
SWFSC_NEPAC_20241027_CALCURCEAS_022,2024-11-08T22:59:23Z,2024-11-08T23:22:10Z,1367,GOBW,SWFSC,BEAKED_ANALYSIS,OD_CLICK_FM,DETECTED
SWFSC_NEPAC_20241027_CALCURCEAS_022,2024-11-09T00:54:39Z,2024-11-09T01:30:00Z,2121,GOBW,SWFSC,BEAKED_ANALYSIS,OD_CLICK_FM,DETECTED
SWFSC_NEPAC_20241027_CALCURCEAS_022,2024-11-09T07:16:47Z,2024-11-09T07:26:24Z,577,GOBW,SWFSC,BEAKED_ANALYSIS,OD_CLICK_FM,DETECTED
SWFSC_NEPAC_20241027_CALCURCEAS_022,2024-10-29T02:55:46Z,2024-10-29T03:00:22Z,275,GOBW,SWFSC,BEAKED_ANALYSIS,OD_CLICK_FM,DETECTED
SWFSC_NEPAC_20241027_CALCURCEAS_022,2024-11-07T23:15:19Z,2024-11-07T23:47:55Z,1957,GOBW,SWFSC,BEAKED_ANALYSIS,OD_CLICK_FM,DETECTED
SWFSC_NEPAC_20241028_CALCURCEAS_023,2024-10-28T19:42:46Z,2024-10-28T19:42:56Z,10,GOBW,SWFSC,BEAKED_ANALYSIS,OD_CLICK_FM,DETECTED
SWFSC_NEPAC_20241028_CALCURCEAS_023,2024-10-28T20:03:04Z,2024-10-28T20:03:08Z,5,GOBW,SWFSC,BEAKED_ANALYSIS,OD_CLICK_FM,DETECTED
SWFSC_NEPAC_20241028_CALCURCEAS_023,2024-10-29T15:45:09Z,2024-10-29T15:47:47Z,158,GOBW,SWFSC,BEAKED_ANALYSIS,OD_CLICK_FM,DETECTED
SWFSC_NEPAC_20241028_CALCURCEAS_023,2024-10-29T18:36:30Z,2024-10-29T19:12:43Z,2173,GOBW,SWFSC,BEAKED_ANALYSIS,OD_CLICK_FM,DETECTED
SWFSC_NEPAC_20241028_CALCURCEAS_023,2024-10-30T14:05:05Z,2024-10-30T14:14:40Z,574,GOBW,SWFSC,BEAKED_ANALYSIS,OD_CLICK_FM,DETECTED
SWFSC_NEPAC_20241028_CALCURCEAS_023,2024-10-31T11:41:05Z,2024-10-31T11:57:18Z,973,GOBW,SWFSC,BEAKED_ANALYSIS,OD_CLICK_FM,DETECTED
SWFSC_NEPAC_20241028_CALCURCEAS_023,2024-10-31T21:10:39Z,2024-10-31T21:17:22Z,403,GOBW,SWFSC,BEAKED_ANALYSIS,OD_CLICK_FM,DETECTED
SWFSC_NEPAC_20241028_CALCURCEAS_023,2024-10-31T22:25:12Z,2024-10-31T22:41:43Z,991,GOBW,SWFSC,BEAKED_ANALYSIS,OD_CLICK_FM,DETECTED
SWFSC_NEPAC_20241028_CALCURCEAS_023,2024-11-01T16:10:40Z,2024-11-01T16:34:16Z,1415,GOBW,SWFSC,BEAKED_ANALYSIS,OD_CLICK_FM,DETECTED
SWFSC_NEPAC_20241028_CALCURCEAS_023,2024-11-02T08:16:13Z,2024-11-02T08:38:56Z,1363,GOBW,SWFSC,BEAKED_ANALYSIS,OD_CLICK_FM,DETECTED
SWFSC_NEPAC_20241028_CALCURCEAS_023,2024-11-02T18:52:07Z,2024-11-02T18:52:09Z,2,GOBW,SWFSC,BEAKED_ANALYSIS,OD_CLICK_FM,DETECTED
SWFSC_NEPAC_20241028_CALCURCEAS_023,2024-11-03T02:42:26Z,2024-11-03T02:42:27Z,2,GOBW,SWFSC,BEAKED_ANALYSIS,OD_CLICK_FM,DETECTED
SWFSC_NEPAC_20241028_CALCURCEAS_023,2024-11-03T14:54:06Z,2024-11-03T14:55:28Z,82,GOBW,SWFSC,BEAKED_ANALYSIS,OD_CLICK_FM,DETECTED
SWFSC_NEPAC_20241028_CALCURCEAS_023,2024-11-04T00:56:08Z,2024-11-04T01:02:21Z,373,GOBW,SWFSC,BEAKED_ANALYSIS,OD_CLICK_FM,DETECTED
SWFSC_NEPAC_20241028_CALCURCEAS_023,2024-11-04T01:23:02Z,2024-11-04T01:29:03Z,361,GOBW,SWFSC,BEAKED_ANALYSIS,OD_CLICK_FM,DETECTED
SWFSC_NEPAC_20241028_CALCURCEAS_023,2024-11-06T01:07:57Z,2024-11-06T01:16:37Z,520,GOBW,SWFSC,BEAKED_ANALYSIS,OD_CLICK_FM,DETECTED
SWFSC_NEPAC_20241028_CALCURCEAS_023,2024-11-06T07:45:17Z,2024-11-06T08:13:18Z,1681,GOBW,SWFSC,BEAKED_ANALYSIS,OD_CLICK_FM,DETECTED
SWFSC_NEPAC_20241028_CALCURCEAS_023,2024-11-06T17:16:42Z,2024-11-06T18:14:09Z,3447,GOBW,SWFSC,BEAKED_ANALYSIS,OD_CLICK_FM,DETECTED
SWFSC_NEPAC_20241028_CALCURCEAS_023,2024-11-06T21:54:45Z,2024-11-06T22:12:20Z,1055,GOBW,SWFSC,BEAKED_ANALYSIS,OD_CLICK_FM,DETECTED
SWFSC_NEPAC_20241028_CALCURCEAS_023,2024-11-07T02:49:03Z,2024-11-07T02:49:41Z,38,GOBW,SWFSC,BEAKED_ANALYSIS,OD_CLICK_FM,DETECTED
SWFSC_NEPAC_20241028_CALCURCEAS_023,2024-11-08T18:36:39Z,2024-11-08T18:36:40Z,1,GOBW,SWFSC,BEAKED_ANALYSIS,OD_CLICK_FM,DETECTED
SWFSC_NEPAC_20241028_CALCURCEAS_023,2024-11-09T06:54:24Z,2024-11-09T07:20:51Z,1587,GOBW,SWFSC,BEAKED_ANALYSIS,OD_CLICK_FM,DETECTED
SWFSC_NEPAC_20241028_CALCURCEAS_023,2024-11-09T10:44:49Z,2024-11-09T11:03:27Z,1119,GOBW,SWFSC,BEAKED_ANALYSIS,OD_CLICK_FM,DETECTED
SWFSC_NEPAC_20241028_CALCURCEAS_023,2024-11-09T18:40:26Z,2024-11-09T19:05:28Z,1502,GOBW,SWFSC,BEAKED_ANALYSIS,OD_CLICK_FM,DETECTED
SWFSC_NEPAC_20241028_CALCURCEAS_023,2024-11-10T19:56:34Z,2024-11-10T20:31:07Z,2073,GOBW,SWFSC,BEAKED_ANALYSIS,OD_CLICK_FM,DETECTED
SWFSC_NEPAC_20241028_CALCURCEAS_023,2024-11-11T01:38:10Z,2024-11-11T02:01:45Z,1415,GOBW,SWFSC,BEAKED_ANALYSIS,OD_CLICK_FM,DETECTED
SWFSC_NEPAC_20241028_CALCURCEAS_023,2024-11-04T12:02:36Z,2024-11-04T12:16:36Z,839,GOBW,SWFSC,BEAKED_ANALYSIS,OD_CLICK_FM,DETECTED
SWFSC_NEPAC_20241111_CALCURCEAS_024,2024-11-11T05:12:53Z,2024-11-11T05:13:00Z,7,GOBW,SWFSC,BEAKED_ANALYSIS,OD_CLICK_FM,DETECTED
SWFSC_NEPAC_20241111_CALCURCEAS_024,2024-11-11T10:08:17Z,2024-11-11T10:09:42Z,85,GOBW,SWFSC,BEAKED_ANALYSIS,OD_CLICK_FM,DETECTED
SWFSC_NEPAC_20241111_CALCURCEAS_024,2024-11-11T12:23:07Z,2024-11-11T12:42:59Z,1192,GOBW,SWFSC,BEAKED_ANALYSIS,OD_CLICK_FM,DETECTED
SWFSC_NEPAC_20241111_CALCURCEAS_024,2024-11-12T01:34:48Z,2024-11-12T01:42:58Z,490,GOBW,SWFSC,BEAKED_ANALYSIS,OD_CLICK_FM,DETECTED
SWFSC_NEPAC_20241111_CALCURCEAS_024,2024-11-12T08:22:53Z,2024-11-12T08:46:07Z,1394,GOBW,SWFSC,BEAKED_ANALYSIS,OD_CLICK_FM,DETECTED
SWFSC_NEPAC_20241111_CALCURCEAS_024,2024-11-12T16:34:09Z,2024-11-12T16:50:51Z,1002,GOBW,SWFSC,BEAKED_ANALYSIS,OD_CLICK_FM,DETECTED
SWFSC_NEPAC_20241111_CALCURCEAS_024,2024-11-12T23:02:48Z,2024-11-12T23:05:09Z,141,GOBW,SWFSC,BEAKED_ANALYSIS,OD_CLICK_FM,DETECTED
SWFSC_NEPAC_20241111_CALCURCEAS_024,2024-11-13T02:28:32Z,2024-11-13T02:28:49Z,17,GOBW,SWFSC,BEAKED_ANALYSIS,OD_CLICK_FM,DETECTED
SWFSC_NEPAC_20241111_CALCURCEAS_024,2024-11-13T10:19:55Z,2024-11-13T10:20:30Z,35,GOBW,SWFSC,BEAKED_ANALYSIS,OD_CLICK_FM,DETECTED
SWFSC_NEPAC_20241111_CALCURCEAS_024,2024-11-13T19:21:56Z,2024-11-13T19:21:58Z,1,GOBW,SWFSC,BEAKED_ANALYSIS,OD_CLICK_FM,DETECTED
SWFSC_NEPAC_20241111_CALCURCEAS_024,2024-11-13T20:27:13Z,2024-11-13T20:46:28Z,1155,GOBW,SWFSC,BEAKED_ANALYSIS,OD_CLICK_FM,DETECTED
SWFSC_NEPAC_20241111_CALCURCEAS_024,2024-11-14T03:14:01Z,2024-11-14T03:16:49Z,167,GOBW,SWFSC,BEAKED_ANALYSIS,OD_CLICK_FM,DETECTED
SWFSC_NEPAC_20241111_CALCURCEAS_024,2024-11-14T04:00:52Z,2024-11-14T04:00:55Z,2,GOBW,SWFSC,BEAKED_ANALYSIS,OD_CLICK_FM,DETECTED
SWFSC_NEPAC_20241111_CALCURCEAS_024,2024-11-14T07:25:07Z,2024-11-14T07:52:33Z,1646,GOBW,SWFSC,BEAKED_ANALYSIS,OD_CLICK_FM,DETECTED
SWFSC_NEPAC_20241111_CALCURCEAS_024,2024-11-14T10:14:15Z,2024-11-14T10:14:46Z,31,GOBW,SWFSC,BEAKED_ANALYSIS,OD_CLICK_FM,DETECTED
SWFSC_NEPAC_20241111_CALCURCEAS_024,2024-11-14T11:02:06Z,2024-11-14T11:03:42Z,96,GOBW,SWFSC,BEAKED_ANALYSIS,OD_CLICK_FM,DETECTED
SWFSC_NEPAC_20241111_CALCURCEAS_024,2024-11-14T16:40:04Z,2024-11-14T16:40:40Z,37,GOBW,SWFSC,BEAKED_ANALYSIS,OD_CLICK_FM,DETECTED
SWFSC_NEPAC_20241111_CALCURCEAS_024,2024-11-14T17:03:58Z,2024-11-14T17:10:15Z,377,GOBW,SWFSC,BEAKED_ANALYSIS,OD_CLICK_FM,DETECTED
SWFSC_NEPAC_20241111_CALCURCEAS_024,2024-11-15T01:31:39Z,2024-11-15T01:33:42Z,123,GOBW,SWFSC,BEAKED_ANALYSIS,OD_CLICK_FM,DETECTED
SWFSC_NEPAC_20241111_CALCURCEAS_024,2024-11-15T11:13:35Z,2024-11-15T11:13:38Z,2,GOBW,SWFSC,BEAKED_ANALYSIS,OD_CLICK_FM,DETECTED
SWFSC_NEPAC_20241111_CALCURCEAS_024,2024-11-15T13:45:23Z,2024-11-15T14:06:46Z,1283,GOBW,SWFSC,BEAKED_ANALYSIS,OD_CLICK_FM,DETECTED
SWFSC_NEPAC_20241111_CALCURCEAS_024,2024-11-15T17:46:02Z,2024-11-15T18:06:46Z,1243,HUBW,SWFSC,BEAKED_ANALYSIS,OD_CLICK_FM,DETECTED
SWFSC_NEPAC_20241111_CALCURCEAS_024,2024-11-15T20:25:09Z,2024-11-15T20:25:12Z,3,GOBW,SWFSC,BEAKED_ANALYSIS,OD_CLICK_FM,DETECTED
SWFSC_NEPAC_20241111_CALCURCEAS_024,2024-11-15T23:51:49Z,2024-11-15T23:51:56Z,7,GOBW,SWFSC,BEAKED_ANALYSIS,OD_CLICK_FM,DETECTED
SWFSC_NEPAC_20241111_CALCURCEAS_024,2024-11-16T00:43:42Z,2024-11-16T00:54:14Z,632,GOBW,SWFSC,BEAKED_ANALYSIS,OD_CLICK_FM,DETECTED
SWFSC_NEPAC_20241111_CALCURCEAS_024,2024-11-16T07:28:56Z,2024-11-16T08:10:38Z,2503,GOBW,SWFSC,BEAKED_ANALYSIS,OD_CLICK_FM,DETECTED
SWFSC_NEPAC_20241111_CALCURCEAS_024,2024-11-16T08:38:38Z,2024-11-16T08:43:22Z,284,GOBW,SWFSC,BEAKED_ANALYSIS,OD_CLICK_FM,DETECTED
SWFSC_NEPAC_20241111_CALCURCEAS_024,2024-11-17T00:19:58Z,2024-11-17T00:38:11Z,1093,GOBW,SWFSC,BEAKED_ANALYSIS,OD_CLICK_FM,DETECTED
SWFSC_NEPAC_20241111_CALCURCEAS_024,2024-11-17T09:01:13Z,2024-11-17T09:23:05Z,1312,GOBW,SWFSC,BEAKED_ANALYSIS,OD_CLICK_FM,DETECTED
SWFSC_NEPAC_20241111_CALCURCEAS_024,2024-11-17T09:46:26Z,2024-11-17T09:54:52Z,506,GOBW,SWFSC,BEAKED_ANALYSIS,OD_CLICK_FM,DETECTED
SWFSC_NEPAC_20241111_CALCURCEAS_024,2024-11-17T12:56:08Z,2024-11-17T13:08:26Z,738,GOBW,SWFSC,BEAKED_ANALYSIS,OD_CLICK_FM,DETECTED
SWFSC_NEPAC_20241111_CALCURCEAS_024,2024-11-17T17:02:15Z,2024-11-17T17:30:07Z,1672,GOBW,SWFSC,BEAKED_ANALYSIS,OD_CLICK_FM,DETECTED
SWFSC_NEPAC_20241111_CALCURCEAS_024,2024-11-17T20:37:24Z,2024-11-17T20:53:17Z,953,GOBW,SWFSC,BEAKED_ANALYSIS,OD_CLICK_FM,DETECTED
SWFSC_NEPAC_20241111_CALCURCEAS_024,2024-11-17T23:58:20Z,2024-11-18T00:42:44Z,2664,GOBW,SWFSC,BEAKED_ANALYSIS,OD_CLICK_FM,DETECTED
SWFSC_NEPAC_20241111_CALCURCEAS_024,2024-11-18T03:42:58Z,2024-11-18T04:05:25Z,1347,GOBW,SWFSC,BEAKED_ANALYSIS,OD_CLICK_FM,DETECTED
SWFSC_NEPAC_20241111_CALCURCEAS_024,2024-11-18T05:48:39Z,2024-11-18T05:59:49Z,669,GOBW,SWFSC,BEAKED_ANALYSIS,OD_CLICK_FM,DETECTED
SWFSC_NEPAC_20241111_CALCURCEAS_024,2024-11-18T08:13:17Z,2024-11-18T08:13:40Z,23,GOBW,SWFSC,BEAKED_ANALYSIS,OD_CLICK_FM,DETECTED
SWFSC_NEPAC_20241111_CALCURCEAS_024,2024-11-18T08:41:34Z,2024-11-18T08:53:39Z,725,GOBW,SWFSC,BEAKED_ANALYSIS,OD_CLICK_FM,DETECTED
SWFSC_NEPAC_20241111_CALCURCEAS_024,2024-11-18T10:02:19Z,2024-11-18T10:07:53Z,334,GOBW,SWFSC,BEAKED_ANALYSIS,OD_CLICK_FM,DETECTED
SWFSC_NEPAC_20241111_CALCURCEAS_024,2024-11-18T11:05:33Z,2024-11-18T11:05:39Z,6,GOBW,SWFSC,BEAKED_ANALYSIS,OD_CLICK_FM,DETECTED
SWFSC_NEPAC_20241111_CALCURCEAS_024,2024-11-18T14:18:11Z,2024-11-18T14:32:05Z,834,GOBW,SWFSC,BEAKED_ANALYSIS,OD_CLICK_FM,DETECTED
SWFSC_NEPAC_20241111_CALCURCEAS_024,2024-11-18T18:13:06Z,2024-11-18T18:13:13Z,7,GOBW,SWFSC,BEAKED_ANALYSIS,OD_CLICK_FM,DETECTED
SWFSC_NEPAC_20241111_CALCURCEAS_024,2024-11-19T00:32:48Z,2024-11-19T00:33:22Z,33,GOBW,SWFSC,BEAKED_ANALYSIS,OD_CLICK_FM,DETECTED
SWFSC_NEPAC_20241111_CALCURCEAS_024,2024-11-19T04:59:35Z,2024-11-19T05:26:32Z,1617,GOBW,SWFSC,BEAKED_ANALYSIS,OD_CLICK_FM,DETECTED
SWFSC_NEPAC_20241111_CALCURCEAS_024,2024-11-19T18:01:01Z,2024-11-19T18:29:09Z,1688,GOBW,SWFSC,BEAKED_ANALYSIS,OD_CLICK_FM,DETECTED
SWFSC_NEPAC_20241111_CALCURCEAS_024,2024-11-20T00:44:12Z,2024-11-20T00:44:16Z,3,GOBW,SWFSC,BEAKED_ANALYSIS,OD_CLICK_FM,DETECTED
SWFSC_NEPAC_20241111_CALCURCEAS_024,2024-11-20T19:19:06Z,2024-11-20T19:52:30Z,2005,GOBW,SWFSC,BEAKED_ANALYSIS,OD_CLICK_FM,DETECTED
SWFSC_NEPAC_20241111_CALCURCEAS_024,2024-11-20T23:38:25Z,2024-11-20T23:46:17Z,472,GOBW,SWFSC,BEAKED_ANALYSIS,OD_CLICK_FM,DETECTED
SWFSC_NEPAC_20241111_CALCURCEAS_024,2024-11-21T18:28:46Z,2024-11-21T18:41:57Z,791,GOBW,SWFSC,BEAKED_ANALYSIS,OD_CLICK_FM,DETECTED
SWFSC_NEPAC_20241111_CALCURCEAS_024,2024-11-22T00:24:08Z,2024-11-22T00:56:25Z,1937,GOBW,SWFSC,BEAKED_ANALYSIS,OD_CLICK_FM,DETECTED
SWFSC_NEPAC_20241111_CALCURCEAS_024,2024-11-22T00:59:24Z,2024-11-22T01:08:15Z,531,BBWH,SWFSC,BEAKED_ANALYSIS,OD_CLICK_FM,DETECTED
SWFSC_NEPAC_20241111_CALCURCEAS_024,2024-11-22T02:31:41Z,2024-11-22T02:33:36Z,115,GOBW,SWFSC,BEAKED_ANALYSIS,OD_CLICK_FM,DETECTED
SWFSC_NEPAC_20241111_CALCURCEAS_024,2024-11-23T01:17:13Z,2024-11-23T01:41:01Z,1428,GOBW,SWFSC,BEAKED_ANALYSIS,OD_CLICK_FM,DETECTED
SWFSC_NEPAC_20241111_CALCURCEAS_024,2024-11-23T18:45:35Z,2024-11-23T19:07:43Z,1327,GOBW,SWFSC,BEAKED_ANALYSIS,OD_CLICK_FM,DETECTED
SWFSC_NEPAC_20241111_CALCURCEAS_024,2024-11-23T23:52:51Z,2024-11-23T23:53:28Z,36,GOBW,SWFSC,BEAKED_ANALYSIS,OD_CLICK_FM,DETECTED
SWFSC_NEPAC_20241111_CALCURCEAS_024,2024-11-24T02:37:45Z,2024-11-24T02:40:33Z,168,GOBW,SWFSC,BEAKED_ANALYSIS,OD_CLICK_FM,DETECTED
SWFSC_NEPAC_20241120_CALCURCEAS_025,2024-11-20T22:49:42Z,2024-11-20T23:27:35Z,2273,GOBW,SWFSC,BEAKED_ANALYSIS,OD_CLICK_FM,DETECTED
SWFSC_NEPAC_20241120_CALCURCEAS_025,2024-11-22T21:47:55Z,2024-11-22T21:47:58Z,3,GOBW,SWFSC,BEAKED_ANALYSIS,OD_CLICK_FM,DETECTED
SWFSC_NEPAC_20241120_CALCURCEAS_025,2024-11-24T14:03:35Z,2024-11-24T14:13:10Z,574,GOBW,SWFSC,BEAKED_ANALYSIS,OD_CLICK_FM,DETECTED
SWFSC_NEPAC_20241120_CALCURCEAS_025,2024-11-24T17:43:10Z,2024-11-24T18:26:33Z,2603,GOBW,SWFSC,BEAKED_ANALYSIS,OD_CLICK_FM,DETECTED
SWFSC_NEPAC_20241120_CALCURCEAS_025,2024-11-25T16:18:39Z,2024-11-25T16:20:06Z,87,GOBW,SWFSC,BEAKED_ANALYSIS,OD_CLICK_FM,DETECTED
SWFSC_NEPAC_20241120_CALCURCEAS_025,2024-11-25T22:28:07Z,2024-11-25T22:58:33Z,1826,GOBW,SWFSC,BEAKED_ANALYSIS,OD_CLICK_FM,DETECTED
SWFSC_NEPAC_20241120_CALCURCEAS_025,2024-11-26T02:43:16Z,2024-11-26T03:20:53Z,2257,GOBW,SWFSC,BEAKED_ANALYSIS,OD_CLICK_FM,DETECTED
SWFSC_NEPAC_20241120_CALCURCEAS_025,2024-11-26T10:19:35Z,2024-11-26T10:59:59Z,2423,GOBW,SWFSC,BEAKED_ANALYSIS,OD_CLICK_FM,DETECTED
SWFSC_NEPAC_20241120_CALCURCEAS_025,2024-11-26T16:10:23Z,2024-11-26T17:04:36Z,3253,GOBW,SWFSC,BEAKED_ANALYSIS,OD_CLICK_FM,DETECTED
SWFSC_NEPAC_20241120_CALCURCEAS_025,2024-11-27T19:43:09Z,2024-11-27T19:49:59Z,410,GOBW,SWFSC,BEAKED_ANALYSIS,OD_CLICK_FM,DETECTED
SWFSC_NEPAC_20241120_CALCURCEAS_025,2024-11-27T23:24:54Z,2024-11-27T23:41:20Z,985,GOBW,SWFSC,BEAKED_ANALYSIS,OD_CLICK_FM,DETECTED
SWFSC_NEPAC_20241120_CALCURCEAS_025,2024-11-28T07:22:39Z,2024-11-28T07:26:53Z,255,GOBW,SWFSC,BEAKED_ANALYSIS,OD_CLICK_FM,DETECTED
SWFSC_NEPAC_20241120_CALCURCEAS_025,2024-11-28T14:13:19Z,2024-11-28T14:21:27Z,488,GOBW,SWFSC,BEAKED_ANALYSIS,OD_CLICK_FM,DETECTED
SWFSC_NEPAC_20241120_CALCURCEAS_025,2024-11-28T17:40:53Z,2024-11-28T17:46:50Z,357,GOBW,SWFSC,BEAKED_ANALYSIS,OD_CLICK_FM,DETECTED
SWFSC_NEPAC_20241120_CALCURCEAS_025,2024-11-28T21:18:28Z,2024-11-28T21:19:12Z,44,GOBW,SWFSC,BEAKED_ANALYSIS,OD_CLICK_FM,DETECTED
SWFSC_NEPAC_20241120_CALCURCEAS_025,2024-11-29T08:29:41Z,2024-11-29T08:48:47Z,1147,GOBW,SWFSC,BEAKED_ANALYSIS,OD_CLICK_FM,DETECTED
SWFSC_NEPAC_20241120_CALCURCEAS_025,2024-11-29T11:56:31Z,2024-11-29T12:23:44Z,1633,GOBW,SWFSC,BEAKED_ANALYSIS,OD_CLICK_FM,DETECTED
SWFSC_NEPAC_20241120_CALCURCEAS_025,2024-11-30T13:39:59Z,2024-11-30T13:40:05Z,5,GOBW,SWFSC,BEAKED_ANALYSIS,OD_CLICK_FM,DETECTED
SWFSC_NEPAC_20241120_CALCURCEAS_025,2024-11-30T17:03:40Z,2024-11-30T17:27:30Z,1430,GOBW,SWFSC,BEAKED_ANALYSIS,OD_CLICK_FM,DETECTED
SWFSC_NEPAC_20241120_CALCURCEAS_025,2024-11-30T20:58:34Z,2024-11-30T21:11:34Z,779,GOBW,SWFSC,BEAKED_ANALYSIS,OD_CLICK_FM,DETECTED
SWFSC_NEPAC_20241122_CALCURCEAS_026,2024-11-23T01:08:41Z,2024-11-23T01:08:58Z,16,GOBW,SWFSC,BEAKED_ANALYSIS,OD_CLICK_FM,DETECTED
SWFSC_NEPAC_20241122_CALCURCEAS_026,2024-11-23T13:16:15Z,2024-11-23T13:18:58Z,163,GOBW,SWFSC,BEAKED_ANALYSIS,OD_CLICK_FM,DETECTED
SWFSC_NEPAC_20241122_CALCURCEAS_026,2024-11-24T00:28:16Z,2024-11-24T00:28:21Z,5,GOBW,SWFSC,BEAKED_ANALYSIS,OD_CLICK_FM,DETECTED
SWFSC_NEPAC_20241122_CALCURCEAS_026,2024-11-26T00:11:20Z,2024-11-26T00:37:40Z,1579,GOBW,SWFSC,BEAKED_ANALYSIS,OD_CLICK_FM,DETECTED
SWFSC_NEPAC_20241122_CALCURCEAS_026,2024-11-26T11:39:41Z,2024-11-26T11:59:58Z,1217,GOBW,SWFSC,BEAKED_ANALYSIS,OD_CLICK_FM,DETECTED
SWFSC_NEPAC_20241122_CALCURCEAS_026,2024-11-26T12:18:30Z,2024-11-26T12:21:31Z,181,GOBW,SWFSC,BEAKED_ANALYSIS,OD_CLICK_FM,DETECTED
SWFSC_NEPAC_20241122_CALCURCEAS_026,2024-11-28T22:31:45Z,2024-11-28T22:38:05Z,381,GOBW,SWFSC,BEAKED_ANALYSIS,OD_CLICK_FM,DETECTED
SWFSC_NEPAC_20241122_CALCURCEAS_026,2024-11-29T21:13:11Z,2024-11-29T21:31:55Z,1124,GOBW,SWFSC,BEAKED_ANALYSIS,OD_CLICK_FM,DETECTED
SWFSC_NEPAC_20241122_CALCURCEAS_026,2024-11-30T13:03:20Z,2024-11-30T13:13:16Z,596,GOBW,SWFSC,BEAKED_ANALYSIS,OD_CLICK_FM,DETECTED
SWFSC_NEPAC_20241122_CALCURCEAS_026,2024-11-30T18:09:21Z,2024-11-30T18:45:34Z,2173,GOBW,SWFSC,BEAKED_ANALYSIS,OD_CLICK_FM,DETECTED
SWFSC_NEPAC_20241122_CALCURCEAS_026,2024-12-01T12:13:11Z,2024-12-01T12:28:21Z,909,GOBW,SWFSC,BEAKED_ANALYSIS,OD_CLICK_FM,DETECTED
SWFSC_NEPAC_20241122_CALCURCEAS_026,2024-12-01T17:22:09Z,2024-12-01T18:06:47Z,2678,GOBW,SWFSC,BEAKED_ANALYSIS,OD_CLICK_FM,DETECTED
SWFSC_NEPAC_20241122_CALCURCEAS_026,2024-12-01T20:17:58Z,2024-12-01T20:44:21Z,1584,GOBW,SWFSC,BEAKED_ANALYSIS,OD_CLICK_FM,DETECTED
SWFSC_NEPAC_20241122_CALCURCEAS_026,2024-12-02T07:03:00Z,2024-12-02T07:03:37Z,37,GOBW,SWFSC,BEAKED_ANALYSIS,OD_CLICK_FM,DETECTED
SWFSC_NEPAC_20241122_CALCURCEAS_026,2024-12-02T18:54:15Z,2024-12-02T19:18:39Z,1464,GOBW,SWFSC,BEAKED_ANALYSIS,OD_CLICK_FM,DETECTED
SWFSC_NEPAC_20241123_CALCURCEAS_027,2024-11-24T11:09:41Z,2024-11-24T11:09:47Z,6,GOBW,SWFSC,BEAKED_ANALYSIS,OD_CLICK_FM,DETECTED
SWFSC_NEPAC_20241123_CALCURCEAS_027,2024-11-24T13:24:23Z,2024-11-24T13:45:38Z,1275,GOBW,SWFSC,BEAKED_ANALYSIS,OD_CLICK_FM,DETECTED
SWFSC_NEPAC_20241123_CALCURCEAS_027,2024-11-24T17:44:53Z,2024-11-24T17:47:54Z,181,GOBW,SWFSC,BEAKED_ANALYSIS,OD_CLICK_FM,DETECTED
SWFSC_NEPAC_20241123_CALCURCEAS_027,2024-11-24T21:40:07Z,2024-11-24T22:00:42Z,1235,GOBW,SWFSC,BEAKED_ANALYSIS,OD_CLICK_FM,DETECTED
SWFSC_NEPAC_20241123_CALCURCEAS_027,2024-11-25T01:10:33Z,2024-11-25T01:27:31Z,1018,GOBW,SWFSC,BEAKED_ANALYSIS,OD_CLICK_FM,DETECTED
SWFSC_NEPAC_20241123_CALCURCEAS_027,2024-11-25T14:02:41Z,2024-11-25T14:10:54Z,493,GOBW,SWFSC,BEAKED_ANALYSIS,OD_CLICK_FM,DETECTED
SWFSC_NEPAC_20241123_CALCURCEAS_027,2024-11-25T18:43:21Z,2024-11-25T18:58:17Z,896,GOBW,SWFSC,BEAKED_ANALYSIS,OD_CLICK_FM,DETECTED
SWFSC_NEPAC_20241123_CALCURCEAS_027,2024-11-26T16:46:53Z,2024-11-26T16:52:13Z,320,GOBW,SWFSC,BEAKED_ANALYSIS,OD_CLICK_FM,DETECTED
SWFSC_NEPAC_20241123_CALCURCEAS_027,2024-11-26T17:18:18Z,2024-11-26T17:18:19Z,1,GOBW,SWFSC,BEAKED_ANALYSIS,OD_CLICK_FM,DETECTED
SWFSC_NEPAC_20241123_CALCURCEAS_027,2024-11-26T23:22:28Z,2024-11-27T00:12:03Z,2974,GOBW,SWFSC,BEAKED_ANALYSIS,OD_CLICK_FM,DETECTED
SWFSC_NEPAC_20241123_CALCURCEAS_027,2024-11-27T21:25:17Z,2024-11-27T21:25:20Z,3,GOBW,SWFSC,BEAKED_ANALYSIS,OD_CLICK_FM,DETECTED
SWFSC_NEPAC_20241123_CALCURCEAS_027,2024-11-28T17:23:53Z,2024-11-28T18:05:34Z,2501,GOBW,SWFSC,BEAKED_ANALYSIS,OD_CLICK_FM,DETECTED
SWFSC_NEPAC_20241123_CALCURCEAS_027,2024-11-28T21:28:21Z,2024-11-28T21:48:11Z,1190,GOBW,SWFSC,BEAKED_ANALYSIS,OD_CLICK_FM,DETECTED
SWFSC_NEPAC_20241123_CALCURCEAS_027,2024-11-29T02:08:33Z,2024-11-29T02:36:32Z,1679,GOBW,SWFSC,BEAKED_ANALYSIS,OD_CLICK_FM,DETECTED
SWFSC_NEPAC_20241123_CALCURCEAS_027,2024-11-29T20:07:12Z,2024-11-29T20:31:03Z,1430,GOBW,SWFSC,BEAKED_ANALYSIS,OD_CLICK_FM,DETECTED
SWFSC_NEPAC_20241123_CALCURCEAS_027,2024-11-30T19:13:10Z,2024-11-30T19:26:52Z,822,GOBW,SWFSC,BEAKED_ANALYSIS,OD_CLICK_FM,DETECTED
SWFSC_NEPAC_20241123_CALCURCEAS_027,2024-11-30T23:11:12Z,2024-12-01T01:15:40Z,7468,BBWH,SWFSC,BEAKED_ANALYSIS,OD_CLICK_FM,DETECTED
SWFSC_NEPAC_20241123_CALCURCEAS_027,2024-12-01T03:11:19Z,2024-12-01T03:27:24Z,965,STBWH,SWFSC,BEAKED_ANALYSIS,OD_CLICK_FM,DETECTED
SWFSC_NEPAC_20241123_CALCURCEAS_027,2024-12-01T03:21:54Z,2024-12-01T03:55:06Z,1992,GOBW,SWFSC,BEAKED_ANALYSIS,OD_CLICK_FM,DETECTED
SWFSC_NEPAC_20241123_CALCURCEAS_027,2024-12-01T04:34:41Z,2024-12-01T04:45:38Z,657,STBWH,SWFSC,BEAKED_ANALYSIS,OD_CLICK_FM,DETECTED
SWFSC_NEPAC_20241123_CALCURCEAS_027,2024-12-01T05:12:03Z,2024-12-01T05:39:12Z,1629,GOBW,SWFSC,BEAKED_ANALYSIS,OD_CLICK_FM,DETECTED
SWFSC_NEPAC_20241123_CALCURCEAS_027,2024-12-02T05:03:13Z,2024-12-02T05:24:03Z,1250,GOBW,SWFSC,BEAKED_ANALYSIS,OD_CLICK_FM,DETECTED
SWFSC_NEPAC_20241123_CALCURCEAS_027,2024-12-02T07:42:21Z,2024-12-02T07:46:29Z,248,GOBW,SWFSC,BEAKED_ANALYSIS,OD_CLICK_FM,DETECTED
SWFSC_NEPAC_20241123_CALCURCEAS_027,2024-12-02T07:45:59Z,2024-12-02T07:59:24Z,805,GTBW,SWFSC,BEAKED_ANALYSIS,OD_CLICK_FM,DETECTED
SWFSC_NEPAC_20241123_CALCURCEAS_027,2024-12-02T08:03:38Z,2024-12-02T08:16:20Z,762,GOBW,SWFSC,BEAKED_ANALYSIS,OD_CLICK_FM,DETECTED
SWFSC_NEPAC_20241123_CALCURCEAS_027,2024-12-02T10:41:00Z,2024-12-02T10:45:51Z,291,GOBW,SWFSC,BEAKED_ANALYSIS,OD_CLICK_FM,DETECTED
SWFSC_NEPAC_20241123_CALCURCEAS_027,2024-11-24T00:50:02Z,2024-11-24T00:50:04Z,2,GOBW,SWFSC,BEAKED_ANALYSIS,OD_CLICK_FM,DETECTED
