organization_code,deployment_code,recording_device_codes,recording_code,recording_start_datetime,recording_end_datetime,recording_duration_secs,recording_interval_secs,recording_sample_rate_khz,recording_bit_depth,recording_channel,recording_n_channels,recording_filetypes,recording_timezone,recording_usable_start_datetime,recording_usable_end_datetime,recording_usable_min_frequency_khz,recording_usable_max_frequency_khz,recording_quality_code,recording_device_lost,recording_device_depth_m,recording_device_calibration_state_code,recording_redacted,recording_ncei_archived,recording_json,recording_uri,recording_calibration_uri,recording_comments
SWFSC,SWFSC_BCN_20160824_PASCAL_006,"HTI_856053,HTI_856064",SOUNDTRAP_RECORDING,2016-08-24T13:00:23+0000,2016-08-30T03:29:26+0000,120.0,120.0,288.0,16,1,2,WAV,UTC,2016-08-24T13:00:23+0000,2016-08-30T03:29:26+0000,0.23,144.0,COMPROMISED,,100.0,,,,,gs://swfsc-1/2016_PASCAL/drifting_recorder/audio_wav/PASCAL_006,,
SWFSC,SWFSC_BCN_20160825_PASCAL_007,"HTI_856042,HTI_856045",SM3M_RECORDINGS,2016-08-25T09:30:05+0000,2016-09-13T09:30:03+0000,114.0,114.0,256.0,16,1,2,WAV,UTC,2016-08-25T09:30:05+0000,2016-09-13T09:30:03+0000,0.25,128.0,COMPROMISED,,100.0,,,,,gs://swfsc-1/2016_PASCAL/drifting_recorder/audio_wav/PASCAL_007,,
SWFSC,SWFSC_BCN_20181005_CCES_014,"HTI_856048,HTI_856059,SOUNDTRAP_1208791071",SOUNDTRAP_RECORDING,2018-10-05T06:01:04+0000,2018-11-01T16:43:03+0000,120.0,1200.0,576.0,16,1,2,WAV,UTC,2018-10-05T06:01:04+0000,2018-11-01T16:43:03+0000,0.03,576.0,GOOD,,150.0,,,,,gs://swfsc-1/2018_CCES/drifting_recorder/audio_wav/CCES_014,,
SWFSC,SWFSC_BCN_20181030_CCES_016,"HTI_856049,HTI_856068",SOUNDTRAP_RECORDING,2018-10-30T14:49:37+0000,2018-11-15T23:01:37+0000,120.0,600.0,576.0,16,1,2,WAV,UTC,2018-10-30T14:49:37+0000,2018-11-15T23:01:37+0000,0.03,576.0,GOOD,,150.0,,,,,gs://swfsc-1/2018_CCES/drifting_recorder/audio_wav/CCES_016,,
SWFSC,SWFSC_BCN_20181031_CCES_017,"HTI_856040,HTI_856073",SM3M_RECORDINGS,2018-10-31T00:00:00+0000,2018-11-24T04:30:00+0000,120.0,240.0,256.0,16,1,2,WAV,UTC,2018-10-31T00:00:00+0000,2018-11-24T04:30:00+0000,0.0,256.0,COMPROMISED,,100.0,,,,,gs://swfsc-1/2018_CCES/drifting_recorder/audio_wav/CCES_017,,
SWFSC,SWFSC_BCN_20181031_CCES_018,"HTI_856096,SOUNDTRAP_1208786975,HTI_856044",SOUNDTRAP_RECORDING,2018-10-31T10:05:29+0000,2018-11-16T04:12:29+0000,120.0,360.0,576.0,16,1,2,WAV,UTC,2018-10-31T10:05:29+0000,2018-11-16T04:12:29+0000,0.0,576.0,GOOD,,150.0,,,,,gs://swfsc-1/2018_CCES/drifting_recorder/audio_wav/CCES_018,,
SWFSC,SWFSC_BCN_20181101_CCES_019,"SOUNDTRAP_1678016538,HTI_856041,HTI_856095",SOUNDTRAP_RECORDING,2018-11-01T02:23:12+0000,2018-11-18T12:54:48+0000,120.0,600.0,576.0,16,1,2,WAV,UTC,2018-11-01T02:23:12+0000,2018-11-18T12:54:48+0000,0.03,576.0,GOOD,,150.0,,,,,gs://swfsc-1/2018_CCES/drifting_recorder/audio_wav/CCES_019,,
SWFSC,SWFSC_BCN_20181105_CCES_020,"HTI_856097,HTI_856017,SOUNDTRAP_1677738025",SOUNDTRAP_RECORDING,2018-11-05T14:22:39+0000,2018-11-22T09:16:43+0000,120.0,600.0,576.0,16,1,2,WAV,UTC,2018-11-05T14:22:39+0000,2018-11-22T09:16:43+0000,0.02,576.0,GOOD,,150.0,,,,,gs://swfsc-1/2018_CCES/drifting_recorder/audio_wav/CCES_020,,
SWFSC,SWFSC_BCN_20181106_CCES_021,"HTI_856048,HTI_856059,SOUNDTRAP_1208791071",SOUNDTRAP_RECORDING,2018-11-06T03:58:51+0000,2018-11-11T09:12:51+0000,120.0,360.0,576.0,16,1,2,WAV,UTC,2018-11-06T03:58:51+0000,2018-11-11T09:12:51+0000,0.05,576.0,GOOD,,150.0,,,,,gs://swfsc-1/2018_CCES/drifting_recorder/audio_wav/CCES_021,,
SWFSC,SWFSC_BCN_20181107_CCES_022,"SOUNDTRAP_1544081436,HTI_856051,HTI_856067",SOUNDTRAP_RECORDING,2018-11-07T14:23:49+0000,2018-11-23T18:55:49+0000,120.0,600.0,576.0,16,1,2,WAV,UTC,2018-11-07T14:23:49+0000,2018-11-23T18:55:49+0000,0.025,576.0,GOOD,,150.0,,,,,gs://swfsc-1/2018_CCES/drifting_recorder/audio_wav/CCES_022,,
SWFSC,SWFSC_BCN_20181122_CCES_023,"HTI_856048,HTI_856059,SOUNDTRAP_1208791071",SOUNDTRAP_RECORDING,2018-11-22T08:28:24+0000,2018-12-03T00:49:11+0000,120.0,300.0,576.0,16,1,2,WAV,UTC,2018-11-22T08:28:24+0000,2018-12-03T00:49:11+0000,0.02,576.0,GOOD,,150.0,,,,,gs://swfsc-1/2018_CCES/drifting_recorder/audio_wav/CCES_023,,
SWFSC,SWFSC_CHI_20160822_PASCAL_005,"HTI_856048,HTI_856059",SOUNDTRAP_RECORDING,2016-08-22T15:03:57+0000,2016-09-04T22:55:57+0000,120.0,600.0,288.0,16,1,2,WAV,UTC,2016-08-22T15:03:57+0000,2016-09-04T22:55:57+0000,0.0,144.0,GOOD,,100.0,,,,,gs://swfsc-1/2016_PASCAL/drifting_recorder/audio_wav/PASCAL_005,,
SWFSC,SWFSC_CHI_20160826_PASCAL_008,"HTI_856025,HTI_856028",SM2BAT_RECORDINGS,2016-08-26T04:56:00+0000,2016-09-14T02:46:00+0000,120.0,240.0,192.0,16,1,2,WAV,UTC,2016-08-26T04:56:00+0000,2016-09-14T02:46:00+0000,0.25,96.0,COMPROMISED,,100.0,,,,,gs://swfsc-1/2016_PASCAL/drifting_recorder/audio_wav/PASCAL_008,,
SWFSC,SWFSC_CHI_20160904_PASCAL_019,"HTI_856047,HTI_856062",SOUNDTRAP_RECORDING,2016-09-04T01:47:23+0000,2016-09-23T06:59:21+0000,120.0,600.0,288.0,16,1,2,WAV,UTC,2016-09-04T01:47:23+0000,2016-09-23T06:59:21+0000,0.046,144.0,GOOD,,100.0,,,,,gs://swfsc-1/2016_PASCAL/drifting_recorder/audio_wav/PASCAL_019,,
SWFSC,SWFSC_CHI_20160906_PASCAL_020,"HTI_856056,HTI_856061",SOUNDTRAP_RECORDING,2016-09-06T02:37:11+0000,2016-09-29T05:18:16+0000,120.0,600.0,288.0,16,1,2,WAV,UTC,2016-09-06T02:37:11+0000,2016-09-29T05:18:16+0000,0.167,144.0,COMPROMISED,,100.0,,,,,gs://swfsc-1/2016_PASCAL/drifting_recorder/audio_wav/PASCAL_020,,
SWFSC,SWFSC_CHI_20160924_PASCAL_026,"HTI_856050,HTI_856065",SOUNDTRAP_RECORDING_0774,2016-09-24T15:15:28+0000,2016-09-26T04:21:29+0000,120.0,120.0,288.0,16,1,2,WAV,UTC,2016-09-24T15:15:28+0000,2016-09-26T04:21:29+0000,0.0,144.0,GOOD,,100.0,,,,,gs://swfsc-1/2016_PASCAL/drifting_recorder/audio_wav/PASCAL_026,,
SWFSC,SWFSC_CHI_20160924_PASCAL_026,,SOUNDTRAP_RECORDING_3689,2016-09-24T15:15:58+0000,2016-09-26T04:22:03+0000,120.0,120.0,288.0,16,1,2,WAV,UTC,2016-09-24T15:15:58+0000,2016-09-26T04:22:03+0000,0.0,144.0,GOOD,,250.0,,,,,gs://swfsc-1/2016_PASCAL/drifting_recorder/audio_wav/PASCAL_026,,
SWFSC,SWFSC_CHI_20160924_PASCAL_027,"HTI_856049,HTI_856068",SOUNDTRAP_RECORDING,2016-09-24T15:49:50+0000,2016-09-26T03:53:51+0000,120.0,120.0,288.0,16,1,2,WAV,UTC,2016-09-24T15:49:50+0000,2016-09-26T03:53:51+0000,0.0,144.0,GOOD,,100.0,,,,,gs://swfsc-1/2016_PASCAL/drifting_recorder/audio_wav/PASCAL_027,,
SWFSC,SWFSC_CHI_20160924_PASCAL_028,"HTI_856055,HTI_856066",SOUNDTRAP_RECORDING,2016-09-24T16:40:33+0000,2016-09-29T03:38:00+0000,120.0,120.0,288.0,16,1,2,WAV,UTC,2016-09-24T16:40:33+0000,2016-09-29T03:38:00+0000,0.0,144.0,GOOD,,100.0,,,,,gs://swfsc-1/2016_PASCAL/drifting_recorder/audio_wav/PASCAL_028,,
SWFSC,SWFSC_CHI_20160926_PASCAL_029,"HTI_856050,HTI_856065",SOUNDTRAP_RECORDING_0774,2016-09-26T05:39:29+0000,2016-09-28T14:17:31+0000,120.0,120.0,288.0,16,1,2,WAV,UTC,2016-09-26T05:39:29+0000,2016-09-28T14:17:31+0000,0.25,144.0,COMPROMISED,,100.0,,,,,gs://swfsc-1/2016_PASCAL/drifting_recorder/audio_wav/PASCAL_029,,
SWFSC,SWFSC_CHI_20160926_PASCAL_029,,SOUNDTRAP_RECORDING_3689,2016-09-26T05:42:04+0000,2016-09-28T14:18:11+0000,120.0,120.0,288.0,16,1,2,WAV,UTC,2016-09-26T05:42:04+0000,2016-09-28T14:18:11+0000,0.0,144.0,GOOD,,250.0,,,,,gs://swfsc-1/2016_PASCAL/drifting_recorder/audio_wav/PASCAL_029,,
SWFSC,SWFSC_CHI_20160926_PASCAL_030,"HTI_856049,HTI_856068",SOUNDTRAP_RECORDING,2016-09-26T06:07:51+0000,2016-09-28T15:13:54+0000,120.0,120.0,288.0,16,1,2,WAV,UTC,2016-09-26T06:07:51+0000,2016-09-28T15:13:54+0000,0.0,144.0,GOOD,,100.0,,,,,gs://swfsc-1/2016_PASCAL/drifting_recorder/audio_wav/PASCAL_030,,
SWFSC,SWFSC_CHI_20180911_CCES_013,"HTI_856051,HTI_856067,SOUNDTRAP_1677738025",SOUNDTRAP_RECORDING,2018-09-11T20:56:28+0000,2018-10-23T13:58:28+0000,120.0,1200.0,288.0,16,1,2,WAV,UTC,2018-09-11T20:56:28+0000,2018-10-23T13:58:28+0000,0.025,288.0,GOOD,,150.0,,,,,gs://swfsc-1/2018_CCES/drifting_recorder/audio_wav/CCES_013,,
SWFSC,SWFSC_COL_20160829_PASCAL_012,"HTI_856049,HTI_856068",SOUNDTRAP_RECORDING,2016-08-29T09:01:46+0000,2016-09-17T19:53:46+0000,120.0,600.0,288.0,16,1,2,WAV,UTC,2016-08-29T09:01:46+0000,2016-09-17T19:53:46+0000,0.027,144.0,GOOD,,100.0,,,,,gs://swfsc-1/2016_PASCAL/drifting_recorder/audio_wav/PASCAL_012,,
SWFSC,SWFSC_COL_20160829_PASCAL_013,"HTI_856040,HTI_856044",SM3M_RECORDINGS,2016-08-29T20:50:05+0000,2016-09-15T17:26:06+0000,120.0,120.0,256.0,16,1,2,WAV,UTC,2016-08-29T20:50:05+0000,2016-09-15T17:26:06+0000,0.25,128.0,COMPROMISED,,100.0,,,,,gs://swfsc-1/2016_PASCAL/drifting_recorder/audio_wav/PASCAL_013,,
SWFSC,SWFSC_HMB_20210609_ADRIFT_002,"SOUNDTRAP_5296,HTI_856097,HTI_856059",SOUNDTRAP_RECORDING,2021-06-09T18:12:23+0000,2021-06-16T22:48:53+0000,360.0,360.0,384.0,16,1,2,WAV,UTC,2021-06-09T18:12:23+0000,2021-06-16T22:48:53+0000,0.025,384.0,COMPROMISED,,100.0,,,,,gs://swfsc-1/2021-23_ADRIFT_Rankin/drifting_recorder/audio_wav/ADRIFT_002,,
SWFSC,SWFSC_HUM_20160821_PASCAL_002,"HTI_856056,HTI_856061",SOUNDTRAP_RECORDING,2016-08-20T18:44:06+0000,2016-09-01T02:06:05+0000,120.0,600.0,288.0,16,1,2,WAV,UTC,2016-08-20T18:44:06+0000,2016-09-01T02:06:05+0000,0.028,144.0,GOOD,,100.0,,,,,gs://swfsc-1/2016_PASCAL/drifting_recorder/audio_wav/PASCAL_002,,
SWFSC,SWFSC_HUM_20160901_PASCAL_016,"HTI_856054,HTI_856057",SOUNDTRAP_RECORDING,2016-09-01T13:22:02+0000,2016-09-21T00:04:02+0000,120.0,600.0,288.0,16,1,2,WAV,UTC,2016-09-01T13:22:02+0000,2016-09-21T00:04:02+0000,0.1,144.0,COMPROMISED,,100.0,,,,,gs://swfsc-1/2016_PASCAL/drifting_recorder/audio_wav/PASCAL_016,,
SWFSC,SWFSC_HUM_20180725_CCES_004,"HTI_856040,HTI_856073",SM3M_RECORDINGS,2018-07-30T00:00:00+0000,2018-10-12T23:59:59+0000,120.0,1200.0,256.0,16,1,2,WAV,UTC,2018-07-30T00:00:00+0000,2018-10-12T23:59:59+0000,0.1,256.0,COMPROMISED,,100.0,,,,,gs://swfsc-1/2018_CCES/drifting_recorder/audio_wav/CCES_004,,
SWFSC,SWFSC_HUM_20180805_CCES_007,"HTI_856049,HTI_856068,SOUNDTRAP_1208791071",SOUNDTRAP_RECORDING,2018-08-05T15:27:50+0000,2018-09-22T18:09:50+0000,120.0,1200.0,288.0,16,1,2,WAV,UTC,2018-08-05T15:27:50+0000,2018-09-22T18:09:50+0000,0.02,288.0,GOOD,,150.0,,,,,gs://swfsc-1/2018_CCES/drifting_recorder/audio_wav/CCES_007,,
SWFSC,SWFSC_HUM_20180816_CCES_008,"SOUNDTRAP_1678016538,HTI_856041,HTI_856095",SOUNDTRAP_RECORDING,2018-08-16T04:38:04+0000,2018-10-01T01:59:55+0000,120.0,1200.0,288.0,16,1,2,WAV,UTC,2018-08-16T04:38:04+0000,2018-10-01T01:59:55+0000,0.03,288.0,GOOD,,150.0,,,,,gs://swfsc-1/2018_CCES/drifting_recorder/audio_wav/CCES_008,,
SWFSC,SWFSC_HUM_20210822_ADRIFT_001,"SOUNDTRAP_5987,HTI_856147,HTI_856135",SOUNDTRAP_RECORDING,2021-08-22T18:59:59+0000,2021-08-29T09:30:30+0000,360.0,720.0,384.0,16,1,2,WAV,UTC,2021-08-22T18:59:59+0000,2021-08-29T09:30:30+0000,0.05,384.0,COMPROMISED,,100.0,,,,,gs://swfsc-1/2021-23_ADRIFT_Rankin/drifting_recorder/audio_wav/ADRIFT_001,,
SWFSC,SWFSC_HUM_20220118_ADRIFT_012,"HTI_856168,HTI_856162,SOUNDTRAP_5992",SOUNDTRAP_RECORDING,2022-01-18T03:42:19+0000,2022-01-21T19:39:12+0000,360.0,360.0,384.0,16,1,2,WAV,UTC,2022-01-18T03:42:19+0000,2022-01-21T19:39:12+0000,0.03,192.0,COMPROMISED,,100.0,,,,,gs://swfsc-1/2021-23_ADRIFT_Rankin/drifting_recorder/audio_wav/ADRIFT_012,,
SWFSC,SWFSC_HUM_20220425_ADRIFT_017,"HTI_856168,HTI_856162,SOUNDTRAP_5987",SOUNDTRAP_RECORDING,2022-04-25T18:59:59+0000,2022-04-28T19:22:16+0000,1350.0,1350.0,384.0,16,1,2,WAV,UTC,2022-04-25T18:59:59+0000,2022-04-28T19:22:16+0000,0.08,192.0,GOOD,,100.0,,,,,gs://swfsc-1/2021-23_ADRIFT_Rankin/drifting_recorder/audio_wav/ADRIFT_017,,
SWFSC,SWFSC_HUM_20220425_ADRIFT_018,"SOUNDTRAP_5989,HTI_856155,HTI_856166",SOUNDTRAP_RECORDING,2022-04-25T19:59:57+0000,2022-04-28T20:22:15+0000,1350.0,1350.0,384.0,16,1,2,WAV,UTC,2022-04-25T19:59:57+0000,2022-04-28T20:22:15+0000,0.08,192.0,GOOD,,100.0,,,,,gs://swfsc-1/2021-23_ADRIFT_Rankin/drifting_recorder/audio_wav/ADRIFT_018,,
SWFSC,SWFSC_HUM_20220728_ADRIFT_030,"HTI_856176,HTI_856161,SOUNDTRAP_5987",SOUNDTRAP_RECORDING,2022-07-28T18:59:58+0000,2022-08-01T11:29:40+0000,1350.0,1350.0,384.0,16,1,2,WAV,UTC,2022-07-28T18:59:58+0000,2022-08-01T11:29:40+0000,0.05,192.0,GOOD,,100.0,,,,,gs://swfsc-1/2021-23_ADRIFT_Rankin/drifting_recorder/audio_wav/ADRIFT_030,,
SWFSC,SWFSC_HUM_20220728_ADRIFT_031,"SOUNDTRAP_5984,HTI_856155,HTI_856166",SOUNDTRAP_RECORDING,2022-07-28T18:59:58+0000,2022-08-01T08:52:13+0000,1350.0,1350.0,384.0,16,1,2,WAV,UTC,2022-07-28T18:59:58+0000,2022-08-01T08:52:13+0000,0.05,192.0,GOOD,,100.0,,,,,gs://swfsc-1/2021-23_ADRIFT_Rankin/drifting_recorder/audio_wav/ADRIFT_031,,
SWFSC,SWFSC_HUM_20220913_ADRIFT_032,"SOUNDTRAP_5987,HTI_856155,HTI_856166",SOUNDTRAP_RECORDING,2022-09-13T06:59:56+0000,2022-09-15T18:14:45+0000,1350.0,1350.0,384.0,16,1,2,WAV,UTC,2022-09-13T06:59:56+0000,2022-09-15T18:14:45+0000,0.03,192.0,GOOD,,100.0,,,,,gs://swfsc-1/2021-23_ADRIFT_Rankin/drifting_recorder/audio_wav/ADRIFT_032,,
SWFSC,SWFSC_HUM_20220913_ADRIFT_033,"HTI_856168,SOUNDTRAP_5984,HTI_856162",SOUNDTRAP_RECORDING,2022-09-13T04:44:56+0000,2022-09-15T17:29:45+0000,1350.0,1350.0,384.0,16,1,2,WAV,UTC,2022-09-13T04:44:56+0000,2022-09-15T17:29:45+0000,0.25,192.0,COMPROMISED,,100.0,,,,,gs://swfsc-1/2021-23_ADRIFT_Rankin/drifting_recorder/audio_wav/ADRIFT_033,,
SWFSC,SWFSC_HUM_20221116_ADRIFT_036,"SOUNDTRAP_5984,HTI_856155,HTI_856166",SOUNDTRAP_RECORDING,2022-11-16T19:14:57+0000,2022-11-20T07:37:12+0000,1350.0,1350.0,384.0,16,1,2,WAV,UTC,2022-11-16T19:14:57+0000,2022-11-20T07:37:12+0000,0.05,192.0,GOOD,,100.0,,,,,gs://swfsc-1/2021-23_ADRIFT_Rankin/drifting_recorder/audio_wav/ADRIFT_036,,
SWFSC,SWFSC_HUM_20221116_ADRIFT_037,"HTI_856162,HTI_856168",SOUNDTRAP_RECORDING,2022-11-16T18:59:58+0000,2022-11-21T10:59:46+0000,1350.0,1350.0,288.0,16,1,2,WAV,UTC,2022-11-16T18:59:58+0000,2022-11-21T10:59:46+0000,0.03,192.0,GOOD,,100.0,,,,,gs://swfsc-1/2021-23_ADRIFT_Rankin/drifting_recorder/audio_wav/ADRIFT_037,,
SWFSC,SWFSC_HUM_20221116_ADRIFT_038,"HTI_856176,HTI_856161,SOUNDTRAP_5987",SOUNDTRAP_RECORDING,2022-11-16T19:14:57+0000,2022-11-20T03:29:42+0000,1350.0,1350.0,384.0,16,1,2,WAV,UTC,2022-11-16T19:14:57+0000,2022-11-20T03:29:42+0000,0.05,192.0,GOOD,,100.0,,,,,gs://swfsc-1/2021-23_ADRIFT_Rankin/drifting_recorder/audio_wav/ADRIFT_038,,
SWFSC,SWFSC_HUM_20221213_ADRIFT_039,"SOUNDTRAP_5984,HTI_856155,HTI_856166",SOUNDTRAP_RECORDING,2022-12-13T21:29:57+0000,2022-12-16T20:22:14+0000,1350.0,1350.0,384.0,16,1,2,WAV,UTC,2022-12-13T21:29:57+0000,2022-12-16T20:22:14+0000,1.0,192.0,COMPROMISED,,100.0,,,,,gs://swfsc-1/2021-23_ADRIFT_Rankin/drifting_recorder/audio_wav/ADRIFT_039,,
SWFSC,SWFSC_HUM_20221213_ADRIFT_040,"HTI_856162,HTI_856168",SOUNDTRAP_RECORDING,2022-12-13T21:29:57+0000,2022-12-16T21:29:49+0000,1350.0,1350.0,288.0,16,1,2,WAV,UTC,2022-12-13T21:29:57+0000,2022-12-16T21:29:49+0000,0.25,192.0,GOOD,,100.0,,,,,gs://swfsc-1/2021-23_ADRIFT_Rankin/drifting_recorder/audio_wav/ADRIFT_040,,
SWFSC,SWFSC_HUM_20221213_ADRIFT_041,"HTI_856176,HTI_856161,SOUNDTRAP_5987",SOUNDTRAP_RECORDING,2022-12-13T21:52:27+0000,2022-12-16T22:37:14+0000,1350.0,1350.0,384.0,16,1,2,WAV,UTC,2022-12-13T21:52:27+0000,2022-12-16T22:37:14+0000,0.25,192.0,COMPROMISED,,100.0,,,,,gs://swfsc-1/2021-23_ADRIFT_Rankin/drifting_recorder/audio_wav/ADRIFT_041,,
SWFSC,SWFSC_HUM_20230316_ADRIFT_054,"SOUNDTRAP_5984,HTI_856155,HTI_856166",SOUNDTRAP_RECORDING,2023-03-16T18:29:57+0000,2023-03-18T16:59:48+0000,1350.0,1350.0,384.0,16,1,2,WAV,UTC,2023-03-16T18:29:57+0000,2023-03-18T16:59:48+0000,0.25,192.0,COMPROMISED,,100.0,,,,,gs://swfsc-1/2021-23_ADRIFT_Rankin/drifting_recorder/audio_wav/ADRIFT_054,,
SWFSC,SWFSC_HUM_20230316_ADRIFT_055,"HTI_856161,HTI_856176",SOUNDTRAP_RECORDING,2023-03-16T18:29:57+0000,2023-03-18T17:29:52+0000,1350.0,1350.0,288.0,16,1,2,WAV,UTC,2023-03-16T18:29:57+0000,2023-03-18T17:29:52+0000,0.25,192.0,COMPROMISED,,100.0,,,,,gs://swfsc-1/2021-23_ADRIFT_Rankin/drifting_recorder/audio_wav/ADRIFT_055,,
SWFSC,SWFSC_HUM_20230316_ADRIFT_057,"HTI_856168,HTI_856162,SOUNDTRAP_5992",SOUNDTRAP_RECORDING,2023-03-16T19:14:57+0000,2023-03-18T16:59:48+0000,1350.0,1350.0,384.0,16,1,2,WAV,UTC,2023-03-16T19:14:57+0000,2023-03-18T16:59:48+0000,1.0,192.0,COMPROMISED,,100.0,,,,,gs://swfsc-1/2021-23_ADRIFT_Rankin/drifting_recorder/audio_wav/ADRIFT_057,,
SWFSC,SWFSC_HUM_20230507_ADRIFT_068,"HTI_856155,SOUNDTRAP_5992,HTI_856166",SOUNDTRAP_RECORDING,2023-05-07T00:29:57+0000,2023-05-09T16:14:48+0000,1350.0,1350.0,384.0,16,1,2,WAV,UTC,2023-05-07T00:29:57+0000,2023-05-09T16:14:48+0000,0.25,192.0,COMPROMISED,,100.0,,,,,gs://swfsc-1/2021-23_ADRIFT_Rankin/drifting_recorder/audio_wav/ADRIFT_068,,
SWFSC,SWFSC_HUM_20230507_ADRIFT_070,"SOUNDTRAP_5984,HTI_856156,HTI_856167",SOUNDTRAP_RECORDING,2023-05-07T00:52:27+0000,2023-05-09T17:44:46+0000,1350.0,1350.0,384.0,16,1,2,WAV,UTC,2023-05-07T00:52:27+0000,2023-05-09T17:44:46+0000,0.05,192.0,GOOD,,100.0,,,,,gs://swfsc-1/2021-23_ADRIFT_Rankin/drifting_recorder/audio_wav/ADRIFT_070,,
SWFSC,SWFSC_HUM_20230507_ADRIFT_071,"HTI_856162,HTI_856168",SOUNDTRAP_RECORDING,2023-05-07T00:59:58+0000,2023-05-09T17:59:47+0000,1350.0,1350.0,288.0,16,1,2,WAV,UTC,2023-05-07T00:59:58+0000,2023-05-09T17:59:47+0000,0.25,192.0,COMPROMISED,,100.0,,,,,gs://swfsc-1/2021-23_ADRIFT_Rankin/drifting_recorder/audio_wav/ADRIFT_071,,
SWFSC,SWFSC_HUM_20230825_ADRIFT_088,"HTI_856155,SOUNDTRAP_5992,HTI_856166",SOUNDTRAP_RECORDING,2023-08-25T17:29:58+0000,2023-08-28T20:23:59+0000,360.0,360.0,384.0,16,1,2,WAV,UTC,2023-08-25T17:29:58+0000,2023-08-28T20:23:59+0000,0.25,192.0,COMPROMISED,,100.0,,,,,gs://swfsc-1/2021-23_ADRIFT_Rankin/drifting_recorder/audio_wav/ADRIFT_088,,
SWFSC,SWFSC_HUM_20230825_ADRIFT_089,"HTI_856176,HTI_856161,SOUNDTRAP_5990",SOUNDTRAP_RECORDING,2023-08-25T17:17:58+0000,2023-08-26T18:23:58+0000,360.0,360.0,384.0,16,1,2,WAV,UTC,2023-08-25T17:17:58+0000,2023-08-26T18:23:58+0000,0.05,192.0,COMPROMISED,,100.0,,,,,gs://swfsc-1/2021-23_ADRIFT_Rankin/drifting_recorder/audio_wav/ADRIFT_089,,
SWFSC,SWFSC_HUM_20230825_ADRIFT_090,"SOUNDTRAP_5984,HTI_856156,HTI_856167",SOUNDTRAP_RECORDING,2023-08-25T17:41:58+0000,2023-08-26T21:11:58+0000,360.0,360.0,384.0,16,1,2,WAV,UTC,2023-08-25T17:41:58+0000,2023-08-26T21:11:58+0000,0.05,192.0,COMPROMISED,,100.0,,,,,gs://swfsc-1/2021-23_ADRIFT_Rankin/drifting_recorder/audio_wav/ADRIFT_090,,
SWFSC,SWFSC_HUM_20230825_ADRIFT_091,"HTI_856162,HTI_856168",SOUNDTRAP_RECORDING,2023-08-25T18:05:58+0000,2023-08-28T21:29:59+0000,360.0,360.0,288.0,16,1,2,WAV,UTC,2023-08-25T18:05:58+0000,2023-08-28T21:29:59+0000,0.05,192.0,COMPROMISED,,100.0,,,,,gs://swfsc-1/2021-23_ADRIFT_Rankin/drifting_recorder/audio_wav/ADRIFT_091,,
SWFSC,SWFSC_HUM_20231005_ADRIFT_097,"HTI_856155,SOUNDTRAP_5992,HTI_856166",SOUNDTRAP_RECORDING,2023-10-05T23:29:58+0000,2023-10-06T23:23:58+0000,360.0,360.0,384.0,16,1,2,WAV,UTC,2023-10-05T23:29:58+0000,2023-10-06T23:23:58+0000,0.075,192.0,COMPROMISED,,100.0,,,,,gs://swfsc-1/2021-23_ADRIFT_Rankin/drifting_recorder/audio_wav/ADRIFT_097,,
SWFSC,SWFSC_HUM_20231005_ADRIFT_098,"HTI_856176,HTI_856161,SOUNDTRAP_5990",SOUNDTRAP_RECORDING,2023-10-05T23:29:58+0000,2023-10-06T23:41:58+0000,360.0,360.0,384.0,16,1,2,WAV,UTC,2023-10-05T23:29:58+0000,2023-10-06T23:41:58+0000,0.08,192.0,COMPROMISED,,100.0,,,,,gs://swfsc-1/2021-23_ADRIFT_Rankin/drifting_recorder/audio_wav/ADRIFT_098,,
SWFSC,SWFSC_HUM_20231005_ADRIFT_099,"SOUNDTRAP_5984,HTI_856156,HTI_856167",SOUNDTRAP_RECORDING,2023-10-05T23:41:58+0000,2023-10-06T23:53:58+0000,360.0,360.0,384.0,16,1,2,WAV,UTC,2023-10-05T23:41:58+0000,2023-10-06T23:53:58+0000,0.25,192.0,COMPROMISED,,100.0,,,,,gs://swfsc-1/2021-23_ADRIFT_Rankin/drifting_recorder/audio_wav/ADRIFT_099,,
SWFSC,SWFSC_HUM_20231005_ADRIFT_100,"HTI_856162,HTI_856168",SOUNDTRAP_RECORDING,2023-10-05T23:53:58+0000,2023-10-07T00:23:58+0000,360.0,360.0,288.0,16,1,2,WAV,UTC,2023-10-05T23:53:58+0000,2023-10-07T00:23:58+0000,0.25,192.0,COMPROMISED,,100.0,,,,,gs://swfsc-1/2021-23_ADRIFT_Rankin/drifting_recorder/audio_wav/ADRIFT_100,,
SWFSC,SWFSC_MBY_20160822_PASCAL_004,"HTI_856058,HTI_856060",SOUNDTRAP_RECORDING,2016-08-22T00:28:27+0000,2016-09-03T19:14:33+0000,120.0,600.0,288.0,16,1,2,WAV,UTC,2016-08-22T00:28:27+0000,2016-09-03T19:14:33+0000,0.07,144.0,GOOD,,100.0,,,,,gs://swfsc-1/2016_PASCAL/drifting_recorder/audio_wav/PASCAL_004,,
SWFSC,SWFSC_MBY_20160827_PASCAL_009,"HTI_856050,HTI_856065",SOUNDTRAP_RECORDING_1436,2016-08-27T00:22:14+0000,2016-09-15T13:04:14+0000,120.0,600.0,288.0,16,1,2,WAV,UTC,2016-08-27T00:22:14+0000,2016-09-15T13:04:14+0000,0.0,288.0,GOOD,,100.0,,,,,gs://swfsc-1/2016_PASCAL/drifting_recorder/audio_wav/PASCAL_009,,
SWFSC,SWFSC_MBY_20160827_PASCAL_009,,SOUNDTRAP_RECORDING_3689,2016-08-27T02:14:57+0000,2016-09-15T20:12:13+0000,120.0,120.0,48.0,16,1,2,WAV,UTC,2016-08-27T02:14:57+0000,2016-09-15T20:12:13+0000,0.0,24.0,GOOD,,100.0,,,,,gs://swfsc-1/2016_PASCAL/drifting_recorder/audio_wav/PASCAL_009,,
SWFSC,SWFSC_MBY_20160903_PASCAL_018,HTI_856026,SM2BAT_RECORDINGS,2016-09-03T05:32:00+0000,2016-09-22T11:50:00+0000,120.0,240.0,192.0,16,1,2,WAV,UTC,2016-09-03T05:32:00+0000,2016-09-22T11:50:00+0000,0.0,96.0,GOOD,,100.0,,,,,gs://swfsc-1/2016_PASCAL/drifting_recorder/audio_wav/PASCAL_018,,
SWFSC,SWFSC_MBY_20220621_ADRIFT_019,"HTI_856169,HTI_856157,SOUNDTRAP_6673",SOUNDTRAP_RECORDING,2022-06-21T16:15:00+0000,2022-06-25T22:14:42+0000,1350.0,1350.0,384.0,16,1,2,WAV,UTC,2022-06-21T16:15:00+0000,2022-06-25T22:14:42+0000,0.3,192.0,COMPROMISED,,100.0,,,,,gs://swfsc-1/2021-23_ADRIFT_Rankin/drifting_recorder/audio_wav/ADRIFT_019,,
SWFSC,SWFSC_MBY_20220621_ADRIFT_020,"HTI_856156,SOUNDTRAP_6666,HTI_856167",SOUNDTRAP_RECORDING,2022-06-21T16:45:00+0000,2022-06-25T17:52:13+0000,1350.0,1350.0,384.0,16,1,2,WAV,UTC,2022-06-21T16:45:00+0000,2022-06-25T17:52:13+0000,0.4,192.0,COMPROMISED,,100.0,,,,,gs://swfsc-1/2021-23_ADRIFT_Rankin/drifting_recorder/audio_wav/ADRIFT_020,,
SWFSC,SWFSC_MBY_20220621_ADRIFT_021,"HTI_856164,SOUNDTRAP_6670,HTI_856175",SOUNDTRAP_RECORDING,2022-06-21T17:07:29+0000,2022-06-25T18:37:12+0000,1350.0,1350.0,384.0,16,1,2,WAV,UTC,2022-06-21T17:07:29+0000,2022-06-25T18:37:12+0000,0.8,192.0,COMPROMISED,,100.0,,,,,gs://swfsc-1/2021-23_ADRIFT_Rankin/drifting_recorder/audio_wav/ADRIFT_021,,
SWFSC,SWFSC_MBY_20220621_ADRIFT_022,"HTI_856177,SOUNDTRAP_6667,HTI_856159",SOUNDTRAP_RECORDING,2022-06-21T17:37:30+0000,2022-06-25T16:52:16+0000,1350.0,1350.0,384.0,16,1,2,WAV,UTC,2022-06-21T17:37:30+0000,2022-06-25T16:52:16+0000,1.5,192.0,COMPROMISED,,100.0,,,,,gs://swfsc-1/2021-23_ADRIFT_Rankin/drifting_recorder/audio_wav/ADRIFT_022,,
SWFSC,SWFSC_MBY_20220621_ADRIFT_023,"HTI_856144,SOUNDTRAP_6665,HTI_856141",SOUNDTRAP_RECORDING,2022-06-21T18:52:29+0000,2022-06-25T21:29:41+0000,1350.0,1350.0,384.0,16,1,2,WAV,UTC,2022-06-21T18:52:29+0000,2022-06-25T21:29:41+0000,0.8,192.0,COMPROMISED,,100.0,,,,,gs://swfsc-1/2021-23_ADRIFT_Rankin/drifting_recorder/audio_wav/ADRIFT_023,,
SWFSC,SWFSC_MBY_20220621_ADRIFT_024,"SOUNDTRAP_6664,HTI_856163,HTI_856171",SOUNDTRAP_RECORDING,2022-06-21T19:29:59+0000,2022-06-25T20:14:42+0000,1350.0,1350.0,384.0,16,1,2,WAV,UTC,2022-06-21T19:29:59+0000,2022-06-25T20:14:42+0000,0.065,192.0,GOOD,,100.0,,,,,gs://swfsc-1/2021-23_ADRIFT_Rankin/drifting_recorder/audio_wav/ADRIFT_024,,
SWFSC,SWFSC_MBY_20220621_ADRIFT_025,"HTI_856139,HTI_856148,SOUNDTRAP_6672",SOUNDTRAP_RECORDING,2022-06-21T19:44:59+0000,2022-06-25T17:29:42+0000,1350.0,1350.0,384.0,16,1,2,WAV,UTC,2022-06-21T19:44:59+0000,2022-06-25T17:29:42+0000,0.01,192.0,GOOD,,100.0,,,,,gs://swfsc-1/2021-23_ADRIFT_Rankin/drifting_recorder/audio_wav/ADRIFT_025,,
SWFSC,SWFSC_MBY_20220621_ADRIFT_026,"HTI_856173,SOUNDTRAP_6663,HTI_856165",SOUNDTRAP_RECORDING,2022-06-21T20:22:29+0000,2022-06-25T20:44:44+0000,1350.0,1350.0,384.0,16,1,2,WAV,UTC,2022-06-21T20:22:29+0000,2022-06-25T20:44:44+0000,20.0,192.0,COMPROMISED,,100.0,,,,,gs://swfsc-1/2021-23_ADRIFT_Rankin/drifting_recorder/audio_wav/ADRIFT_026,,
SWFSC,SWFSC_MBY_20230311_ADRIFT_046,"SOUNDTRAP_6655,HTI_856172,HTI_856158",SOUNDTRAP_RECORDING,2023-03-11T19:00:00+0000,2023-03-16T21:30:01+0000,360.0,360.0,384.0,16,1,2,WAV,UTC,2023-03-11T19:00:00+0000,2023-03-16T21:30:01+0000,0.03,192.0,GOOD,,100.0,,,,,gs://swfsc-1/2021-23_ADRIFT_Rankin/drifting_recorder/audio_wav/ADRIFT_046,,
SWFSC,SWFSC_MBY_20230311_ADRIFT_047,"SOUNDTRAP_6668,HTI_856117,HTI_856128",SOUNDTRAP_RECORDING,2023-03-11T19:30:00+0000,2023-03-16T21:12:01+0000,360.0,360.0,384.0,16,1,2,WAV,UTC,2023-03-11T19:30:00+0000,2023-03-16T21:12:01+0000,0.05,192.0,GOOD,,100.0,,,,,gs://swfsc-1/2021-23_ADRIFT_Rankin/drifting_recorder/audio_wav/ADRIFT_047,,
SWFSC,SWFSC_MBY_20230311_ADRIFT_048,"HTI_856169,HTI_856157,SOUNDTRAP_7519",SOUNDTRAP_RECORDING,2023-03-11T19:54:00+0000,2023-03-18T18:12:02+0000,360.0,360.0,384.0,16,1,2,WAV,UTC,2023-03-11T19:54:00+0000,2023-03-18T18:12:02+0000,0.05,192.0,GOOD,,100.0,,,,,gs://swfsc-1/2021-23_ADRIFT_Rankin/drifting_recorder/audio_wav/ADRIFT_048,,
SWFSC,SWFSC_MBY_20230311_ADRIFT_049,"HTI_856141,HTI_856144",SOUNDTRAP_RECORDING,2023-03-11T20:35:59+0000,2023-03-16T17:42:01+0000,360.0,360.0,384.0,16,1,2,WAV,UTC,2023-03-11T20:35:59+0000,2023-03-16T17:42:01+0000,0.0,192.0,GOOD,,100.0,,,,,gs://swfsc-1/2021-23_ADRIFT_Rankin/drifting_recorder/audio_wav/ADRIFT_049,,
SWFSC,SWFSC_MBY_20230311_ADRIFT_050,"HTI_856173,SOUNDTRAP_6664,HTI_856165",SOUNDTRAP_RECORDING,2023-03-11T21:00:00+0000,2023-03-16T20:00:01+0000,360.0,360.0,384.0,16,1,2,WAV,UTC,2023-03-11T21:00:00+0000,2023-03-16T20:00:01+0000,0.03,192.0,GOOD,,100.0,,,,,gs://swfsc-1/2021-23_ADRIFT_Rankin/drifting_recorder/audio_wav/ADRIFT_050,,
SWFSC,SWFSC_MBY_20230311_ADRIFT_051,"HTI_856154,HTI_856170,SOUNDTRAP_6667",SOUNDTRAP_RECORDING,2023-03-11T21:30:00+0000,2023-03-16T19:24:00+0000,360.0,360.0,384.0,16,1,2,WAV,UTC,2023-03-11T21:30:00+0000,2023-03-16T19:24:00+0000,0.05,192.0,GOOD,,100.0,,,,,gs://swfsc-1/2021-23_ADRIFT_Rankin/drifting_recorder/audio_wav/ADRIFT_051,,
SWFSC,SWFSC_MBY_20230311_ADRIFT_052,"HTI_856164,SOUNDTRAP_7517,HTI_856175",SOUNDTRAP_RECORDING,2023-03-11T21:54:00+0000,2023-03-16T22:54:01+0000,360.0,360.0,384.0,16,1,2,WAV,UTC,2023-03-11T21:54:00+0000,2023-03-16T22:54:01+0000,0.075,192.0,GOOD,,100.0,,,,,gs://swfsc-1/2021-23_ADRIFT_Rankin/drifting_recorder/audio_wav/ADRIFT_052,,
SWFSC,SWFSC_MBY_20230311_ADRIFT_053,"SOUNDTRAP_6665,HTI_856148,HTI_856139",SOUNDTRAP_RECORDING,2023-03-11T22:18:00+0000,2023-03-16T23:30:01+0000,360.0,360.0,384.0,16,1,2,WAV,UTC,2023-03-11T22:18:00+0000,2023-03-16T23:30:01+0000,0.05,192.0,GOOD,,100.0,,,,,gs://swfsc-1/2021-23_ADRIFT_Rankin/drifting_recorder/audio_wav/ADRIFT_053,,
SWFSC,SWFSC_MBY_20230711_ADRIFT_079,"HTI_856170,SOUNDTRAP_6664,HTI_856154",SOUNDTRAP_RECORDING,2023-07-11T19:54:00+0000,2023-07-16T16:24:02+0000,360.0,360.0,384.0,16,1,2,WAV,UTC,2023-07-11T19:54:00+0000,2023-07-16T16:24:02+0000,0.2,192.0,GOOD,,100.0,,,,,gs://swfsc-1/2021-23_ADRIFT_Rankin/drifting_recorder/audio_wav/ADRIFT_079,,
SWFSC,SWFSC_MBY_20230711_ADRIFT_080,"HTI_856173,SOUNDTRAP_6655,HTI_856165",SOUNDTRAP_RECORDING,2023-07-11T20:42:00+0000,2023-07-16T20:12:01+0000,360.0,360.0,384.0,16,1,2,WAV,UTC,2023-07-11T20:42:00+0000,2023-07-16T20:12:01+0000,0.05,192.0,GOOD,,100.0,,,,,gs://swfsc-1/2021-23_ADRIFT_Rankin/drifting_recorder/audio_wav/ADRIFT_080,,
SWFSC,SWFSC_MBY_20230711_ADRIFT_081,"HTI_856139,HTI_856148,SOUNDTRAP_7517",SOUNDTRAP_RECORDING,2023-07-11T21:17:59+0000,2023-07-16T17:42:02+0000,360.0,360.0,384.0,16,1,2,WAV,UTC,2023-07-11T21:17:59+0000,2023-07-16T17:42:02+0000,0.25,192.0,GOOD,,100.0,,,,,gs://swfsc-1/2021-23_ADRIFT_Rankin/drifting_recorder/audio_wav/ADRIFT_081,,
SWFSC,SWFSC_MBY_20230711_ADRIFT_082,"SOUNDTRAP_7521,HTI_856137,HTI_856149",SOUNDTRAP_RECORDING,2023-07-11T21:54:00+0000,2023-07-15T18:42:01+0000,360.0,360.0,384.0,16,1,2,WAV,UTC,2023-07-11T21:54:00+0000,2023-07-15T18:42:01+0000,0.025,192.0,GOOD,,100.0,,,,,gs://swfsc-1/2021-23_ADRIFT_Rankin/drifting_recorder/audio_wav/ADRIFT_082,,
SWFSC,SWFSC_MBY_20230711_ADRIFT_083,"HTI_856144,SOUNDTRAP_6665,HTI_856141",SOUNDTRAP_RECORDING,2023-07-11T22:42:00+0000,2023-07-16T17:18:01+0000,360.0,360.0,384.0,16,1,2,WAV,UTC,2023-07-11T22:42:00+0000,2023-07-16T17:18:01+0000,0.025,192.0,GOOD,,100.0,,,,,gs://swfsc-1/2021-23_ADRIFT_Rankin/drifting_recorder/audio_wav/ADRIFT_083,,
SWFSC,SWFSC_MBY_20231106_ADRIFT_101,"HTI_856137,SOUNDTRAP_7932,HTI_856149",SOUNDTRAP_RECORDING,2023-11-06T17:06:00+0000,2023-11-10T18:18:01+0000,360.0,360.0,384.0,16,1,2,WAV,UTC,2023-11-06T17:06:00+0000,2023-11-10T18:18:01+0000,0.03,192.0,COMPROMISED,,100.0,,,,,gs://swfsc-1/2021-23_ADRIFT_Rankin/drifting_recorder/audio_wav/ADRIFT_101,,
SWFSC,SWFSC_MBY_20231106_ADRIFT_102,"HTI_856144,SOUNDTRAP_6667,HTI_856141",SOUNDTRAP_RECORDING,2023-11-06T17:42:00+0000,2023-11-10T19:48:01+0000,360.0,360.0,384.0,16,1,2,WAV,UTC,2023-11-06T17:42:00+0000,2023-11-10T19:48:01+0000,0.03,192.0,COMPROMISED,,100.0,,,,,gs://swfsc-1/2021-23_ADRIFT_Rankin/drifting_recorder/audio_wav/ADRIFT_102,,
SWFSC,SWFSC_MBY_20231106_ADRIFT_103,"SOUNDTRAP_7939,HTI_856147,HTI_856135",SOUNDTRAP_RECORDING,2023-11-06T18:54:00+0000,2023-11-10T20:54:00+0000,360.0,360.0,384.0,16,1,2,WAV,UTC,2023-11-06T18:54:00+0000,2023-11-10T20:54:00+0000,0.06,192.0,COMPROMISED,,100.0,,,,,gs://swfsc-1/2021-23_ADRIFT_Rankin/drifting_recorder/audio_wav/ADRIFT_103,,
SWFSC,SWFSC_MBY_20231106_ADRIFT_104,"HTI_856169,SOUNDTRAP_7930,HTI_856157",SOUNDTRAP_RECORDING,2023-11-06T19:24:00+0000,2023-11-10T22:48:01+0000,360.0,360.0,384.0,16,1,2,WAV,UTC,2023-11-06T19:24:00+0000,2023-11-10T22:48:01+0000,0.25,192.0,COMPROMISED,,100.0,,,,,gs://swfsc-1/2021-23_ADRIFT_Rankin/drifting_recorder/audio_wav/ADRIFT_104,,
SWFSC,SWFSC_MBY_20231106_ADRIFT_105,"HTI_856164,SOUNDTRAP_7951,HTI_856175",SOUNDTRAP_RECORDING,2023-11-06T20:00:00+0000,2023-11-10T22:00:01+0000,360.0,360.0,384.0,16,1,2,WAV,UTC,2023-11-06T20:00:00+0000,2023-11-10T22:00:01+0000,0.25,192.0,COMPROMISED,,100.0,,,,,gs://swfsc-1/2021-23_ADRIFT_Rankin/drifting_recorder/audio_wav/ADRIFT_105,,
SWFSC,SWFSC_MBY_20231106_ADRIFT_106,"HTI_856173,SOUNDTRAP_6663,HTI_856165",SOUNDTRAP_RECORDING,2023-11-06T20:35:59+0000,2023-11-10T22:18:01+0000,360.0,360.0,384.0,16,1,2,WAV,UTC,2023-11-06T20:35:59+0000,2023-11-10T22:18:01+0000,0.25,192.0,COMPROMISED,,100.0,,,,,gs://swfsc-1/2021-23_ADRIFT_Rankin/drifting_recorder/audio_wav/ADRIFT_106,,
SWFSC,SWFSC_MBY_20231106_ADRIFT_107,"SOUNDTRAP_7934,HTI_856148,HTI_856139",SOUNDTRAP_RECORDING,2023-11-06T21:00:00+0000,2023-11-10T20:24:01+0000,360.0,360.0,384.0,16,1,2,WAV,UTC,2023-11-06T21:00:00+0000,2023-11-10T20:24:01+0000,0.25,192.0,COMPROMISED,,100.0,,,,,gs://swfsc-1/2021-23_ADRIFT_Rankin/drifting_recorder/audio_wav/ADRIFT_107,,
SWFSC,SWFSC_MBY_20231106_ADRIFT_108,"HTI_856170,HTI_856154,SOUNDTRAP_7519",SOUNDTRAP_RECORDING,2023-11-06T21:41:59+0000,2023-11-10T21:24:00+0000,360.0,360.0,384.0,16,1,2,WAV,UTC,2023-11-06T21:41:59+0000,2023-11-10T21:24:00+0000,0.25,192.0,COMPROMISED,,100.0,,,,,gs://swfsc-1/2021-23_ADRIFT_Rankin/drifting_recorder/audio_wav/ADRIFT_108,,
SWFSC,SWFSC_MND_20160821_PASCAL_003,"HTI_856051,HTI_856067",SOUNDTRAP_RECORDING,2016-08-21T10:37:16+0000,2016-09-02T16:39:16+0000,120.0,600.0,288.0,16,1,2,WAV,UTC,2016-08-21T10:37:16+0000,2016-09-02T16:39:16+0000,0.25,144.0,COMPROMISED,,100.0,,,,,gs://swfsc-1/2016_PASCAL/drifting_recorder/audio_wav/PASCAL_003,,
SWFSC,SWFSC_MND_20160827_PASCAL_010,"HTI_856039,HTI_856046",SM3M_RECORDINGS,2016-08-27T17:44:06+0000,2016-09-17T04:24:05+0000,114.0,114.0,256.0,16,1,2,WAV,UTC,2016-08-27T17:44:06+0000,2016-09-17T04:24:05+0000,0.03,256.0,GOOD,,100.0,,,,,gs://swfsc-1/2016_PASCAL/drifting_recorder/audio_wav/PASCAL_010,,
SWFSC,SWFSC_MOB_20160904_PASCAL_021,"HTI_856058,HTI_856060",SOUNDTRAP_RECORDING,2016-09-03T23:54:34+0000,2016-09-25T10:02:46+0000,120.0,600.0,288.0,16,1,2,WAV,UTC,2016-09-03T23:54:34+0000,2016-09-25T10:02:46+0000,0.0,144.0,GOOD,,100.0,,,,,gs://swfsc-1/2016_PASCAL/drifting_recorder/audio_wav/PASCAL_021,,
SWFSC,SWFSC_MOB_20180830_CCES_012,"SOUNDTRAP_1544081436,HTI_856097,HTI_856017",SOUNDTRAP_RECORDING,2018-08-30T02:58:44+0000,2018-10-06T17:00:44+0000,120.0,1200.0,288.0,16,1,2,WAV,UTC,2018-08-30T02:58:44+0000,2018-10-06T17:00:44+0000,0.02,288.0,GOOD,,150.0,,,,,gs://swfsc-1/2018_CCES/drifting_recorder/audio_wav/CCES_012,,
SWFSC,SWFSC_MOB_20220423_ADRIFT_013,"SOUNDTRAP_6655,HTI_856163,HTI_856171",SOUNDTRAP_RECORDING,2022-04-23T20:44:52+0000,2022-05-04T20:36:02+0000,1350.0,1350.0,384.0,16,1,2,WAV,UTC,2022-04-23T20:44:52+0000,2022-05-04T20:36:02+0000,1.0,192.0,COMPROMISED,,100.0,,,,,gs://swfsc-1/2021-23_ADRIFT_Rankin/drifting_recorder/audio_wav/ADRIFT_013,,
SWFSC,SWFSC_NEPAC_20240817_CALCURCEAS_001,"HTI_856147,SOUNDTRAP_7951,HTI_856135",SOUNDTRAP_RECORDING,2024-08-17T19:00:00+0000,2024-08-25T13:02:00+0000,360.0,360.0,384.0,16,1,2,WAV,UTC,2024-08-17T19:00:00+0000,2024-08-25T13:02:00+0000,0.05,192.0,GOOD,,100.0,,,,,gs://swfsc-1/2024_CalCurCEAS/drifting_recorder/audio_wav/CalCurCEAS_001,,
SWFSC,SWFSC_NEPAC_20240820_CALCURCEAS_002,"SOUNDTRAP_6663,HTI_856164,HTI_856175",SOUNDTRAP_RECORDING,2024-08-20T13:36:00+0000,2024-08-30T02:00:00+0000,360.0,360.0,384.0,16,1,2,WAV,UTC,2024-08-20T13:36:00+0000,2024-08-30T02:00:00+0000,0.5,192.0,GOOD,,100.0,,,,,gs://swfsc-1/2024_CalCurCEAS/drifting_recorder/audio_wav/CalCurCEAS_002,,
SWFSC,SWFSC_NEPAC_20240820_CALCURCEAS_003,"HTI_856170,HTI_856154,SOUNDTRAP_7517",SOUNDTRAP_RECORDING,2024-08-20T20:40:00+0000,2024-08-30T05:00:00+0000,360.0,360.0,384.0,16,1,2,WAV,UTC,2024-08-20T20:40:00+0000,2024-08-30T05:00:00+0000,0.1,192.0,GOOD,,100.0,,,,,gs://swfsc-1/2024_CalCurCEAS/drifting_recorder/audio_wav/CalCurCEAS_003,,
SWFSC,SWFSC_NEPAC_20240821_CALCURCEAS_004,"HTI_856144,HTI_856141,SOUNDTRAP_7518",SOUNDTRAP_RECORDING,2024-08-21T04:02:00+0000,2024-08-28T02:58:00+0000,360.0,360.0,384.0,16,1,2,WAV,UTC,2024-08-21T04:02:00+0000,2024-08-28T02:58:00+0000,0.05,192.0,GOOD,,100.0,,,,,gs://swfsc-1/2024_CalCurCEAS/drifting_recorder/audio_wav/CalCurCEAS_004,,
SWFSC,SWFSC_NEPAC_20240823_CALCURCEAS_006,"SOUNDTRAP_7936,HTI_856148,HTI_856139",SOUNDTRAP_RECORDING,2024-08-23T00:49:59+0000,2024-08-30T15:28:00+0000,360.0,360.0,384.0,16,1,2,WAV,UTC,2024-08-23T00:49:59+0000,2024-08-30T15:28:00+0000,0.05,192.0,GOOD,,100.0,,,,,gs://swfsc-1/2024_CalCurCEAS/drifting_recorder/audio_wav/CalCurCEAS_006,,
SWFSC,SWFSC_NEPAC_20240913_CALCURCEAS_008,"HTI_856136,HTI_856145,SOUNDTRAP_7936",SOUNDTRAP_RECORDING,2024-09-13T22:12:00+0000,2024-09-21T00:46:00+0000,360.0,360.0,384.0,16,1,2,WAV,UTC,2024-09-13T22:12:00+0000,2024-09-21T00:46:00+0000,0.0,192.0,GOOD,,100.0,,,,,gs://swfsc-1/2024_CalCurCEAS/drifting_recorder/audio_wav/CalCurCEAS_008,,
SWFSC,SWFSC_NEPAC_20240914_CALCURCEAS_009,"HTI_856138,SOUNDTRAP_7517,HTI_856151",SOUNDTRAP_RECORDING,2024-09-14T14:06:00+0000,2024-09-23T21:22:00+0000,360.0,360.0,384.0,16,1,2,WAV,UTC,2024-09-14T14:06:00+0000,2024-09-23T21:22:00+0000,0.115,192.0,GOOD,,100.0,,,,,gs://swfsc-1/2024_CalCurCEAS/drifting_recorder/audio_wav/CalCurCEAS_009,,
SWFSC,SWFSC_NEPAC_20240914_CALCURCEAS_010,"HTI_856177,SOUNDTRAP_6663,HTI_856159",SOUNDTRAP_RECORDING,2024-09-14T21:23:00+0000,2024-09-24T01:24:29+0000,360.0,360.0,384.0,16,1,2,WAV,UTC,2024-09-14T21:23:00+0000,2024-09-24T01:24:29+0000,0.35,192.0,GOOD,,100.0,,,,,gs://swfsc-1/2024_CalCurCEAS/drifting_recorder/audio_wav/CalCurCEAS_010,,
SWFSC,SWFSC_NEPAC_20240915_CALCURCEAS_011,"HTI_856156,SOUNDTRAP_7518,HTI_856167",SOUNDTRAP_RECORDING,2024-09-15T17:00:00+0000,2024-09-22T14:55:00+0000,360.0,360.0,384.0,16,1,2,WAV,UTC,2024-09-15T17:00:00+0000,2024-09-22T14:55:00+0000,0.06,192.0,GOOD,,100.0,,,,,gs://swfsc-1/2024_CalCurCEAS/drifting_recorder/audio_wav/CalCurCEAS_011,,
SWFSC,SWFSC_NEPAC_20241001_CALCURCEAS_012,"HTI_856147,SOUNDTRAP_7930,HTI_856135",SOUNDTRAP_RECORDING,2024-10-01T23:16:00+0000,2024-10-05T03:02:00+0000,360.0,360.0,384.0,16,1,2,WAV,UTC,2024-10-01T23:16:00+0000,2024-10-05T03:02:00+0000,0.3,192.0,COMPROMISED,,100.0,,,,,gs://swfsc-1/2024_CalCurCEAS/drifting_recorder/audio_wav/CalCurCEAS_012,,
SWFSC,SWFSC_NEPAC_20241002_CALCURCEAS_013,"HTI_856171,HTI_856163,SOUNDTRAP_7518",SOUNDTRAP_RECORDING,2024-10-02T01:10:42+0000,2024-10-04T03:49:59+0000,360.0,360.0,384.0,16,1,2,WAV,UTC,2024-10-02T01:10:42+0000,2024-10-04T03:49:59+0000,0.1,192.0,GOOD,,100.0,,,,,gs://swfsc-1/2024_CalCurCEAS/drifting_recorder/audio_wav/CalCurCEAS_013,,
SWFSC,SWFSC_NEPAC_20241002_CALCURCEAS_014,"HTI_856176,HTI_856161,SOUNDTRAP_7519",SOUNDTRAP_RECORDING,2024-10-02T01:53:00+0000,2024-10-05T02:06:00+0000,360.0,360.0,384.0,16,1,2,WAV,UTC,2024-10-02T01:53:00+0000,2024-10-05T02:06:00+0000,0.02,192.0,GOOD,,100.0,,,,,gs://swfsc-1/2024_CalCurCEAS/drifting_recorder/audio_wav/CalCurCEAS_014,,
SWFSC,SWFSC_NEPAC_20241005_CALCURCEAS_015,"HTI_856136,HTI_856145,SOUNDTRAP_6663",SOUNDTRAP_RECORDING,2024-10-05T14:30:00+0000,2024-10-11T14:32:59+0000,360.0,360.0,384.0,16,1,2,WAV,UTC,2024-10-05T14:30:00+0000,2024-10-11T14:32:59+0000,0.0,192.0,GOOD,,100.0,,,,,gs://swfsc-1/2024_CalCurCEAS/drifting_recorder/audio_wav/CalCurCEAS_015,,
SWFSC,SWFSC_NEPAC_20241006_CALCURCEAS_016,"SOUNDTRAP_7936,HTI_856147,HTI_856135",SOUNDTRAP_RECORDING,2024-10-06T02:00:07+0000,2024-10-13T15:54:00+0000,360.0,360.0,384.0,16,1,2,WAV,UTC,2024-10-06T02:00:07+0000,2024-10-13T15:54:00+0000,0.035,192.0,GOOD,,100.0,,,,,gs://swfsc-1/2024_CalCurCEAS/drifting_recorder/audio_wav/CalCurCEAS_016,,
SWFSC,SWFSC_NEPAC_20241006_CALCURCEAS_017,"HTI_856177,SOUNDTRAP_7518,HTI_856159",SOUNDTRAP_RECORDING,2024-10-06T14:45:00+0000,2024-10-12T13:53:00+0000,360.0,360.0,384.0,16,1,2,WAV,UTC,2024-10-06T14:45:00+0000,2024-10-12T13:53:00+0000,0.125,192.0,GOOD,,100.0,,,,,gs://swfsc-1/2024_CalCurCEAS/drifting_recorder/audio_wav/CalCurCEAS_017,,
SWFSC,SWFSC_NEPAC_20241006_CALCURCEAS_018,"HTI_856138,SOUNDTRAP_7930,HTI_856151",SOUNDTRAP_RECORDING,2024-10-06T23:54:02+0000,2024-10-11T21:40:00+0000,360.0,360.0,384.0,16,1,2,WAV,UTC,2024-10-06T23:54:02+0000,2024-10-11T21:40:00+0000,0.0,192.0,GOOD,,100.0,,,,,gs://swfsc-1/2024_CalCurCEAS/drifting_recorder/audio_wav/CalCurCEAS_018,,
SWFSC,SWFSC_NEPAC_20241009_CALCURCEAS_019,"HTI_856155,SOUNDTRAP_8595,HTI_856166",SOUNDTRAP_RECORDING,2024-10-09T04:56:00+0000,2024-10-15T21:30:00+0000,360.0,360.0,384.0,16,1,2,WAV,UTC,2024-10-09T04:56:00+0000,2024-10-15T21:30:00+0000,0.1,192.0,GOOD,,100.0,,,,,gs://swfsc-1/2024_CalCurCEAS/drifting_recorder/audio_wav/CalCurCEAS_019,,
SWFSC,SWFSC_NEPAC_20241026_CALCURCEAS_020,"HTI_856171,SOUNDTRAP_7936,HTI_856163",SOUNDTRAP_RECORDING,2024-10-26T14:48:01+0000,2024-11-09T09:35:16+0000,360.0,360.0,384.0,16,1,2,WAV,UTC,2024-10-26T14:48:01+0000,2024-11-09T09:35:16+0000,0.02,192.0,GOOD,,100.0,,,,,gs://swfsc-1/2024_CalCurCEAS/drifting_recorder/audio_wav/CalCurCEAS_020,,
SWFSC,SWFSC_NEPAC_20241027_CALCURCEAS_021,"HTI_856144,SOUNDTRAP_8595,HTI_856141",SOUNDTRAP_RECORDING,2024-10-27T01:06:01+0000,2024-11-07T14:56:23+0000,360.0,360.0,384.0,16,1,2,WAV,UTC,2024-10-27T01:06:01+0000,2024-11-07T14:56:23+0000,0.0,192.0,GOOD,,100.0,,,,,gs://swfsc-1/2024_CalCurCEAS/drifting_recorder/audio_wav/CalCurCEAS_021,,
SWFSC,SWFSC_NEPAC_20241027_CALCURCEAS_022,"SOUNDTRAP_7521,HTI_856138,HTI_856151",SOUNDTRAP_RECORDING,2024-10-27T14:06:00+0000,2024-11-09T07:40:32+0000,360.0,360.0,384.0,16,1,2,WAV,UTC,2024-10-27T14:06:00+0000,2024-11-09T07:40:32+0000,0.0,192.0,GOOD,,100.0,,,,,gs://swfsc-1/2024_CalCurCEAS/drifting_recorder/audio_wav/CalCurCEAS_022,,
SWFSC,SWFSC_NEPAC_20241028_CALCURCEAS_023,"HTI_856156,SOUNDTRAP_7518,HTI_856167",SOUNDTRAP_RECORDING,2024-10-28T00:00:00+0000,2024-11-11T06:27:54+0000,360.0,360.0,384.0,16,1,2,WAV,UTC,2024-10-28T00:00:00+0000,2024-11-11T06:27:54+0000,0.02,192.0,GOOD,,100.0,,,,,gs://swfsc-1/2024_CalCurCEAS/drifting_recorder/audio_wav/CalCurCEAS_023,,
SWFSC,SWFSC_NEPAC_20241111_CALCURCEAS_024,"HTI_856144,SOUNDTRAP_8595,HTI_856141",SOUNDTRAP_RECORDING,2024-11-11T02:00:00+0000,2024-11-24T15:16:00+0000,360.0,360.0,384.0,16,1,2,WAV,UTC,2024-11-11T02:00:00+0000,2024-11-24T15:16:00+0000,0.0,192.0,GOOD,,100.0,,,,,gs://swfsc-1/2024_CalCurCEAS/drifting_recorder/audio_wav/CalCurCEAS_024,,
SWFSC,SWFSC_NEPAC_20241120_CALCURCEAS_025,"HTI_856163,SOUNDTRAP_7517,HTI_856171",SOUNDTRAP_RECORDING,2024-11-20T16:42:01+0000,2024-12-03T17:15:22+0000,360.0,360.0,384.0,16,1,2,WAV,UTC,2024-11-20T16:42:01+0000,2024-12-03T17:15:22+0000,0.015,192.0,GOOD,,100.0,,,,,gs://swfsc-1/2024_CalCurCEAS/drifting_recorder/audio_wav/CalCurCEAS_025,,
SWFSC,SWFSC_NEPAC_20241122_CALCURCEAS_026,"SOUNDTRAP_7939,HTI_856138,HTI_856151",SOUNDTRAP_RECORDING,2024-11-22T14:36:02+0000,2024-12-02T23:09:46+0000,360.0,360.0,384.0,16,1,2,WAV,UTC,2024-11-22T14:36:02+0000,2024-12-02T23:09:46+0000,0.0,192.0,GOOD,,100.0,,,,,gs://swfsc-1/2024_CalCurCEAS/drifting_recorder/audio_wav/CalCurCEAS_026,,
SWFSC,SWFSC_NEPAC_20241123_CALCURCEAS_027,"HTI_856148,HTI_856139,SOUNDTRAP_7950",SOUNDTRAP_RECORDING,2024-11-23T16:00:02+0000,2024-12-03T06:17:03+0000,360.0,360.0,384.0,16,1,2,WAV,UTC,2024-11-23T16:00:02+0000,2024-12-03T06:17:03+0000,0.1,192.0,GOOD,,100.0,,,,,gs://swfsc-1/2024_CalCurCEAS/drifting_recorder/audio_wav/CalCurCEAS_027,,
SWFSC,SWFSC_ORE_20160819_PASCAL_001,"HTI_856052,HTI_856063",SOUNDTRAP_RECORDING,2016-08-20T02:20:07+0000,2016-08-31T14:42:00+0000,120.0,600.0,288.0,16,1,2,WAV,UTC,2016-08-20T02:20:07+0000,2016-08-31T14:42:00+0000,0.25,144.0,COMPROMISED,,100.0,,,,,gs://swfsc-1/2016_PASCAL/drifting_recorder/audio_wav/PASCAL_001,,
SWFSC,SWFSC_ORE_20160828_PASCAL_011,HTI_856023,SM2BAT_RECORDINGS,2016-08-28T12:44:00+0000,2016-09-17T04:18:00+0000,120.0,240.0,192.0,16,1,2,WAV,UTC,2016-08-28T12:44:00+0000,2016-09-17T04:18:00+0000,0.25,96.0,COMPROMISED,,100.0,,,,,gs://swfsc-1/2016_PASCAL/drifting_recorder/audio_wav/PASCAL_011,,
SWFSC,SWFSC_ORE_20160831_PASCAL_015,"HTI_856055,HTI_856066",SOUNDTRAP_RECORDING,2016-08-31T07:11:38+0000,2016-09-05T04:48:42+0000,120.0,120.0,288.0,16,1,2,WAV,UTC,2016-08-31T07:11:38+0000,2016-09-05T04:48:42+0000,0.024,144.0,GOOD,,100.0,,,,,gs://swfsc-1/2016_PASCAL/drifting_recorder/audio_wav/PASCAL_015,,
SWFSC,SWFSC_ORE_20230316_ADRIFT_042,"SOUNDTRAP_5296,HTI_856163,HTI_856171",SOUNDTRAP_RECORDING,2023-03-16T19:29:57+0000,2023-03-21T00:44:35+0000,1350.0,1350.0,384.0,16,1,2,WAV,UTC,2023-03-16T19:29:57+0000,2023-03-21T00:44:35+0000,0.25,192.0,COMPROMISED,,100.0,,,,,gs://swfsc-1/2021-23_ADRIFT_Rankin/drifting_recorder/audio_wav/ADRIFT_042,,
SWFSC,SWFSC_ORE_20230316_ADRIFT_043,"HTI_856177,SOUNDTRAP_5986,HTI_856159",SOUNDTRAP_RECORDING,2023-03-16T18:52:27+0000,2023-03-20T08:53:16+0000,1350.0,1350.0,384.0,16,1,2,WAV,UTC,2023-03-16T18:52:27+0000,2023-03-20T08:53:16+0000,0.05,192.0,GOOD,,100.0,,,,,gs://swfsc-1/2021-23_ADRIFT_Rankin/drifting_recorder/audio_wav/ADRIFT_043,,
SWFSC,SWFSC_ORE_20230316_ADRIFT_044,"HTI_856136,HTI_856145,SOUNDTRAP_5991",SOUNDTRAP_RECORDING,2023-03-16T20:14:58+0000,2023-03-20T21:11:29+0000,1350.0,1350.0,384.0,16,1,2,WAV,UTC,2023-03-16T20:14:58+0000,2023-03-20T21:11:29+0000,0.075,192.0,COMPROMISED,,100.0,,,,,gs://swfsc-1/2021-23_ADRIFT_Rankin/drifting_recorder/audio_wav/ADRIFT_044,,
SWFSC,SWFSC_ORE_20230316_ADRIFT_045,"HTI_856138,SOUNDTRAP_5994,HTI_856151",SOUNDTRAP_RECORDING,2023-03-16T18:59:58+0000,2023-03-20T11:40:17+0000,1350.0,1350.0,384.0,16,1,2,WAV,UTC,2023-03-16T18:59:58+0000,2023-03-20T11:40:17+0000,0.05,192.0,GOOD,,100.0,,,,,gs://swfsc-1/2021-23_ADRIFT_Rankin/drifting_recorder/audio_wav/ADRIFT_045,,
SWFSC,SWFSC_ORE_20230413_ADRIFT_058,"SOUNDTRAP_5296,HTI_856163,HTI_856171",SOUNDTRAP_RECORDING,2023-04-13T07:49:55+0000,2023-04-16T17:09:46+0000,1350.0,1350.0,384.0,16,1,2,WAV,UTC,2023-04-13T07:49:55+0000,2023-04-16T17:09:46+0000,1.5,192.0,GOOD,,100.0,,,,,gs://swfsc-1/2021-23_ADRIFT_Rankin/drifting_recorder/audio_wav/ADRIFT_058,,
SWFSC,SWFSC_ORE_20230413_ADRIFT_059,"HTI_856177,SOUNDTRAP_5986,HTI_856159",SOUNDTRAP_RECORDING,2023-04-13T06:15:12+0000,2023-04-16T18:18:58+0000,1350.0,1350.0,384.0,16,1,2,WAV,UTC,2023-04-13T06:15:12+0000,2023-04-16T18:18:58+0000,0.1,192.0,GOOD,,100.0,,,,,gs://swfsc-1/2021-23_ADRIFT_Rankin/drifting_recorder/audio_wav/ADRIFT_059,,
SWFSC,SWFSC_ORE_20230413_ADRIFT_060,"HTI_856136,HTI_856145,SOUNDTRAP_5991",SOUNDTRAP_RECORDING,2023-04-13T06:58:22+0000,2023-04-16T18:13:06+0000,1350.0,1350.0,384.0,16,1,2,WAV,UTC,2023-04-13T06:58:22+0000,2023-04-16T18:13:06+0000,0.075,192.0,COMPROMISED,,100.0,,,,,gs://swfsc-1/2021-23_ADRIFT_Rankin/drifting_recorder/audio_wav/ADRIFT_060,,
SWFSC,SWFSC_ORE_20230413_ADRIFT_061,"HTI_856138,SOUNDTRAP_5994,HTI_856151",SOUNDTRAP_RECORDING,2023-04-13T05:14:02+0000,2023-04-16T18:56:45+0000,1350.0,1350.0,384.0,16,1,2,WAV,UTC,2023-04-13T05:14:02+0000,2023-04-16T18:56:45+0000,0.73,192.0,COMPROMISED,,100.0,,,,,gs://swfsc-1/2021-23_ADRIFT_Rankin/drifting_recorder/audio_wav/ADRIFT_061,,
SWFSC,SWFSC_ORE_20230426_ADRIFT_062,"SOUNDTRAP_5296,HTI_856163,HTI_856171",SOUNDTRAP_RECORDING,2023-04-26T03:37:21+0000,2023-04-29T05:28:54+0000,1350.0,1350.0,384.0,16,1,2,WAV,UTC,2023-04-26T03:37:21+0000,2023-04-29T05:28:54+0000,0.25,192.0,GOOD,,100.0,,,,,gs://swfsc-1/2021-23_ADRIFT_Rankin/drifting_recorder/audio_wav/ADRIFT_062,,
SWFSC,SWFSC_ORE_20230426_ADRIFT_063,"HTI_856177,SOUNDTRAP_5986,HTI_856159",SOUNDTRAP_RECORDING,2023-04-26T03:03:33+0000,2023-04-29T03:44:57+0000,1350.0,1350.0,384.0,16,1,2,WAV,UTC,2023-04-26T03:03:33+0000,2023-04-29T03:44:57+0000,0.25,192.0,GOOD,,100.0,,,,,gs://swfsc-1/2021-23_ADRIFT_Rankin/drifting_recorder/audio_wav/ADRIFT_063,,
SWFSC,SWFSC_ORE_20230426_ADRIFT_064,"HTI_856136,HTI_856145,SOUNDTRAP_5991",SOUNDTRAP_RECORDING,2023-04-26T02:06:08+0000,2023-04-29T07:20:35+0000,1350.0,1350.0,384.0,16,1,2,WAV,UTC,2023-04-26T02:06:08+0000,2023-04-29T07:20:35+0000,0.7,192.0,COMPROMISED,,100.0,,,,,gs://swfsc-1/2021-23_ADRIFT_Rankin/drifting_recorder/audio_wav/ADRIFT_064,,
SWFSC,SWFSC_ORE_20230426_ADRIFT_065,"HTI_856138,SOUNDTRAP_5994,HTI_856151",SOUNDTRAP_RECORDING,2023-04-26T02:59:55+0000,2023-04-29T06:47:58+0000,1350.0,1350.0,384.0,16,1,2,WAV,UTC,2023-04-26T02:59:55+0000,2023-04-29T06:47:58+0000,1.0,192.0,COMPROMISED,,100.0,,,,,gs://swfsc-1/2021-23_ADRIFT_Rankin/drifting_recorder/audio_wav/ADRIFT_065,,
SWFSC,SWFSC_ORE_20230517_ADRIFT_072,"SOUNDTRAP_5296,HTI_856163,HTI_856171",SOUNDTRAP_RECORDING,2023-05-17T18:13:55+0000,2023-05-23T13:36:52+0000,1350.0,1350.0,384.0,16,1,2,WAV,UTC,2023-05-17T18:13:55+0000,2023-05-23T13:36:52+0000,0.05,192.0,GOOD,,100.0,,,,,gs://swfsc-1/2021-23_ADRIFT_Rankin/drifting_recorder/audio_wav/ADRIFT_072,,
SWFSC,SWFSC_ORE_20230517_ADRIFT_073,"SOUNDTRAP_5986,HTI_856159,HTI_856177",SOUNDTRAP_RECORDING,2023-05-17T18:38:28+0000,2023-05-21T06:28:31+0000,1350.0,1350.0,384.0,16,1,2,WAV,UTC,2023-05-17T18:38:28+0000,2023-05-21T06:28:31+0000,0.05,192.0,GOOD,,100.0,,,,,gs://swfsc-1/2021-23_ADRIFT_Rankin/drifting_recorder/audio_wav/ADRIFT_073,,
SWFSC,SWFSC_ORE_20230517_ADRIFT_074,"SOUNDTRAP_5991,HTI_856136,HTI_856145",SOUNDTRAP_RECORDING,2023-05-17T18:58:57+0000,2023-05-21T20:30:14+0000,1350.0,1350.0,384.0,16,1,2,WAV,UTC,2023-05-17T18:58:57+0000,2023-05-21T20:30:14+0000,0.25,192.0,COMPROMISED,,100.0,,,,,gs://swfsc-1/2021-23_ADRIFT_Rankin/drifting_recorder/audio_wav/ADRIFT_074,,
SWFSC,SWFSC_ORE_20230517_ADRIFT_075,"SOUNDTRAP_5994,HTI_856138,HTI_856151",SOUNDTRAP_RECORDING,2023-05-17T19:25:22+0000,2023-05-21T09:00:04+0000,1350.0,1350.0,384.0,16,1,2,WAV,UTC,2023-05-17T19:25:22+0000,2023-05-21T09:00:04+0000,0.25,192.0,GOOD,,100.0,,,,,gs://swfsc-1/2021-23_ADRIFT_Rankin/drifting_recorder/audio_wav/ADRIFT_075,,
SWFSC,SWFSC_ORE_20230717_ADRIFT_077,"SOUNDTRAP_5986,HTI_856159,HTI_856177",SOUNDTRAP_RECORDING,2023-07-17T19:08:24+0000,2023-07-21T08:34:54+0000,360.0,360.0,384.0,16,1,2,WAV,UTC,2023-07-17T19:08:24+0000,2023-07-21T08:34:54+0000,0.15,192.0,COMPROMISED,,100.0,,,,,gs://swfsc-1/2021-23_ADRIFT_Rankin/drifting_recorder/audio_wav/ADRIFT_077,,
SWFSC,SWFSC_ORE_20230717_ADRIFT_078,"SOUNDTRAP_5994,HTI_856138,HTI_856151",SOUNDTRAP_RECORDING,2023-07-17T20:03:06+0000,2023-07-21T11:22:38+0000,360.0,360.0,384.0,16,1,2,WAV,UTC,2023-07-17T20:03:06+0000,2023-07-21T11:22:38+0000,0.055,192.0,COMPROMISED,,100.0,,,,,gs://swfsc-1/2021-23_ADRIFT_Rankin/drifting_recorder/audio_wav/ADRIFT_078,,
SWFSC,SWFSC_ORE_20230804_ADRIFT_085,"SOUNDTRAP_5296,HTI_856163,HTI_856171",SOUNDTRAP_RECORDING,2023-08-04T22:05:51+0000,2023-08-11T02:37:32+0000,360.0,360.0,384.0,16,1,2,WAV,UTC,2023-08-04T22:05:51+0000,2023-08-11T02:37:32+0000,0.075,192.0,COMPROMISED,,100.0,,,,,gs://swfsc-1/2021-23_ADRIFT_Rankin/drifting_recorder/audio_wav/ADRIFT_085,,
SWFSC,SWFSC_ORE_20230804_ADRIFT_086,"SOUNDTRAP_5986,HTI_856159,HTI_856177",SOUNDTRAP_RECORDING,2023-08-04T22:41:21+0000,2023-08-08T10:11:54+0000,360.0,360.0,384.0,16,1,2,WAV,UTC,2023-08-04T22:41:21+0000,2023-08-08T10:11:54+0000,0.25,192.0,COMPROMISED,,100.0,,,,,gs://swfsc-1/2021-23_ADRIFT_Rankin/drifting_recorder/audio_wav/ADRIFT_086,,
SWFSC,SWFSC_ORE_20230804_ADRIFT_087,"SOUNDTRAP_5994,HTI_856138,HTI_856151",SOUNDTRAP_RECORDING,2023-08-04T23:14:28+0000,2023-08-08T11:44:44+0000,360.0,360.0,384.0,16,1,2,WAV,UTC,2023-08-04T23:14:28+0000,2023-08-08T11:44:44+0000,0.04,192.0,COMPROMISED,,100.0,,,,,gs://swfsc-1/2021-23_ADRIFT_Rankin/drifting_recorder/audio_wav/ADRIFT_087,,
SWFSC,SWFSC_PTA_20160902_PASCAL_017,"HTI_856041,HTI_856043",SM3M_RECORDINGS,2016-09-02T03:54:06+0000,2016-09-21T23:14:00+0000,114.0,114.0,256.0,16,1,2,WAV,UTC,2016-09-02T03:54:06+0000,2016-09-21T23:14:00+0000,0.105,128.0,COMPROMISED,,100.0,,,,,gs://swfsc-1/2016_PASCAL/drifting_recorder/audio_wav/PASCAL_017,,
SWFSC,SWFSC_PTA_20180822_CCES_010,"SOUNDTRAP_1208786975,HTI_856044,HTI_856096",SOUNDTRAP_RECORDING,2018-08-22T02:24:55+0000,2018-10-21T23:48:58+0000,120.0,1200.0,576.0,16,1,2,WAV,UTC,2018-08-22T02:24:55+0000,2018-10-21T23:48:58+0000,0.03,576.0,GOOD,,150.0,,,,,gs://swfsc-1/2018_CCES/drifting_recorder/audio_wav/CCES_010,,
SWFSC,SWFSC_SFB_20210610_ADRIFT_005,"SOUNDTRAP_1208786975,HTI_856121,HTI_856122",SOUNDTRAP_RECORDING,2021-06-10T18:30:40+0000,2021-06-22T21:21:24+0000,360.0,720.0,384.0,16,1,2,WAV,UTC,2021-06-10T18:30:40+0000,2021-06-22T21:21:24+0000,0.03,384.0,COMPROMISED,,100.0,,,,,gs://swfsc-1/2021-23_ADRIFT_Rankin/drifting_recorder/audio_wav/ADRIFT_005,,
SWFSC,SWFSC_SFB_20210610_ADRIFT_007,"SOUNDTRAP_5318,HTI_856116,HTI_856120",SOUNDTRAP_RECORDING,2021-06-10T17:33:22+0000,2021-06-24T10:00:08+0000,360.0,720.0,384.0,16,1,2,WAV,UTC,2021-06-10T17:33:22+0000,2021-06-24T10:00:08+0000,0.03,384.0,COMPROMISED,,100.0,,,,,gs://swfsc-1/2021-23_ADRIFT_Rankin/drifting_recorder/audio_wav/ADRIFT_007,,
SWFSC,SWFSC_SFB_20210725_ADRIFT_003,"SOUNDTRAP_1208786975,HTI_856121,HTI_856122",SOUNDTRAP_RECORDING,2021-07-25T18:35:58+0000,2021-08-03T16:32:07+0000,360.0,720.0,384.0,16,1,2,WAV,UTC,2021-07-25T18:35:58+0000,2021-08-03T16:32:07+0000,0.05,384.0,COMPROMISED,,100.0,,,,,gs://swfsc-1/2021-23_ADRIFT_Rankin/drifting_recorder/audio_wav/ADRIFT_003,,
SWFSC,SWFSC_SFB_20210725_ADRIFT_006,"SOUNDTRAP_5318,HTI_856116,HTI_856120",SOUNDTRAP_RECORDING,2021-07-25T19:11:59+0000,2021-07-28T22:05:59+0000,360.0,720.0,384.0,16,1,2,WAV,UTC,2021-07-25T19:11:59+0000,2021-07-28T22:05:59+0000,0.05,384.0,COMPROMISED,,100.0,,,,,gs://swfsc-1/2021-23_ADRIFT_Rankin/drifting_recorder/audio_wav/ADRIFT_006,,
SWFSC,SWFSC_SFB_20220618_ADRIFT_015,"SOUNDTRAP_6668,HTI_856154,HTI_856170",SOUNDTRAP_RECORDING,2022-06-18T08:07:12+0000,2022-06-21T06:14:36+0000,1350.0,1350.0,384.0,16,1,2,WAV,UTC,2022-06-18T08:07:12+0000,2022-06-21T06:14:36+0000,6.0,192.0,COMPROMISED,,100.0,,,,,gs://swfsc-1/2021-23_ADRIFT_Rankin/drifting_recorder/audio_wav/ADRIFT_015,,
SWFSC,SWFSC_SFB_20220726_ADRIFT_027,"HTI_856117,HTI_856118",SOUNDTRAP_RECORDING,2022-07-26T18:37:12+0000,2022-07-30T18:14:25+0000,1350.0,1350.0,384.0,16,1,2,WAV,UTC,2022-07-26T18:37:12+0000,2022-07-30T18:14:25+0000,0.05,192.0,GOOD,,100.0,,,,,gs://swfsc-1/2021-23_ADRIFT_Rankin/drifting_recorder/audio_wav/ADRIFT_027,,
SWFSC,SWFSC_SFB_20220726_ADRIFT_028,"SOUNDTRAP_6668,HTI_856154,HTI_856170",SOUNDTRAP_RECORDING,2022-07-26T17:29:47+0000,2022-07-30T20:20:32+0000,1350.0,1350.0,384.0,16,1,2,WAV,UTC,2022-07-26T17:29:47+0000,2022-07-30T20:20:32+0000,0.03,192.0,GOOD,,100.0,,,,,gs://swfsc-1/2021-23_ADRIFT_Rankin/drifting_recorder/audio_wav/ADRIFT_028,,
SWFSC,SWFSC_SFB_20220927_ADRIFT_034,"SOUNDTRAP_6668,HTI_856154,HTI_856170",SOUNDTRAP_RECORDING,2022-09-27T18:37:14+0000,2022-10-01T15:59:35+0000,1350.0,1350.0,384.0,16,1,2,WAV,UTC,2022-09-27T18:37:14+0000,2022-10-01T15:59:35+0000,0.05,192.0,GOOD,,100.0,,,,,gs://swfsc-1/2021-23_ADRIFT_Rankin/drifting_recorder/audio_wav/ADRIFT_034,,
SWFSC,SWFSC_SFB_20230508_ADRIFT_067,"SOUNDTRAP_6668,HTI_856158,HTI_856172",SOUNDTRAP_RECORDING,2023-05-08T04:18:02+0000,2023-05-12T01:36:03+0000,360.0,360.0,384.0,16,1,2,WAV,UTC,2023-05-08T04:18:02+0000,2023-05-12T01:36:03+0000,0.05,192.0,COMPROMISED,,100.0,,,,,gs://swfsc-1/2021-23_ADRIFT_Rankin/drifting_recorder/audio_wav/ADRIFT_067,,
SWFSC,SWFSC_SFB_20230917_ADRIFT_092,"SOUNDTRAP_6663,HTI_856157,HTI_856169",SOUNDTRAP_RECORDING,2023-09-17T17:42:00+0000,2023-09-22T01:42:02+0000,360.0,360.0,384.0,16,1,2,WAV,UTC,2023-09-17T17:42:00+0000,2023-09-22T01:42:02+0000,0.25,192.0,COMPROMISED,,100.0,,,,,gs://swfsc-1/2021-23_ADRIFT_Rankin/drifting_recorder/audio_wav/ADRIFT_092,,
SWFSC,SWFSC_SND_20160905_PASCAL_022,"HTI_856048,HTI_856059",SOUNDTRAP_RECORDING,2016-09-05T06:46:24+0000,2016-09-28T17:06:40+0000,120.0,600.0,288.0,16,1,2,WAV,UTC,2016-09-05T06:46:24+0000,2016-09-28T17:06:40+0000,0.106,144.0,COMPROMISED,,100.0,,,,,gs://swfsc-1/2016_PASCAL/drifting_recorder/audio_wav/PASCAL_022,,
SWFSC,SWFSC_SND_20160924_PASCAL_023,"HTI_856054,HTI_856057",SOUNDTRAP_RECORDING,2016-09-24T00:37:42+0000,2016-09-28T00:57:46+0000,120.0,120.0,288.0,16,1,2,WAV,UTC,2016-09-24T00:37:42+0000,2016-09-28T00:57:46+0000,0.026,144.0,GOOD,,100.0,,,,,gs://swfsc-1/2016_PASCAL/drifting_recorder/audio_wav/PASCAL_023,,
SWFSC,SWFSC_SND_20160924_PASCAL_024,,SOUNDTRAP_RECORDING_9174,2016-09-24T01:46:49+0000,2016-09-28T02:11:14+0000,120.0,120.0,288.0,16,1,2,WAV,UTC,2016-09-24T01:46:49+0000,2016-09-28T02:11:14+0000,0.0,144.0,GOOD,,100.0,,,,,gs://swfsc-1/2016_PASCAL/drifting_recorder/audio_wav/PASCAL_024,,
SWFSC,SWFSC_SND_20160924_PASCAL_024,"HTI_856052,HTI_856063",SOUNDTRAP_RECORDING_6538,2016-09-24T01:47:57+0000,2016-09-28T02:09:43+0000,120.0,120.0,288.0,16,1,2,WAV,UTC,2016-09-24T01:47:57+0000,2016-09-28T02:09:43+0000,0.0,144.0,GOOD,,100.0,,,,,gs://swfsc-1/2016_PASCAL/drifting_recorder/audio_wav/PASCAL_024,,
SWFSC,SWFSC_SND_20160924_PASCAL_025,"HTI_856053,HTI_856064",SOUNDTRAP_RECORDING,2016-09-24T04:09:39+0000,2016-09-28T02:25:43+0000,120.0,120.0,288.0,16,1,2,WAV,UTC,2016-09-24T04:09:39+0000,2016-09-28T02:25:43+0000,0.047,144.0,GOOD,,100.0,,,,,gs://swfsc-1/2016_PASCAL/drifting_recorder/audio_wav/PASCAL_025,,
