"UNIQUE_ID","PROJECT","DATA_POC_NAME","DATA_POC_AFFILIATION","DATA_POC_EMAIL","STATIONARY_OR_MOBILE","PLATFORM_TYPE","PLATFORM_NO","SITE_ID","INSTRUMENT_TYPE","INSTRUMENT_ID","CHANNEL","MONITORING_START_DATETIME","MONITORING_END_DATETIME","SOUNDFILES_TIMEZONE","LATITUDE","LONGITUDE","WATER_DEPTH_METERS","RECORDER_DEPTH_METERS","SAMPLING_RATE_HZ","RECORDING_DURATION_SECONDS","RECORDING_INTERVAL_SECONDS","SAMPLE_BITS","SUBMITTER_NAME","SUBMITTER_AFFILIATION","SUBMITTER_EMAIL","SUBMISSION_DATE"
"SWFSC_NEPac-ORE_201608_Pascal_001","PASCAL","Shannon Rankin","NOAA SWFSC","shannon.rankin@noaa.gov","Mobile","Drifting-buoy","8505","Oregon","ST4300",856052,"1","2016-08-20T02:20:07Z","2016-08-31T14:42:00Z","UTC","","","",100,288000,120,480,"16","Kourtney Burger","NOAA SWFSC","kourtney.burger@noaa.gov","2024-04-10T00:00:00"
"SWFSC_NEPac-HUM_201608_Pascal_002","PASCAL","Shannon Rankin","NOAA SWFSC","shannon.rankin@noaa.gov","Mobile","Drifting-buoy","0773","Humboldt","ST4300",856061,"1","2016-08-20T18:44:06Z","2016-09-01T02:06:05Z","UTC","","","",100,288000,120,480,"16","Kourtney Burger","NOAA SWFSC","kourtney.burger@noaa.gov","2024-04-10T00:00:00"
"SWFSC_NEPac-MND_201608_Pascal_003","PASCAL","Shannon Rankin","NOAA SWFSC","shannon.rankin@noaa.gov","Mobile","Drifting-buoy","2438","Mendocino","ST4300",856051,"1","2016-08-21T10:37:16Z","2016-09-02T16:39:16Z","UTC","","","",100,288000,120,480,"16","Kourtney Burger","NOAA SWFSC","kourtney.burger@noaa.gov","2024-04-10T00:00:00"
"SWFSC_NEPac-MBY_201608_Pascal_004","PASCAL","Shannon Rankin","NOAA SWFSC","shannon.rankin@noaa.gov","Mobile","Drifting-buoy","2634","Monterey Bay","ST4300",856060,"1","2016-08-22T00:28:27Z","2016-09-03T19:14:33Z","UTC","","","",100,288000,120,480,"16","Kourtney Burger","NOAA SWFSC","kourtney.burger@noaa.gov","2024-04-10T00:00:00"
"SWFSC_NEPac-CHI_201608_Pascal_005","PASCAL","Shannon Rankin","NOAA SWFSC","shannon.rankin@noaa.gov","Mobile","Drifting-buoy","8677","Channel Islands","ST4300",856048,"1","2016-08-22T15:03:58Z","2016-09-04T22:55:57Z","UTC","","","",100,288000,120,480,"16","Kourtney Burger","NOAA SWFSC","kourtney.burger@noaa.gov","2024-04-10T00:00:00"
"SWFSC_NEPac-BCN_201608_Pascal_006","PASCAL","Shannon Rankin","NOAA SWFSC","shannon.rankin@noaa.gov","Mobile","Drifting-buoy","6538","Baja California Norte","ST4300",856053,"1","2016-08-24T13:00:23Z","2016-08-30T03:29:26Z","UTC","","","",100,288000,3600,0,"16","Kourtney Burger","NOAA SWFSC","kourtney.burger@noaa.gov","2024-04-10T00:00:00"
"SWFSC_NEPac-BCN_201608_Pascal_007","PASCAL","Shannon Rankin","NOAA SWFSC","shannon.rankin@noaa.gov","Mobile","Drifting-buoy","SM3M #1","Baja California Norte","SM3M",856045,"1","2016-08-25T09:30:06Z","2016-09-13T09:30:03Z","UTC","","","",100,256000,3600,0,"16","Kourtney Burger","NOAA SWFSC","kourtney.burger@noaa.gov","2024-04-10T00:00:00"
"SWFSC_NEPac-CHI_201608_Pascal_008","PASCAL","Shannon Rankin","NOAA SWFSC","shannon.rankin@noaa.gov","Mobile","Drifting-buoy","SM2+Bat #1","Channel Islands","SM2Bat",856028,"1","2016-08-26T04:56:00Z","2016-09-14T02:46:00Z","UTC","","","",100,192000,120,120,"16","Kourtney Burger","NOAA SWFSC","kourtney.burger@noaa.gov","2024-04-10T00:00:00"
"SWFSC_NEPac-MBY_201608_Pascal_009","PASCAL","Shannon Rankin","NOAA SWFSC","shannon.rankin@noaa.gov","Mobile","Drifting-buoy","1436","Monterey Bay","ST4300",856050,"1","2016-08-27T00:22:14Z","2016-09-15T13:04:14Z","UTC","","","",100,288000,120,480,"16","Kourtney Burger","NOAA SWFSC","kourtney.burger@noaa.gov","2024-04-10T00:00:00"
"SWFSC_NEPac-MND_201608_Pascal_010","PASCAL","Shannon Rankin","NOAA SWFSC","shannon.rankin@noaa.gov","Mobile","Drifting-buoy","SM3M #2","Mendocino","SM3M",856046,"1","2016-08-27T17:44:06Z","2016-09-17T04:24:05Z","UTC","","","",100,256000,3600,0,"16","Kourtney Burger","NOAA SWFSC","kourtney.burger@noaa.gov","2024-04-10T00:00:00"
"SWFSC_NEPac-ORE_201608_Pascal_011","PASCAL","Shannon Rankin","NOAA SWFSC","shannon.rankin@noaa.gov","Mobile","Drifting-buoy","SM2+Bat #2","Oregon","SM2Bat",856019,"1","2016-08-28T12:44:00Z","2016-09-17T04:18:00Z","UTC","","","",100,192000,120,120,"16","Kourtney Burger","NOAA SWFSC","kourtney.burger@noaa.gov","2024-04-10T00:00:00"
"SWFSC_NEPac-COL_201608_Pascal_012","PASCAL","Shannon Rankin","NOAA SWFSC","shannon.rankin@noaa.gov","Mobile","Drifting-buoy","0774","Columbia River","ST4300",856049,"1","2016-08-29T09:01:46Z","2016-09-17T19:53:46Z","UTC","","","",100,288000,120,480,"16","Kourtney Burger","NOAA SWFSC","kourtney.burger@noaa.gov","2024-04-10T00:00:00"
"SWFSC_NEPac-COL_201608_Pascal_013","PASCAL","Shannon Rankin","NOAA SWFSC","shannon.rankin@noaa.gov","Mobile","Drifting-buoy","SM3M #3","Columbia River","SM3M",856044,"1","2016-08-29T20:50:05Z","2016-09-15T17:26:06Z","UTC","","","",100,256000,3600,0,"16","Kourtney Burger","NOAA SWFSC","kourtney.burger@noaa.gov","2024-04-10T00:00:00"
"SWFSC_NEPac-ORE_201608_Pascal_015","PASCAL","Shannon Rankin","NOAA SWFSC","shannon.rankin@noaa.gov","Mobile","Drifting-buoy","8025","Oregon","ST4300",856055,"1","2016-08-31T07:11:39Z","2016-09-05T04:48:43Z","UTC","","","",100,288000,3600,0,"16","Kourtney Burger","NOAA SWFSC","kourtney.burger@noaa.gov","2024-04-10T00:00:00"
"SWFSC_NEPac-HUM_201609_Pascal_016","PASCAL","Shannon Rankin","NOAA SWFSC","shannon.rankin@noaa.gov","Mobile","Drifting-buoy","4581","Humboldt","ST4300",856054,"1","2016-09-01T13:22:02Z","2016-09-21T00:04:02Z","UTC","","","",100,288000,120,480,"16","Kourtney Burger","NOAA SWFSC","kourtney.burger@noaa.gov","2024-04-10T00:00:00"
"SWFSC_NEPac-PTA_201609_Pascal_017","PASCAL","Shannon Rankin","NOAA SWFSC","shannon.rankin@noaa.gov","Mobile","Drifting-buoy","SM3M #4","Point Arena","SM3M",856041,"1","2016-09-02T03:54:06Z","2016-09-21T23:14:00Z","UTC","","","",100,256000,3600,0,"16","Kourtney Burger","NOAA SWFSC","kourtney.burger@noaa.gov","2024-04-10T00:00:00"
"SWFSC_NEPac-MBY_201609_Pascal_018","PASCAL","Shannon Rankin","NOAA SWFSC","shannon.rankin@noaa.gov","Mobile","Drifting-buoy","SM2+Bat #4","Monterey Bay","SM2Bat",856026,"1","2016-09-03T05:32:00Z","2016-09-22T11:50:00Z","UTC","","","",100,192000,120,120,"16","Kourtney Burger","NOAA SWFSC","kourtney.burger@noaa.gov","2024-04-10T00:00:00"
"SWFSC_NEPac-CHI_201609_Pascal_019","PASCAL","Shannon Rankin","NOAA SWFSC","shannon.rankin@noaa.gov","Mobile","Drifting-buoy","0129","Channel Islands","ST4300",856047,"1","2016-09-04T01:47:23Z","2016-09-23T06:59:22Z","UTC","","","",100,288000,120,480,"16","Kourtney Burger","NOAA SWFSC","kourtney.burger@noaa.gov","2024-04-10T00:00:00"
"SWFSC_NEPac-CHI_201609_Pascal_020","PASCAL","Shannon Rankin","NOAA SWFSC","shannon.rankin@noaa.gov","Mobile","Drifting-buoy","0773","Channel Islands","ST4300",856061,"1","2016-09-07T02:37:11Z","2016-09-29T05:18:16Z","UTC","","","",100,288000,120,480,"16","Kourtney Burger","NOAA SWFSC","kourtney.burger@noaa.gov","2024-04-10T00:00:00"
"SWFSC_NEPac-MOB_201609_Pascal_021","PASCAL","Shannon Rankin","NOAA SWFSC","shannon.rankin@noaa.gov","Mobile","Drifting-buoy","8505","Morro Bay","ST4300",856060,"1","2016-09-03T23:54:34Z","2016-09-25T10:02:46Z","UTC","","","",100,288000,120,480,"16","Kourtney Burger","NOAA SWFSC","kourtney.burger@noaa.gov","2024-04-10T00:00:00"
"SWFSC_NEPac-SND_201609_Pascal_022","PASCAL","Shannon Rankin","NOAA SWFSC","shannon.rankin@noaa.gov","Mobile","Drifting-buoy","2634","San Diego","ST4300",856048,"1","2016-09-05T06:46:25Z","2016-09-28T17:06:40Z","UTC","","","",100,288000,120,480,"16","Kourtney Burger","NOAA SWFSC","kourtney.burger@noaa.gov","2024-04-10T00:00:00"
"SWFSC_NEPac-SND_201609_Pascal_023","PASCAL","Shannon Rankin","NOAA SWFSC","shannon.rankin@noaa.gov","Mobile","Drifting-buoy","8677","San Diego","ST4300",856054,"1","2016-09-24T00:37:42Z","2016-09-28T00:57:46Z","UTC","","","",100,288000,3600,0,"16","Kourtney Burger","NOAA SWFSC","kourtney.burger@noaa.gov","2024-04-10T00:00:00"
"SWFSC_NEPac-SND_201609_Pascal_024","PASCAL","Shannon Rankin","NOAA SWFSC","shannon.rankin@noaa.gov","Mobile","Drifting-buoy","6538","San Diego","ST4300",856052,"1","2016-09-24T01:47:57Z","2016-09-28T02:09:43Z","UTC","","","",100,288000,3600,0,"16","Kourtney Burger","NOAA SWFSC","kourtney.burger@noaa.gov","2024-04-10T00:00:00"
"SWFSC_NEPac-SND_201609_Pascal_025","PASCAL","Shannon Rankin","NOAA SWFSC","shannon.rankin@noaa.gov","Mobile","Drifting-buoy","1436","San Diego","ST4300",856053,"1","2016-09-24T04:09:39Z","2016-09-28T02:25:43Z","UTC","","","",100,288000,3600,0,"16","Kourtney Burger","NOAA SWFSC","kourtney.burger@noaa.gov","2024-04-10T00:00:00"
"SWFSC_NEPac-CHI_201609_Pascal_026","PASCAL","Shannon Rankin","NOAA SWFSC","shannon.rankin@noaa.gov","Mobile","Drifting-buoy","0774","Channel Islands","ST4300",856050,"1","2016-09-24T15:15:28Z","2016-09-26T04:21:29Z","UTC","","","",100,288000,3600,0,"16","Kourtney Burger","NOAA SWFSC","kourtney.burger@noaa.gov","2024-04-10T00:00:00"
"SWFSC_NEPac-CHI_201609_Pascal_027","PASCAL","Shannon Rankin","NOAA SWFSC","shannon.rankin@noaa.gov","Mobile","Drifting-buoy","8025","Channel Islands","ST4300",856049,"1","2016-09-24T15:49:50Z","2016-09-26T03:53:51Z","UTC","","","",100,288000,3600,0,"16","Kourtney Burger","NOAA SWFSC","kourtney.burger@noaa.gov","2024-04-10T00:00:00"
"SWFSC_NEPac-CHI_201609_Pascal_028","PASCAL","Shannon Rankin","NOAA SWFSC","shannon.rankin@noaa.gov","Mobile","Drifting-buoy","4581","Channel Islands","ST4300",856055,"1","2016-09-24T16:40:33Z","2016-09-29T03:38:00Z","UTC","","","",100,288000,3600,0,"16","Kourtney Burger","NOAA SWFSC","kourtney.burger@noaa.gov","2024-04-10T00:00:00"
"SWFSC_NEPac-CHI_201609_Pascal_029","PASCAL","Shannon Rankin","NOAA SWFSC","shannon.rankin@noaa.gov","Mobile","Drifting-buoy","0774","Channel Islands","ST4300",856050,"1","2016-09-26T05:39:29Z","2016-09-28T14:17:32Z","UTC","","","",100,288000,3600,0,"16","Kourtney Burger","NOAA SWFSC","kourtney.burger@noaa.gov","2024-04-10T00:00:00"
"SWFSC_NEPac-CHI_201609_Pascal_030","PASCAL","Shannon Rankin","NOAA SWFSC","shannon.rankin@noaa.gov","Mobile","Drifting-buoy","8025","Channel Islands","ST4300",856049,"1","2016-09-26T06:07:52Z","2016-09-28T15:13:54Z","UTC","","","",100,288000,3600,0,"16","Kourtney Burger","NOAA SWFSC","kourtney.burger@noaa.gov","2024-04-10T00:00:00"
