"UNIQUE_ID","PROJECT","DATA_POC_NAME","DATA_POC_AFFILIATION","DATA_POC_EMAIL","STATIONARY_OR_MOBILE","PLATFORM_TYPE","PLATFORM_NO","SITE_ID","INSTRUMENT_TYPE","INSTRUMENT_ID","CHANNEL","MONITORING_START_DATETIME","MONITORING_END_DATETIME","SOUNDFILES_TIMEZONE","LATITUDE","LONGITUDE","WATER_DEPTH_METERS","RECORDER_DEPTH_METERS","SAMPLING_RATE_HZ","RECORDING_DURATION_SECONDS","RECORDING_INTERVAL_SECONDS","SAMPLE_BITS","SUBMITTER_NAME","SUBMITTER_AFFILIATION","SUBMITTER_EMAIL","SUBMISSION_DATE"
"SWFSC_NEPac-HUM_202108_ADRIFT_001","ADRIFT","Shannon Rankin","NOAA SWFSC","shannon.rankin@noaa.gov","Mobile","Drifting-buoy","5987","Humboldt","SoundTrap 4300 High Frequency",856135,"1","2021-08-22T18:59:59Z","2021-08-29T09:30:30Z","UTC","","","",100,384000,360,360,"16","Kourtney Burger","NOAA SWFSC","kourtney.burger@noaa.gov","2024-04-10T00:00:00"
"SWFSC_NEPac-HMB_202106_ADRIFT_002","ADRIFT","Shannon Rankin","NOAA SWFSC","shannon.rankin@noaa.gov","Mobile","Drifting-buoy","5296","Half Moon Bay","SoundTrap 4300 High Frequency",856097,"1","2021-06-09T18:12:23Z","2021-06-16T22:48:53Z","UTC","","","",100,384000,3600,0,"16","Kourtney Burger","NOAA SWFSC","kourtney.burger@noaa.gov","2024-04-10T00:00:00"
"SWFSC_NEPac-SFB_202107_ADRIFT_003","ADRIFT","Shannon Rankin","NOAA SWFSC","shannon.rankin@noaa.gov","Mobile","Drifting-buoy","1208786975","San Francisco Bay","SoundTrap 4300 High Frequency",856122,"1","2021-07-25T18:35:58Z","2021-08-03T16:32:07Z","UTC","","","",100,384000,360,360,"16","Kourtney Burger","NOAA SWFSC","kourtney.burger@noaa.gov","2024-04-10T00:00:00"
"SWFSC_NEPac-SFB_202106_ADRIFT_005","ADRIFT","Shannon Rankin","NOAA SWFSC","shannon.rankin@noaa.gov","Mobile","Drifting-buoy","1208786975","San Francisco Bay","SoundTrap 4300 High Frequency",856122,"1","2021-06-10T18:30:41Z","2021-06-22T21:21:24Z","UTC","","","",100,384000,360,360,"16","Kourtney Burger","NOAA SWFSC","kourtney.burger@noaa.gov","2024-04-10T00:00:00"
"SWFSC_NEPac-SFB_202107_ADRIFT_006","ADRIFT","Shannon Rankin","NOAA SWFSC","shannon.rankin@noaa.gov","Mobile","Drifting-buoy","5318","San Francisco Bay","SoundTrap 4300 High Frequency",856116,"1","2021-07-25T19:11:59Z","2021-07-28T22:05:59Z","UTC","","","",100,384000,360,360,"16","Kourtney Burger","NOAA SWFSC","kourtney.burger@noaa.gov","2024-04-10T00:00:00"
"SWFSC_NEPac-SFB_202106_ADRIFT_007","ADRIFT","Shannon Rankin","NOAA SWFSC","shannon.rankin@noaa.gov","Mobile","Drifting-buoy","5318","San Francisco Bay","SoundTrap 4300 High Frequency",856116,"1","2021-06-10T17:33:22Z","2021-06-24T10:00:08Z","UTC","","","",100,384000,360,360,"16","Kourtney Burger","NOAA SWFSC","kourtney.burger@noaa.gov","2024-04-10T00:00:00"
"SWFSC_NEPac-HUM_202201_ADRIFT_012","ADRIFT","Shannon Rankin","NOAA SWFSC","shannon.rankin@noaa.gov","Mobile","Drifting-buoy","5992","Humboldt","SoundTrap 4300 High Frequency",856162,"1","2022-01-18T03:42:19Z","2022-01-21T19:39:12Z","UTC","","","",100,384000,3600,0,"16","Kourtney Burger","NOAA SWFSC","kourtney.burger@noaa.gov","2024-04-10T00:00:00"
"SWFSC_NEPac-MOB_202204_ADRIFT_013","ADRIFT","Shannon Rankin","NOAA SWFSC","shannon.rankin@noaa.gov","Mobile","Drifting-buoy","6655","Morro Bay","SoundTrap 640",856163,"1","2022-04-23T20:44:52Z","2022-05-04T20:36:02Z","UTC","","","",100,384000,3600,0,"16","Kourtney Burger","NOAA SWFSC","kourtney.burger@noaa.gov","2024-04-10T00:00:00"
"SWFSC_NEPac-SFB_202206_ADRIFT_015","ADRIFT","Shannon Rankin","NOAA SWFSC","shannon.rankin@noaa.gov","Mobile","Drifting-buoy","6668","San Francisco Bay","SoundTrap 640",856154,"1","2022-06-18T08:07:12Z","2022-06-21T06:14:36Z","UTC","","","",100,384000,3600,0,"16","Kourtney Burger","NOAA SWFSC","kourtney.burger@noaa.gov","2024-04-10T00:00:00"
"SWFSC_NEPac-HUM_202204_ADRIFT_017","ADRIFT","Shannon Rankin","NOAA SWFSC","shannon.rankin@noaa.gov","Mobile","Drifting-buoy","5987","Humboldt","SoundTrap 4300 High Frequency",856162,"1","2022-04-25T18:59:59Z","2022-04-28T19:22:16Z","UTC","","","",100,384000,3600,0,"16","Kourtney Burger","NOAA SWFSC","kourtney.burger@noaa.gov","2024-04-10T00:00:00"
"SWFSC_NEPac-HUM_202204_ADRIFT_018","ADRIFT","Shannon Rankin","NOAA SWFSC","shannon.rankin@noaa.gov","Mobile","Drifting-buoy","5989","Humboldt","SoundTrap 4300 High Frequency",856155,"1","2022-04-25T19:59:58Z","2022-04-28T20:22:15Z","UTC","","","",100,384000,3600,0,"16","Kourtney Burger","NOAA SWFSC","kourtney.burger@noaa.gov","2024-04-10T00:00:00"
"SWFSC_NEPac-MBY_202206_ADRIFT_019","ADRIFT","Shannon Rankin","NOAA SWFSC","shannon.rankin@noaa.gov","Mobile","Drifting-buoy","6673","Monterey Bay","SoundTrap 640",856157,"1","2022-06-21T16:15:00Z","2022-06-25T22:14:42Z","UTC","","","",100,384000,3600,0,"16","Kourtney Burger","NOAA SWFSC","kourtney.burger@noaa.gov","2024-04-10T00:00:00"
"SWFSC_NEPac-MBY_202206_ADRIFT_020","ADRIFT","Shannon Rankin","NOAA SWFSC","shannon.rankin@noaa.gov","Mobile","Drifting-buoy","6666","Monterey Bay","SoundTrap 640",856156,"1","2022-06-21T16:45:00Z","2022-06-25T17:52:13Z","UTC","","","",100,384000,3600,0,"16","Kourtney Burger","NOAA SWFSC","kourtney.burger@noaa.gov","2024-04-10T00:00:00"
"SWFSC_NEPac-MBY_202206_ADRIFT_021","ADRIFT","Shannon Rankin","NOAA SWFSC","shannon.rankin@noaa.gov","Mobile","Drifting-buoy","6670","Monterey Bay","SoundTrap 640",856164,"1","2022-06-21T17:07:29Z","2022-06-25T18:37:12Z","UTC","","","",100,384000,3600,0,"16","Kourtney Burger","NOAA SWFSC","kourtney.burger@noaa.gov","2024-04-10T00:00:00"
"SWFSC_NEPac-MBY_202206_ADRIFT_022","ADRIFT","Shannon Rankin","NOAA SWFSC","shannon.rankin@noaa.gov","Mobile","Drifting-buoy","6667","Monterey Bay","SoundTrap 640",856159,"1","2022-06-21T17:37:30Z","2022-06-25T16:52:16Z","UTC","","","",100,384000,3600,0,"16","Kourtney Burger","NOAA SWFSC","kourtney.burger@noaa.gov","2024-04-10T00:00:00"
"SWFSC_NEPac-MBY_202206_ADRIFT_023","ADRIFT","Shannon Rankin","NOAA SWFSC","shannon.rankin@noaa.gov","Mobile","Drifting-buoy","6665","Monterey Bay","SoundTrap 640",856140,"1","2022-06-21T18:52:29Z","2022-06-25T21:29:41Z","UTC","","","",100,384000,3600,0,"16","Kourtney Burger","NOAA SWFSC","kourtney.burger@noaa.gov","2024-04-10T00:00:00"
"SWFSC_NEPac-MBY_202206_ADRIFT_024","ADRIFT","Shannon Rankin","NOAA SWFSC","shannon.rankin@noaa.gov","Mobile","Drifting-buoy","6664","Monterey Bay","SoundTrap 640",856163,"1","2022-06-21T19:29:59Z","2022-06-25T20:14:42Z","UTC","","","",100,384000,3600,0,"16","Kourtney Burger","NOAA SWFSC","kourtney.burger@noaa.gov","2024-04-10T00:00:00"
"SWFSC_NEPac-MBY_202206_ADRIFT_025","ADRIFT","Shannon Rankin","NOAA SWFSC","shannon.rankin@noaa.gov","Mobile","Drifting-buoy","6672","Monterey Bay","SoundTrap 640",856135,"1","2022-06-21T19:44:59Z","2022-06-25T17:29:42Z","UTC","","","",100,384000,3600,0,"16","Kourtney Burger","NOAA SWFSC","kourtney.burger@noaa.gov","2024-04-10T00:00:00"
"SWFSC_NEPac-MBY_202206_ADRIFT_026","ADRIFT","Shannon Rankin","NOAA SWFSC","shannon.rankin@noaa.gov","Mobile","Drifting-buoy","6663","Monterey Bay","SoundTrap 640",856165,"1","2022-06-21T20:22:29Z","2022-06-25T20:44:44Z","UTC","","","",100,384000,3600,0,"16","Kourtney Burger","NOAA SWFSC","kourtney.burger@noaa.gov","2024-04-10T00:00:00"
"SWFSC_NEPac-SFB_202207_ADRIFT_027","ADRIFT","Shannon Rankin","NOAA SWFSC","shannon.rankin@noaa.gov","Mobile","Drifting-buoy","6671","San Francisco Bay","SoundTrap 640",856117,"1","2022-07-26T18:37:12Z","2022-07-30T18:14:25Z","UTC","","","",100,384000,3600,0,"16","Kourtney Burger","NOAA SWFSC","kourtney.burger@noaa.gov","2024-04-10T00:00:00"
"SWFSC_NEPac-SFB_202207_ADRIFT_028","ADRIFT","Shannon Rankin","NOAA SWFSC","shannon.rankin@noaa.gov","Mobile","Drifting-buoy","6668","San Francisco Bay","SoundTrap 640",856154,"1","2022-07-26T17:29:47Z","2022-07-30T20:20:32Z","UTC","","","",100,384000,3600,0,"16","Kourtney Burger","NOAA SWFSC","kourtney.burger@noaa.gov","2024-04-10T00:00:00"
"SWFSC_NEPac-HUM_202207_ADRIFT_030","ADRIFT","Shannon Rankin","NOAA SWFSC","shannon.rankin@noaa.gov","Mobile","Drifting-buoy","5987","Humboldt","SoundTrap 4300 High Frequency",856161,"1","2022-07-28T18:59:58Z","2022-08-01T11:29:40Z","UTC","","","",100,384000,3600,0,"16","Kourtney Burger","NOAA SWFSC","kourtney.burger@noaa.gov","2024-04-10T00:00:00"
"SWFSC_NEPac-HUM_202207_ADRIFT_031","ADRIFT","Shannon Rankin","NOAA SWFSC","shannon.rankin@noaa.gov","Mobile","Drifting-buoy","5984","Humboldt","SoundTrap 4300 High Frequency",856155,"1","2022-07-28T18:59:58Z","2022-08-01T08:52:13Z","UTC","","","",100,384000,3600,0,"16","Kourtney Burger","NOAA SWFSC","kourtney.burger@noaa.gov","2024-04-10T00:00:00"
"SWFSC_NEPac-HUM_202209_ADRIFT_032","ADRIFT","Shannon Rankin","NOAA SWFSC","shannon.rankin@noaa.gov","Mobile","Drifting-buoy","5987","Humboldt","SoundTrap 4300 High Frequency",856155,"1","2022-09-13T06:59:57Z","2022-09-15T18:14:45Z","UTC","","","",100,384000,3600,0,"16","Kourtney Burger","NOAA SWFSC","kourtney.burger@noaa.gov","2024-04-10T00:00:00"
"SWFSC_NEPac-HUM_202209_ADRIFT_033","ADRIFT","Shannon Rankin","NOAA SWFSC","shannon.rankin@noaa.gov","Mobile","Drifting-buoy","5984","Humboldt","SoundTrap 4300 High Frequency",856162,"1","2022-09-13T04:44:57Z","2022-09-15T17:29:45Z","UTC","","","",100,384000,3600,0,"16","Kourtney Burger","NOAA SWFSC","kourtney.burger@noaa.gov","2024-04-10T00:00:00"
"SWFSC_NEPac-SFB_202209_ADRIFT_034","ADRIFT","Shannon Rankin","NOAA SWFSC","shannon.rankin@noaa.gov","Mobile","Drifting-buoy","6668","San Francisco Bay","SoundTrap 640",856154,"1","2022-09-27T18:37:14Z","2022-10-01T15:59:35Z","UTC","","","",100,384000,3600,0,"16","Kourtney Burger","NOAA SWFSC","kourtney.burger@noaa.gov","2024-04-10T00:00:00"
"SWFSC_NEPac-HUM_202211_ADRIFT_036","ADRIFT","Shannon Rankin","NOAA SWFSC","shannon.rankin@noaa.gov","Mobile","Drifting-buoy","5984","Humboldt","SoundTrap 4300 High Frequency",856155,"1","2022-11-16T19:14:57Z","2022-11-20T07:37:12Z","UTC","","","",100,384000,3600,0,"16","Kourtney Burger","NOAA SWFSC","kourtney.burger@noaa.gov","2024-04-10T00:00:00"
"SWFSC_NEPac-HUM_202211_ADRIFT_037","ADRIFT","Shannon Rankin","NOAA SWFSC","shannon.rankin@noaa.gov","Mobile","Drifting-buoy","8025","Humboldt","SoundTrap 4300",856162,"1","2022-11-16T18:59:58Z","2022-11-21T10:59:46Z","UTC","","","",100,288000,3600,0,"16","Kourtney Burger","NOAA SWFSC","kourtney.burger@noaa.gov","2024-04-10T00:00:00"
"SWFSC_NEPac-HUM_202211_ADRIFT_038","ADRIFT","Shannon Rankin","NOAA SWFSC","shannon.rankin@noaa.gov","Mobile","Drifting-buoy","5987","Humboldt","SoundTrap 4300 High Frequency",856161,"1","2022-11-16T19:14:57Z","2022-11-20T03:29:42Z","UTC","","","",100,384000,3600,0,"16","Kourtney Burger","NOAA SWFSC","kourtney.burger@noaa.gov","2024-04-10T00:00:00"
"SWFSC_NEPac-HUM_202212_ADRIFT_039","ADRIFT","Shannon Rankin","NOAA SWFSC","shannon.rankin@noaa.gov","Mobile","Drifting-buoy","5984","Humboldt","SoundTrap 4300 High Frequency",856155,"1","2022-12-13T21:29:57Z","2022-12-16T20:22:14Z","UTC","","","",100,384000,3600,0,"16","Kourtney Burger","NOAA SWFSC","kourtney.burger@noaa.gov","2024-04-10T00:00:00"
"SWFSC_NEPac-HUM_202212_ADRIFT_040","ADRIFT","Shannon Rankin","NOAA SWFSC","shannon.rankin@noaa.gov","Mobile","Drifting-buoy","8025","Humboldt","SoundTrap 4300",856162,"1","2022-12-13T21:29:57Z","2022-12-16T21:29:50Z","UTC","","","",100,288000,3600,0,"16","Kourtney Burger","NOAA SWFSC","kourtney.burger@noaa.gov","2024-04-10T00:00:00"
"SWFSC_NEPac-HUM_202212_ADRIFT_041","ADRIFT","Shannon Rankin","NOAA SWFSC","shannon.rankin@noaa.gov","Mobile","Drifting-buoy","5987","Humboldt","SoundTrap 4300 High Frequency",856161,"1","2022-12-13T21:52:27Z","2022-12-16T22:37:14Z","UTC","","","",100,384000,3600,0,"16","Kourtney Burger","NOAA SWFSC","kourtney.burger@noaa.gov","2024-04-10T00:00:00"
"SWFSC_NEPac-ORE_202303_ADRIFT_042","ADRIFT","Shannon Rankin","NOAA SWFSC","shannon.rankin@noaa.gov","Mobile","Drifting-buoy","5296","Oregon","SoundTrap 4300 High Frequency",856163,"1","2023-03-16T19:29:57Z","2023-03-21T00:44:35Z","UTC","","","",100,384000,3600,0,"16","Kourtney Burger","NOAA SWFSC","kourtney.burger@noaa.gov","2024-04-10T00:00:00"
"SWFSC_NEPac-ORE_202303_ADRIFT_043","ADRIFT","Shannon Rankin","NOAA SWFSC","shannon.rankin@noaa.gov","Mobile","Drifting-buoy","5986","Oregon","SoundTrap 4300 High Frequency",856159,"1","2023-03-16T18:52:27Z","2023-03-20T08:53:16Z","UTC","","","",100,384000,3600,0,"16","Kourtney Burger","NOAA SWFSC","kourtney.burger@noaa.gov","2024-04-10T00:00:00"
"SWFSC_NEPac-ORE_202303_ADRIFT_044","ADRIFT","Shannon Rankin","NOAA SWFSC","shannon.rankin@noaa.gov","Mobile","Drifting-buoy","5991","Oregon","SoundTrap 4300 High Frequency",856136,"1","2023-03-16T20:14:58Z","2023-03-20T21:11:30Z","UTC","","","",100,384000,3600,0,"16","Kourtney Burger","NOAA SWFSC","kourtney.burger@noaa.gov","2024-04-10T00:00:00"
"SWFSC_NEPac-ORE_202303_ADRIFT_045","ADRIFT","Shannon Rankin","NOAA SWFSC","shannon.rankin@noaa.gov","Mobile","Drifting-buoy","5994","Oregon","SoundTrap 4300 High Frequency",856138,"1","2023-03-16T18:59:58Z","2023-03-20T11:40:17Z","UTC","","","",100,384000,3600,0,"16","Kourtney Burger","NOAA SWFSC","kourtney.burger@noaa.gov","2024-04-10T00:00:00"
"SWFSC_NEPac-MBY_202303_ADRIFT_046","ADRIFT","Shannon Rankin","NOAA SWFSC","shannon.rankin@noaa.gov","Mobile","Drifting-buoy","6655","Monterey Bay","SoundTrap 640",856158,"1","2023-03-11T19:00:00Z","2023-03-16T21:30:01Z","UTC","","","",100,384000,3600,0,"16","Kourtney Burger","NOAA SWFSC","kourtney.burger@noaa.gov","2024-04-10T00:00:00"
"SWFSC_NEPac-MBY_202303_ADRIFT_047","ADRIFT","Shannon Rankin","NOAA SWFSC","shannon.rankin@noaa.gov","Mobile","Drifting-buoy","6668","Monterey Bay","SoundTrap 640",856117,"1","2023-03-11T19:30:00Z","2023-03-16T21:12:01Z","UTC","","","",100,384000,3600,0,"16","Kourtney Burger","NOAA SWFSC","kourtney.burger@noaa.gov","2024-04-10T00:00:00"
"SWFSC_NEPac-MBY_202303_ADRIFT_048","ADRIFT","Shannon Rankin","NOAA SWFSC","shannon.rankin@noaa.gov","Mobile","Drifting-buoy","7519","Monterey Bay","SoundTrap 640",856157,"1","2023-03-11T19:54:00Z","2023-03-18T18:12:02Z","UTC","","","",100,384000,3600,0,"16","Kourtney Burger","NOAA SWFSC","kourtney.burger@noaa.gov","2024-04-10T00:00:00"
"SWFSC_NEPac-MBY_202303_ADRIFT_049","ADRIFT","Shannon Rankin","NOAA SWFSC","shannon.rankin@noaa.gov","Mobile","Drifting-buoy","6671","Monterey Bay","SoundTrap 640",856140,"1","2023-03-11T20:36:00Z","2023-03-16T17:42:01Z","UTC","","","",100,384000,3600,0,"16","Kourtney Burger","NOAA SWFSC","kourtney.burger@noaa.gov","2024-04-10T00:00:00"
"SWFSC_NEPac-MBY_202303_ADRIFT_050","ADRIFT","Shannon Rankin","NOAA SWFSC","shannon.rankin@noaa.gov","Mobile","Drifting-buoy","6664","Monterey Bay","SoundTrap 640",856165,"1","2023-03-11T21:00:00Z","2023-03-16T20:00:01Z","UTC","","","",100,384000,3600,0,"16","Kourtney Burger","NOAA SWFSC","kourtney.burger@noaa.gov","2024-04-10T00:00:00"
"SWFSC_NEPac-MBY_202303_ADRIFT_051","ADRIFT","Shannon Rankin","NOAA SWFSC","shannon.rankin@noaa.gov","Mobile","Drifting-buoy","6667","Monterey Bay","SoundTrap 640",856154,"1","2023-03-11T21:30:00Z","2023-03-16T19:24:01Z","UTC","","","",100,384000,3600,0,"16","Kourtney Burger","NOAA SWFSC","kourtney.burger@noaa.gov","2024-04-10T00:00:00"
"SWFSC_NEPac-MBY_202303_ADRIFT_052","ADRIFT","Shannon Rankin","NOAA SWFSC","shannon.rankin@noaa.gov","Mobile","Drifting-buoy","7517","Monterey Bay","SoundTrap 640",856164,"1","2023-03-11T21:54:00Z","2023-03-16T22:54:01Z","UTC","","","",100,384000,3600,0,"16","Kourtney Burger","NOAA SWFSC","kourtney.burger@noaa.gov","2024-04-10T00:00:00"
"SWFSC_NEPac-MBY_202303_ADRIFT_053","ADRIFT","Shannon Rankin","NOAA SWFSC","shannon.rankin@noaa.gov","Mobile","Drifting-buoy","6665","Monterey Bay","SoundTrap 640",856135,"1","2023-03-11T22:18:00Z","2023-03-16T23:30:01Z","UTC","","","",100,384000,3600,0,"16","Kourtney Burger","NOAA SWFSC","kourtney.burger@noaa.gov","2024-04-10T00:00:00"
"SWFSC_NEPac-HUM_202303_ADRIFT_054","ADRIFT","Shannon Rankin","NOAA SWFSC","shannon.rankin@noaa.gov","Mobile","Drifting-buoy","5984","Humboldt","SoundTrap 4300 High Frequency",856155,"1","2023-03-16T18:29:58Z","2023-03-18T16:59:48Z","UTC","","","",100,384000,3600,0,"16","Kourtney Burger","NOAA SWFSC","kourtney.burger@noaa.gov","2024-04-10T00:00:00"
"SWFSC_NEPac-HUM_202303_ADRIFT_055","ADRIFT","Shannon Rankin","NOAA SWFSC","shannon.rankin@noaa.gov","Mobile","Drifting-buoy","8025","Humboldt","SoundTrap 4300",856161,"1","2023-03-16T18:29:58Z","2023-03-18T17:29:52Z","UTC","","","",100,288000,3600,0,"16","Kourtney Burger","NOAA SWFSC","kourtney.burger@noaa.gov","2024-04-10T00:00:00"
"SWFSC_NEPac-HUM_202303_ADRIFT_057","ADRIFT","Shannon Rankin","NOAA SWFSC","shannon.rankin@noaa.gov","Mobile","Drifting-buoy","5992","Humboldt","SoundTrap 4300 High Frequency",856162,"1","2023-03-16T19:14:57Z","2023-03-18T16:59:48Z","UTC","","","",100,384000,3600,0,"16","Kourtney Burger","NOAA SWFSC","kourtney.burger@noaa.gov","2024-04-10T00:00:00"
"SWFSC_NEPac-ORE_202304_ADRIFT_058","ADRIFT","Shannon Rankin","NOAA SWFSC","shannon.rankin@noaa.gov","Mobile","Drifting-buoy","5296","Oregon","SoundTrap 4300 High Frequency",856163,"1","2023-04-13T07:49:55Z","2023-04-16T17:09:47Z","UTC","","","",100,384000,3600,0,"16","Kourtney Burger","NOAA SWFSC","kourtney.burger@noaa.gov","2024-04-10T00:00:00"
"SWFSC_NEPac-ORE_202304_ADRIFT_059","ADRIFT","Shannon Rankin","NOAA SWFSC","shannon.rankin@noaa.gov","Mobile","Drifting-buoy","5986","Oregon","SoundTrap 4300 High Frequency",856159,"1","2023-04-13T06:15:13Z","2023-04-16T18:18:58Z","UTC","","","",100,384000,3600,0,"16","Kourtney Burger","NOAA SWFSC","kourtney.burger@noaa.gov","2024-04-10T00:00:00"
"SWFSC_NEPac-ORE_202304_ADRIFT_060","ADRIFT","Shannon Rankin","NOAA SWFSC","shannon.rankin@noaa.gov","Mobile","Drifting-buoy","5991","Oregon","SoundTrap 4300 High Frequency",856136,"1","2023-04-13T06:58:23Z","2023-04-16T18:13:06Z","UTC","","","",100,384000,3600,0,"16","Kourtney Burger","NOAA SWFSC","kourtney.burger@noaa.gov","2024-04-10T00:00:00"
"SWFSC_NEPac-ORE_202304_ADRIFT_061","ADRIFT","Shannon Rankin","NOAA SWFSC","shannon.rankin@noaa.gov","Mobile","Drifting-buoy","5994","Oregon","SoundTrap 4300 High Frequency",856138,"1","2023-04-13T05:14:02Z","2023-04-16T18:56:46Z","UTC","","","",100,384000,3600,0,"16","Kourtney Burger","NOAA SWFSC","kourtney.burger@noaa.gov","2024-04-10T00:00:00"
"SWFSC_NEPac-ORE_202304_ADRIFT_062","ADRIFT","Shannon Rankin","NOAA SWFSC","shannon.rankin@noaa.gov","Mobile","Drifting-buoy","5296","Oregon","SoundTrap 4300 High Frequency",856163,"1","2023-04-26T03:37:21Z","2023-04-29T05:28:54Z","UTC","","","",100,384000,3600,0,"16","Kourtney Burger","NOAA SWFSC","kourtney.burger@noaa.gov","2024-04-10T00:00:00"
"SWFSC_NEPac-ORE_202304_ADRIFT_063","ADRIFT","Shannon Rankin","NOAA SWFSC","shannon.rankin@noaa.gov","Mobile","Drifting-buoy","5986","Oregon","SoundTrap 4300 High Frequency",856159,"1","2023-04-26T03:03:34Z","2023-04-29T03:44:57Z","UTC","","","",100,384000,3600,0,"16","Kourtney Burger","NOAA SWFSC","kourtney.burger@noaa.gov","2024-04-10T00:00:00"
"SWFSC_NEPac-ORE_202304_ADRIFT_064","ADRIFT","Shannon Rankin","NOAA SWFSC","shannon.rankin@noaa.gov","Mobile","Drifting-buoy","5991","Oregon","SoundTrap 4300 High Frequency",856136,"1","2023-04-26T02:06:08Z","2023-04-29T07:20:35Z","UTC","","","",100,384000,3600,0,"16","Kourtney Burger","NOAA SWFSC","kourtney.burger@noaa.gov","2024-04-10T00:00:00"
"SWFSC_NEPac-ORE_202304_ADRIFT_065","ADRIFT","Shannon Rankin","NOAA SWFSC","shannon.rankin@noaa.gov","Mobile","Drifting-buoy","5994","Oregon","SoundTrap 4300 High Frequency",856138,"1","2023-04-26T02:59:55Z","2023-04-29T06:47:59Z","UTC","","","",100,384000,3600,0,"16","Kourtney Burger","NOAA SWFSC","kourtney.burger@noaa.gov","2024-04-10T00:00:00"
"SWFSC_NEPac-SFB_202305_ADRIFT_067","ADRIFT","Shannon Rankin","NOAA SWFSC","shannon.rankin@noaa.gov","Mobile","Drifting-buoy","6668","San Francisco Bay","SoundTrap 640",856158,"1","2023-05-08T04:18:02Z","2023-05-12T01:36:03Z","UTC","","","",100,384000,3600,0,"16","Kourtney Burger","NOAA SWFSC","kourtney.burger@noaa.gov","2024-04-10T00:00:00"
"SWFSC_NEPac-HUM_202305_ADRIFT_068","ADRIFT","Shannon Rankin","NOAA SWFSC","shannon.rankin@noaa.gov","Mobile","Drifting-buoy","5992","Humboldt","SoundTrap 4300 High Frequency",856155,"1","2023-05-07T00:29:58Z","2023-05-09T16:14:48Z","UTC","","","",100,384000,3600,0,"16","Kourtney Burger","NOAA SWFSC","kourtney.burger@noaa.gov","2024-04-10T00:00:00"
"SWFSC_NEPac-HUM_202305_ADRIFT_070","ADRIFT","Shannon Rankin","NOAA SWFSC","shannon.rankin@noaa.gov","Mobile","Drifting-buoy","5984","Humboldt","SoundTrap 4300 High Frequency",856156,"1","2023-05-07T00:52:27Z","2023-05-09T17:44:46Z","UTC","","","",100,384000,3600,0,"16","Kourtney Burger","NOAA SWFSC","kourtney.burger@noaa.gov","2024-04-10T00:00:00"
"SWFSC_NEPac-HUM_202305_ADRIFT_071","ADRIFT","Shannon Rankin","NOAA SWFSC","shannon.rankin@noaa.gov","Mobile","Drifting-buoy","8025","Humboldt","SoundTrap 4300",856162,"1","2023-05-07T00:59:58Z","2023-05-09T17:59:48Z","UTC","","","",100,288000,3600,0,"16","Kourtney Burger","NOAA SWFSC","kourtney.burger@noaa.gov","2024-04-10T00:00:00"
"SWFSC_NEPac-ORE_202305_ADRIFT_072","ADRIFT","Shannon Rankin","NOAA SWFSC","shannon.rankin@noaa.gov","Mobile","Drifting-buoy","5296","Oregon","SoundTrap 4300 High Frequency",856163,"1","2023-05-17T18:13:55Z","2023-05-23T13:36:53Z","UTC","","","",100,384000,3600,0,"16","Kourtney Burger","NOAA SWFSC","kourtney.burger@noaa.gov","2024-04-10T00:00:00"
"SWFSC_NEPac-ORE_202305_ADRIFT_073","ADRIFT","Shannon Rankin","NOAA SWFSC","shannon.rankin@noaa.gov","Mobile","Drifting-buoy","5986","Oregon","SoundTrap 4300 High Frequency",856159,"1","2023-05-17T18:38:29Z","2023-05-21T06:28:32Z","UTC","","","",100,384000,3600,0,"16","Kourtney Burger","NOAA SWFSC","kourtney.burger@noaa.gov","2024-04-10T00:00:00"
"SWFSC_NEPac-ORE_202305_ADRIFT_074","ADRIFT","Shannon Rankin","NOAA SWFSC","shannon.rankin@noaa.gov","Mobile","Drifting-buoy","5991","Oregon","SoundTrap 4300 High Frequency",856136,"1","2023-05-17T18:58:58Z","2023-05-21T20:30:14Z","UTC","","","",100,384000,3600,0,"16","Kourtney Burger","NOAA SWFSC","kourtney.burger@noaa.gov","2024-04-10T00:00:00"
"SWFSC_NEPac-ORE_202305_ADRIFT_075","ADRIFT","Shannon Rankin","NOAA SWFSC","shannon.rankin@noaa.gov","Mobile","Drifting-buoy","5994","Oregon","SoundTrap 4300 High Frequency",856138,"1","2023-05-17T19:25:22Z","2023-05-21T09:00:04Z","UTC","","","",100,384000,3600,0,"16","Kourtney Burger","NOAA SWFSC","kourtney.burger@noaa.gov","2024-04-10T00:00:00"
"SWFSC_NEPac-ORE_202307_ADRIFT_077","ADRIFT","Shannon Rankin","NOAA SWFSC","shannon.rankin@noaa.gov","Mobile","Drifting-buoy","5986","Oregon","SoundTrap 4300 High Frequency",856159,"1","2023-07-17T19:08:24Z","2023-07-21T08:34:54Z","UTC","","","",100,384000,3600,0,"16","Kourtney Burger","NOAA SWFSC","kourtney.burger@noaa.gov","2024-04-10T00:00:00"
"SWFSC_NEPac-ORE_202307_ADRIFT_078","ADRIFT","Shannon Rankin","NOAA SWFSC","shannon.rankin@noaa.gov","Mobile","Drifting-buoy","5994","Oregon","SoundTrap 4300 High Frequency",856138,"1","2023-07-17T20:03:06Z","2023-07-21T11:22:38Z","UTC","","","",100,384000,3600,0,"16","Kourtney Burger","NOAA SWFSC","kourtney.burger@noaa.gov","2024-04-10T00:00:00"
"SWFSC_NEPac-MBY_202307_ADRIFT_079","ADRIFT","Shannon Rankin","NOAA SWFSC","shannon.rankin@noaa.gov","Mobile","Drifting-buoy","6664","Monterey Bay","SoundTrap 640",856154,"1","2023-07-11T19:54:00Z","2023-07-16T16:24:02Z","UTC","","","",100,384000,3600,0,"16","Kourtney Burger","NOAA SWFSC","kourtney.burger@noaa.gov","2024-04-10T00:00:00"
"SWFSC_NEPac-MBY_202307_ADRIFT_080","ADRIFT","Shannon Rankin","NOAA SWFSC","shannon.rankin@noaa.gov","Mobile","Drifting-buoy","6655","Monterey Bay","SoundTrap 640",856165,"1","2023-07-11T20:42:00Z","2023-07-16T20:12:01Z","UTC","","","",100,384000,3600,0,"16","Kourtney Burger","NOAA SWFSC","kourtney.burger@noaa.gov","2024-04-10T00:00:00"
"SWFSC_NEPac-MBY_202307_ADRIFT_081","ADRIFT","Shannon Rankin","NOAA SWFSC","shannon.rankin@noaa.gov","Mobile","Drifting-buoy","7517","Monterey Bay","SoundTrap 640",856135,"1","2023-07-11T21:18:00Z","2023-07-16T17:42:02Z","UTC","","","",100,384000,3600,0,"16","Kourtney Burger","NOAA SWFSC","kourtney.burger@noaa.gov","2024-04-10T00:00:00"
"SWFSC_NEPac-MBY_202307_ADRIFT_082","ADRIFT","Shannon Rankin","NOAA SWFSC","shannon.rankin@noaa.gov","Mobile","Drifting-buoy","7521","Monterey Bay","SoundTrap 640",856137,"1","2023-07-11T21:54:00Z","2023-07-15T18:42:01Z","UTC","","","",100,384000,3600,0,"16","Kourtney Burger","NOAA SWFSC","kourtney.burger@noaa.gov","2024-04-10T00:00:00"
"SWFSC_NEPac-MBY_202307_ADRIFT_083","ADRIFT","Shannon Rankin","NOAA SWFSC","shannon.rankin@noaa.gov","Mobile","Drifting-buoy","6665","Monterey Bay","SoundTrap 640",856140,"1","2023-07-11T22:44:00Z","2023-07-16T17:18:01Z","UTC","","","",100,384000,3600,0,"16","Kourtney Burger","NOAA SWFSC","kourtney.burger@noaa.gov","2024-04-10T00:00:00"
"SWFSC_NEPac-ORE_202308_ADRIFT_085","ADRIFT","Shannon Rankin","NOAA SWFSC","shannon.rankin@noaa.gov","Mobile","Drifting-buoy","5296","Oregon","SoundTrap 4300 High Frequency",856163,"1","2023-08-04T22:05:52Z","2023-08-11T02:37:32Z","UTC","","","",100,384000,3600,0,"16","Kourtney Burger","NOAA SWFSC","kourtney.burger@noaa.gov","2024-04-10T00:00:00"
"SWFSC_NEPac-ORE_202308_ADRIFT_086","ADRIFT","Shannon Rankin","NOAA SWFSC","shannon.rankin@noaa.gov","Mobile","Drifting-buoy","5986","Oregon","SoundTrap 4300 High Frequency",856159,"1","2023-08-04T22:41:22Z","2023-08-08T10:11:55Z","UTC","","","",100,384000,3600,0,"16","Kourtney Burger","NOAA SWFSC","kourtney.burger@noaa.gov","2024-04-10T00:00:00"
"SWFSC_NEPac-ORE_202308_ADRIFT_087","ADRIFT","Shannon Rankin","NOAA SWFSC","shannon.rankin@noaa.gov","Mobile","Drifting-buoy","5994","Oregon","SoundTrap 4300 High Frequency",856138,"1","2023-08-04T23:14:28Z","2023-08-08T11:44:44Z","UTC","","","",100,384000,3600,0,"16","Kourtney Burger","NOAA SWFSC","kourtney.burger@noaa.gov","2024-04-10T00:00:00"
"SWFSC_NEPac-HUM_202308_ADRIFT_088","ADRIFT","Shannon Rankin","NOAA SWFSC","shannon.rankin@noaa.gov","Mobile","Drifting-buoy","5992","Humboldt","SoundTrap 4300 High Frequency",856155,"1","2023-08-25T17:29:58Z","2023-08-28T20:23:59Z","UTC","","","",100,384000,3600,0,"16","Kourtney Burger","NOAA SWFSC","kourtney.burger@noaa.gov","2024-04-10T00:00:00"
"SWFSC_NEPac-HUM_202308_ADRIFT_089","ADRIFT","Shannon Rankin","NOAA SWFSC","shannon.rankin@noaa.gov","Mobile","Drifting-buoy","5990","Humboldt","SoundTrap 4300 High Frequency",856161,"1","2023-08-25T17:17:58Z","2023-08-26T18:23:58Z","UTC","","","",100,384000,3600,0,"16","Kourtney Burger","NOAA SWFSC","kourtney.burger@noaa.gov","2024-04-10T00:00:00"
"SWFSC_NEPac-HUM_202308_ADRIFT_090","ADRIFT","Shannon Rankin","NOAA SWFSC","shannon.rankin@noaa.gov","Mobile","Drifting-buoy","5984","Humboldt","SoundTrap 4300 High Frequency",856156,"1","2023-08-25T17:41:58Z","2023-08-26T21:11:58Z","UTC","","","",100,384000,3600,0,"16","Kourtney Burger","NOAA SWFSC","kourtney.burger@noaa.gov","2024-04-10T00:00:00"
"SWFSC_NEPac-HUM_202308_ADRIFT_091","ADRIFT","Shannon Rankin","NOAA SWFSC","shannon.rankin@noaa.gov","Mobile","Drifting-buoy","8025","Humboldt","SoundTrap 4300",856162,"1","2023-08-25T18:05:58Z","2023-08-28T21:29:59Z","UTC","","","",100,288000,3600,0,"16","Kourtney Burger","NOAA SWFSC","kourtney.burger@noaa.gov","2024-04-10T00:00:00"
"SWFSC_NEPac-SFB_202309_ADRIFT_092","ADRIFT","Shannon Rankin","NOAA SWFSC","shannon.rankin@noaa.gov","Mobile","Drifting-buoy","6663","San Francisco Bay","SoundTrap 640",856157,"1","2023-09-17T17:42:00Z","2023-09-22T01:42:02Z","UTC","","","",100,384000,3600,0,"16","Kourtney Burger","NOAA SWFSC","kourtney.burger@noaa.gov","2024-04-10T00:00:00"
"SWFSC_NEPac-HUM_202310_ADRIFT_097","ADRIFT","Shannon Rankin","NOAA SWFSC","shannon.rankin@noaa.gov","Mobile","Drifting-buoy","5992","Humboldt","SoundTrap 4300 High Frequency",856155,"1","2023-10-05T23:29:58Z","2023-10-06T23:23:58Z","UTC","","","",100,384000,3600,0,"16","Kourtney Burger","NOAA SWFSC","kourtney.burger@noaa.gov","2024-04-10T00:00:00"
"SWFSC_NEPac-HUM_202310_ADRIFT_098","ADRIFT","Shannon Rankin","NOAA SWFSC","shannon.rankin@noaa.gov","Mobile","Drifting-buoy","5990","Humboldt","SoundTrap 4300 High Frequency",856161,"1","2023-10-05T23:29:58Z","2023-10-06T23:41:58Z","UTC","","","",100,384000,3600,0,"16","Kourtney Burger","NOAA SWFSC","kourtney.burger@noaa.gov","2024-04-10T00:00:00"
"SWFSC_NEPac-HUM_202310_ADRIFT_099","ADRIFT","Shannon Rankin","NOAA SWFSC","shannon.rankin@noaa.gov","Mobile","Drifting-buoy","5984","Humboldt","SoundTrap 4300 High Frequency",856156,"1","2023-10-05T23:41:58Z","2023-10-06T23:53:58Z","UTC","","","",100,384000,3600,0,"16","Kourtney Burger","NOAA SWFSC","kourtney.burger@noaa.gov","2024-04-10T00:00:00"
"SWFSC_NEPac-HUM_202310_ADRIFT_100","ADRIFT","Shannon Rankin","NOAA SWFSC","shannon.rankin@noaa.gov","Mobile","Drifting-buoy","8025","Humboldt","SoundTrap 4300",856162,"1","2023-10-05T23:53:58Z","2023-10-07T00:23:58Z","UTC","","","",100,288000,3600,0,"16","Kourtney Burger","NOAA SWFSC","kourtney.burger@noaa.gov","2024-04-10T00:00:00"
"SWFSC_NEPac-MBY_202311_ADRIFT_101","ADRIFT","Shannon Rankin","NOAA SWFSC","shannon.rankin@noaa.gov","Mobile","Drifting-buoy","7932","Monterey Bay","SoundTrap 640",856137,"1","2023-11-06T17:06:00Z","2023-11-10T18:18:01Z","UTC","","","",100,384000,3600,0,"16","Kourtney Burger","NOAA SWFSC","kourtney.burger@noaa.gov","2024-04-10T00:00:00"
"SWFSC_NEPac-MBY_202311_ADRIFT_102","ADRIFT","Shannon Rankin","NOAA SWFSC","shannon.rankin@noaa.gov","Mobile","Drifting-buoy","6667","Monterey Bay","SoundTrap 640",856140,"1","2023-11-06T17:42:00Z","2023-11-10T19:48:01Z","UTC","","","",100,384000,3600,0,"16","Kourtney Burger","NOAA SWFSC","kourtney.burger@noaa.gov","2024-04-10T00:00:00"
"SWFSC_NEPac-MBY_202311_ADRIFT_103","ADRIFT","Shannon Rankin","NOAA SWFSC","shannon.rankin@noaa.gov","Mobile","Drifting-buoy","7939","Monterey Bay","SoundTrap 640",856135,"1","2023-11-06T18:54:00Z","2023-11-10T20:54:01Z","UTC","","","",100,384000,3600,0,"16","Kourtney Burger","NOAA SWFSC","kourtney.burger@noaa.gov","2024-04-10T00:00:00"
"SWFSC_NEPac-MBY_202311_ADRIFT_104","ADRIFT","Shannon Rankin","NOAA SWFSC","shannon.rankin@noaa.gov","Mobile","Drifting-buoy","7930","Monterey Bay","SoundTrap 640",856157,"1","2023-11-06T19:24:00Z","2023-11-10T22:48:01Z","UTC","","","",100,384000,3600,0,"16","Kourtney Burger","NOAA SWFSC","kourtney.burger@noaa.gov","2024-04-10T00:00:00"
"SWFSC_NEPac-MBY_202311_ADRIFT_105","ADRIFT","Shannon Rankin","NOAA SWFSC","shannon.rankin@noaa.gov","Mobile","Drifting-buoy","7951","Monterey Bay","SoundTrap 640",856164,"1","2023-11-06T20:00:00Z","2023-11-10T22:00:01Z","UTC","","","",100,384000,3600,0,"16","Kourtney Burger","NOAA SWFSC","kourtney.burger@noaa.gov","2024-04-10T00:00:00"
"SWFSC_NEPac-MBY_202311_ADRIFT_106","ADRIFT","Shannon Rankin","NOAA SWFSC","shannon.rankin@noaa.gov","Mobile","Drifting-buoy","6663","Monterey Bay","SoundTrap 640",856165,"1","2023-11-06T20:36:00Z","2023-11-10T22:18:01Z","UTC","","","",100,384000,3600,0,"16","Kourtney Burger","NOAA SWFSC","kourtney.burger@noaa.gov","2024-04-10T00:00:00"
"SWFSC_NEPac-MBY_202311_ADRIFT_107","ADRIFT","Shannon Rankin","NOAA SWFSC","shannon.rankin@noaa.gov","Mobile","Drifting-buoy","7934","Monterey Bay","SoundTrap 640",856135,"1","2023-11-06T21:00:00Z","2023-11-10T20:24:01Z","UTC","","","",100,384000,3600,0,"16","Kourtney Burger","NOAA SWFSC","kourtney.burger@noaa.gov","2024-04-10T00:00:00"
"SWFSC_NEPac-MBY_202311_ADRIFT_108","ADRIFT","Shannon Rankin","NOAA SWFSC","shannon.rankin@noaa.gov","Mobile","Drifting-buoy","7519","Monterey Bay","SoundTrap 640",856154,"1","2023-11-06T21:41:59Z","2023-11-10T21:24:00Z","UTC","","","",100,384000,3600,0,"16","Kourtney Burger","NOAA SWFSC","kourtney.burger@noaa.gov","2024-04-10T00:00:00"
