organization_code,device_code,device_type_code,device_manufacturer,device_model_name,device_model_number,device_serial_number,device_description,device_start_date,device_end_date,device_alias,device_json,device_comments,child_device_codes
SWFSC,SOUNDTRAP_1543770129,RECORDING_DEVICE,Ocean Instruments,,SoundTrap 4300,1543770129,,,,,"{""SENSITIVITY"":-4}",,
SWFSC,SOUNDTRAP_1544081436,RECORDING_DEVICE,Ocean Instruments,,SoundTrap 4300,1544081436,,,,,"{""SENSITIVITY"":-4}",,
SWFSC,SOUNDTRAP_7934,RECORDING_DEVICE,Ocean Instruments,,SoundTrap 640,7934,,,,,"{""SENSITIVITY"":-4}",,
SWFSC,SOUNDTRAP_7951,RECORDING_DEVICE,Ocean Instruments,,SoundTrap 640,7951,,,,,"{""SENSITIVITY"":-4}",,
SWFSC,SOUNDTRAP_6537,RECORDING_DEVICE,Ocean Instruments,,SoundTrap 300 High Frequency,6537,,,,,"{""GAIN"":{""HIGH"":176.8,""LOW"":189.5}}",,
SWFSC,SOUNDTRAP_6539,RECORDING_DEVICE,Ocean Instruments,,SoundTrap 300 High Frequency,6539,,,,,"{""GAIN"":{""HIGH"":176.6,""LOW"":189.1}}",,
SWFSC,SOUNDTRAP_201883689,RECORDING_DEVICE,Ocean Instruments,,SoundTrap 300 High Frequency,201883689,,,,,"{""GAIN"":{""HIGH"":172.3,""LOW"":184.7}}",,
SWFSC,SOUNDTRAP_5296,RECORDING_DEVICE,Ocean Instruments,,SoundTrap 4300 High Frequency,5296,,,,,"{""SENSITIVITY"":-4}",,
SWFSC,SOUNDTRAP_5984,RECORDING_DEVICE,Ocean Instruments,,SoundTrap 4300 High Frequency,5984,,,,,"{""SENSITIVITY"":-4}",,
SWFSC,SOUNDTRAP_5987,RECORDING_DEVICE,Ocean Instruments,,SoundTrap 4300 High Frequency,5987,,,,,"{""SENSITIVITY"":-4}",,
SWFSC,SOUNDTRAP_5991,RECORDING_DEVICE,Ocean Instruments,,SoundTrap 4300 High Frequency,5991,,,,,"{""SENSITIVITY"":-4}",,
SWFSC,SOUNDTRAP_5992,RECORDING_DEVICE,Ocean Instruments,,SoundTrap 4300 High Frequency,5992,,,,,"{""SENSITIVITY"":-4}",,
SWFSC,SOUNDTRAP_5994,RECORDING_DEVICE,Ocean Instruments,,SoundTrap 4300 High Frequency,5994,,,,,"{""SENSITIVITY"":-4}",,
SWFSC,SOUNDTRAP_1208791071,RECORDING_DEVICE,Ocean Instruments,,SoundTrap 4300 High Frequency,1208791071,,,,,"{""SENSITIVITY"":-4}",,
SWFSC,SOUNDTRAP_1677738025,RECORDING_DEVICE,Ocean Instruments,,SoundTrap 4300,1677738025,,,,,"{""SENSITIVITY"":-4}",,
SWFSC,SOUNDTRAP_1678016538,RECORDING_DEVICE,Ocean Instruments,,SoundTrap 4300,1678016538,,,,,"{""SENSITIVITY"":-4}",,
SWFSC,SOUNDTRAP_6664,RECORDING_DEVICE,Ocean Instruments,,SoundTrap 640,6664,,,,,"{""SENSITIVITY"":-4}",,
SWFSC,SOUNDTRAP_6541,RECORDING_DEVICE,Ocean Instruments,,SoundTrap 300 High Frequency,6541,,,,,"{""GAIN"":{""HIGH"":175.7,""LOW"":189.9}}",,
SWFSC,SOUNDTRAP_1636,RECORDING_DEVICE,Ocean Instruments,,SoundTrap 500 High Frequency,1636,,,,,"{""SENSITIVITY"":-1.8}",,
SWFSC,SOUNDTRAP_5986,RECORDING_DEVICE,Ocean Instruments,,SoundTrap 4300 High Frequency,5986,,,,,"{""SENSITIVITY"":-4}",,
SWFSC,SOUNDTRAP_5990,RECORDING_DEVICE,Ocean Instruments,,SoundTrap 4300 High Frequency,5990,,,,,"{""SENSITIVITY"":-4}",,
SWFSC,SOUNDTRAP_1208528927,RECORDING_DEVICE,Ocean Instruments,,SoundTrap 300 High Frequency,1208528927,,,,,"{""GAIN"":{""HIGH"":178,""LOW"":190.7}}",,
SWFSC,SOUNDTRAP_4915,RECORDING_DEVICE,Ocean Instruments,,SoundTrap 500 High Frequency,4915,,,,,,,
SWFSC,SOUNDTRAP_5288,RECORDING_DEVICE,Ocean Instruments,,SoundTrap 500 High Frequency,5288,,,,,"{""SENSITIVITY"":-1.8}",,
SWFSC,SOUNDTRAP_6655,RECORDING_DEVICE,Ocean Instruments,,SoundTrap 640,6655,,,,,"{""SENSITIVITY"":-4}",,
SWFSC,SOUNDTRAP_6667,RECORDING_DEVICE,Ocean Instruments,,SoundTrap 640,6667,,,,,"{""SENSITIVITY"":-4}",,
SWFSC,SOUNDTRAP_7936,RECORDING_DEVICE,Ocean Instruments,,SoundTrap 640,7936,,,,,"{""SENSITIVITY"":-4}",,
SWFSC,SOUNDTRAP_7950,RECORDING_DEVICE,Ocean Instruments,,SoundTrap 640,7950,,,,,"{""SENSITIVITY"":-4}",,
SWFSC,SOUNDTRAP_7930,RECORDING_DEVICE,Ocean Instruments,,SoundTrap 640,7930,,,,,"{""SENSITIVITY"":-4}",,
SWFSC,SOUNDTRAP_7952,RECORDING_DEVICE,Ocean Instruments,,SoundTrap 640,7952,,,,,"{""SENSITIVITY"":-4}",,
SWFSC,SOUNDTRAP_7953,RECORDING_DEVICE,Ocean Instruments,,SoundTrap 640,7953,,,,,"{""SENSITIVITY"":-4}",,
SWFSC,SOUNDTRAP_7935,RECORDING_DEVICE,Ocean Instruments,,SoundTrap 640,7935,,,,,"{""SENSITIVITY"":-4}",,
SWFSC,SOUNDTRAP_7939,RECORDING_DEVICE,Ocean Instruments,,SoundTrap 640,7939,,,,,"{""SENSITIVITY"":-4}",,
SWFSC,SOUNDTRAP_6663,RECORDING_DEVICE,Ocean Instruments,,SoundTrap 640,6663,,,,,"{""SENSITIVITY"":-4}",,
SWFSC,SOUNDTRAP_6665,RECORDING_DEVICE,Ocean Instruments,,SoundTrap 640,6665,,,,,"{""SENSITIVITY"":-4}",,
SWFSC,SOUNDTRAP_8595,RECORDING_DEVICE,Ocean Instruments,,SoundTrap 640,8595,,,,,"{""SENSITIVITY"":-4}",,
SWFSC,SOUNDTRAP_7517,RECORDING_DEVICE,Ocean Instruments,,SoundTrap 640,7517,,,,,"{""SENSITIVITY"":-4}",,
SWFSC,SOUNDTRAP_7518,RECORDING_DEVICE,Ocean Instruments,,SoundTrap 640,7518,,,,,"{""SENSITIVITY"":-4}",,
SWFSC,SOUNDTRAP_7519,RECORDING_DEVICE,Ocean Instruments,,SoundTrap 640,7519,,,,,"{""SENSITIVITY"":-4}",,
SWFSC,SOUNDTRAP_7520,RECORDING_DEVICE,Ocean Instruments,,SoundTrap 640,7520,,,,,"{""SENSITIVITY"":-4}",,
SWFSC,SOUNDTRAP_7521,RECORDING_DEVICE,Ocean Instruments,,SoundTrap 640,7521,,,,,"{""SENSITIVITY"":-4}",,
SWFSC,SOUNDTRAP_7931,RECORDING_DEVICE,Ocean Instruments,,SoundTrap 640,7931,,,,,"{""SENSITIVITY"":-4}",,
SWFSC,SOUNDTRAP_7932,RECORDING_DEVICE,Ocean Instruments,,SoundTrap 640,7932,,,,,"{""SENSITIVITY"":-4}",,
SWFSC,SOUNDTRAP_7938,RECORDING_DEVICE,Ocean Instruments,,SoundTrap 640,7938,,,,,"{""SENSITIVITY"":-4}",,
SWFSC,SOUNDTRAP_1208537119,RECORDING_DEVICE,Ocean Instruments,,SoundTrap 300 High Frequency,1208537119,,,,,"{""GAIN"":{""HIGH"":178.3,""LOW"":190.8}}",,
SWFSC,SOUNDTRAP_5985,RECORDING_DEVICE,Ocean Instruments,,SoundTrap 4300 High Frequency,5985,,,,,"{""SENSITIVITY"":-4}",,
SWFSC,SOUNDTRAP_5297,RECORDING_DEVICE,Ocean Instruments,,SoundTrap 4300 High Frequency,5297,,,,,"{""SENSITIVITY"":-4}",,
SWFSC,SOUNDTRAP_5318,RECORDING_DEVICE,Ocean Instruments,,SoundTrap 4300 High Frequency,5318,,,,,"{""SENSITIVITY"":-4}",,
SWFSC,SOUNDTRAP_5988,RECORDING_DEVICE,Ocean Instruments,,SoundTrap 4300 High Frequency,5988,,,,,"{""SENSITIVITY"":-4}",,
SWFSC,SOUNDTRAP_5989,RECORDING_DEVICE,Ocean Instruments,,SoundTrap 4300 High Frequency,5989,,,,,"{""SENSITIVITY"":-4}",,
SWFSC,SOUNDTRAP_1208786975,RECORDING_DEVICE,Ocean Instruments,,SoundTrap 4300 High Frequency,1208786975,,,,,"{""SENSITIVITY"":-4}",,
SWFSC,SOUNDTRAP_6666,RECORDING_DEVICE,Ocean Instruments,,SoundTrap 640,6666,,,,,"{""SENSITIVITY"":-4}",,
SWFSC,SOUNDTRAP_6670,RECORDING_DEVICE,Ocean Instruments,,SoundTrap 640,6670,,,,,"{""SENSITIVITY"":-4}",,
SWFSC,SOUNDTRAP_6672,RECORDING_DEVICE,Ocean Instruments,,SoundTrap 640,6672,,,,,"{""SENSITIVITY"":-4}",,
SWFSC,SOUNDTRAP_6673,RECORDING_DEVICE,Ocean Instruments,,SoundTrap 640,6673,,,,,"{""SENSITIVITY"":-4}",,
SWFSC,SOUNDTRAP_6668,RECORDING_DEVICE,Ocean Instruments,,SoundTrap 640,6668,,,,,"{""SENSITIVITY"":-4}",,
SWFSC,SOUNDTRAP_6669,RECORDING_DEVICE,Ocean Instruments,,SoundTrap 640,6669,,,,,"{""SENSITIVITY"":-4}",,
SWFSC,HTI_856001,HYDROPHONE_INDIVIDUAL,"High Tech, Inc.",,HTI-96-MIN,856001,,,,,"{""SENSITIVITY"":-160.8}",,
SWFSC,HTI_856002,HYDROPHONE_INDIVIDUAL,"High Tech, Inc.",,HTI-96-MIN,856002,,,,,"{""SENSITIVITY"":-160.8}",,
SWFSC,HTI_856003,HYDROPHONE_INDIVIDUAL,"High Tech, Inc.",,HTI-96-MIN,856003,,,,,"{""SENSITIVITY"":-161.1}",,
SWFSC,HTI_856004,HYDROPHONE_INDIVIDUAL,"High Tech, Inc.",,HTI-96-MIN,856004,,,,,"{""SENSITIVITY"":-161.2}",,
SWFSC,HTI_856005,HYDROPHONE_INDIVIDUAL,"High Tech, Inc.",,HTI-96-MIN,856005,,,,,"{""SENSITIVITY"":-161.2}",,
SWFSC,HTI_856006,HYDROPHONE_INDIVIDUAL,"High Tech, Inc.",,HTI-96-MIN,856006,,,,,"{""SENSITIVITY"":-161}",,
SWFSC,HTI_856007,HYDROPHONE_INDIVIDUAL,"High Tech, Inc.",,HTI-96-MIN,856007,,,,,"{""SENSITIVITY"":-160.9}",,
SWFSC,HTI_856008,HYDROPHONE_INDIVIDUAL,"High Tech, Inc.",,HTI-96-MIN,856008,,,,,"{""SENSITIVITY"":-161}",,
SWFSC,HTI_856009,HYDROPHONE_INDIVIDUAL,"High Tech, Inc.",,HTI-96-MIN,856009,,,,,"{""SENSITIVITY"":-160.7}",,
SWFSC,HTI_856010,HYDROPHONE_INDIVIDUAL,"High Tech, Inc.",,HTI-96-MIN,856010,,,,,"{""SENSITIVITY"":-180.9}",,
SWFSC,HTI_856011,HYDROPHONE_INDIVIDUAL,"High Tech, Inc.",,HTI-96-MIN,856011,,,,,"{""SENSITIVITY"":-180.8}",,
SWFSC,HTI_856012,HYDROPHONE_INDIVIDUAL,"High Tech, Inc.",,HTI-96-MIN,856012,,,,,"{""SENSITIVITY"":-180.8}",,
SWFSC,HTI_856016,HYDROPHONE_INDIVIDUAL,"High Tech, Inc.",,HTI-96-MIN,856016,,,,,"{""SENSITIVITY"":-181.6}",,
SWFSC,HTI_856017,HYDROPHONE_INDIVIDUAL,"High Tech, Inc.",,HTI-96-MIN,856017,,,,,"{""SENSITIVITY"":-181.4}",,
SWFSC,HTI_856022,HYDROPHONE_INDIVIDUAL,"High Tech, Inc.",,HTI-96-MIN,856022,,,,,"{""SENSITIVITY"":-181.6}",,
SWFSC,HTI_856023,HYDROPHONE_INDIVIDUAL,"High Tech, Inc.",,HTI-96-MIN,856023,,,,,"{""SENSITIVITY"":-181.6}",,
SWFSC,HTI_856024,HYDROPHONE_INDIVIDUAL,"High Tech, Inc.",,HTI-96-MIN,856024,,,,,"{""SENSITIVITY"":-181.8}",,
SWFSC,HTI_856025,HYDROPHONE_INDIVIDUAL,"High Tech, Inc.",,HTI-96-MIN,856025,,,,,"{""SENSITIVITY"":-181.6}",,
SWFSC,HTI_856026,HYDROPHONE_INDIVIDUAL,"High Tech, Inc.",,HTI-96-MIN,856026,,,,,"{""SENSITIVITY"":-181.1}",,
SWFSC,HTI_856027,HYDROPHONE_INDIVIDUAL,"High Tech, Inc.",,HTI-96-MIN,856027,,,,,"{""SENSITIVITY"":-181}",,
SWFSC,HTI_856028,HYDROPHONE_INDIVIDUAL,"High Tech, Inc.",,HTI-92-WB,856028,,,,,"{""SENSITIVITY"":-158.8}",,
SWFSC,HTI_856039,HYDROPHONE_INDIVIDUAL,"High Tech, Inc.",,HTI-96-MIN,856039,,,,,"{""SENSITIVITY"":-165.2}",,
SWFSC,HTI_856040,HYDROPHONE_INDIVIDUAL,"High Tech, Inc.",,HTI-96-MIN,856040,,,,,"{""SENSITIVITY"":-164.7}",,
SWFSC,HTI_856041,HYDROPHONE_INDIVIDUAL,"High Tech, Inc.",,HTI-96-MIN,856041,,,,,"{""SENSITIVITY"":-164.5}",,
SWFSC,HTI_856042,HYDROPHONE_INDIVIDUAL,"High Tech, Inc.",,HTI-96-MIN,856042,,,,,"{""SENSITIVITY"":-164.6}",,
SWFSC,HTI_856043,HYDROPHONE_INDIVIDUAL,"High Tech, Inc.",,HTI-96-MIN,856043,,,,,"{""SENSITIVITY"":-164.7}",,
SWFSC,HTI_856044,HYDROPHONE_INDIVIDUAL,"High Tech, Inc.",,HTI-96-MIN,856044,,,,,"{""SENSITIVITY"":-164.7}",,
SWFSC,HTI_856045,HYDROPHONE_INDIVIDUAL,"High Tech, Inc.",,HTI-96-MIN,856045,,,,,"{""SENSITIVITY"":-164.7}",,
SWFSC,HTI_856046,HYDROPHONE_INDIVIDUAL,"High Tech, Inc.",,HTI-92-WB,856046,,,,,"{""SENSITIVITY"":-165.2}",,
SWFSC,HTI_856047,HYDROPHONE_INDIVIDUAL,"High Tech, Inc.",,HTI-92-WB,856047,,,,,"{""SENSITIVITY"":-154.6}",,
SWFSC,HTI_856048,HYDROPHONE_INDIVIDUAL,"High Tech, Inc.",,HTI-92-WB,856048,,,,,"{""SENSITIVITY"":-155.6}",,
SWFSC,HTI_856049,HYDROPHONE_INDIVIDUAL,"High Tech, Inc.",,HTI-92-WB,856049,,,,,"{""SENSITIVITY"":-154.5}",,
SWFSC,HTI_856050,HYDROPHONE_INDIVIDUAL,"High Tech, Inc.",,HTI-92-WB,856050,,,,,"{""SENSITIVITY"":-154.5}",,
SWFSC,HTI_856051,HYDROPHONE_INDIVIDUAL,"High Tech, Inc.",,HTI-92-WB,856051,,,,,"{""SENSITIVITY"":-154.7}",,
SWFSC,HTI_856052,HYDROPHONE_INDIVIDUAL,"High Tech, Inc.",,HTI-92-WB,856052,,,,,"{""SENSITIVITY"":-154.7}",,
SWFSC,HTI_856053,HYDROPHONE_INDIVIDUAL,"High Tech, Inc.",,HTI-92-WB,856053,,,,,"{""SENSITIVITY"":-154.7}",,
SWFSC,HTI_856054,HYDROPHONE_INDIVIDUAL,"High Tech, Inc.",,HTI-92-WB,856054,,,,,"{""SENSITIVITY"":-154.6}",,
SWFSC,HTI_856055,HYDROPHONE_INDIVIDUAL,"High Tech, Inc.",,HTI-92-WB,856055,,,,,"{""SENSITIVITY"":-155.1}",,
SWFSC,HTI_856056,HYDROPHONE_INDIVIDUAL,"High Tech, Inc.",,HTI-96-MIN,856056,,,,,"{""SENSITIVITY"":-164.8}",,
SWFSC,HTI_856057,HYDROPHONE_INDIVIDUAL,"High Tech, Inc.",,HTI-96-MIN,856057,,,,,"{""SENSITIVITY"":-165.2}",,
SWFSC,HTI_856058,HYDROPHONE_INDIVIDUAL,"High Tech, Inc.",,HTI-96-MIN,856058,,,,,"{""SENSITIVITY"":-165.2}",,
SWFSC,HTI_856059,HYDROPHONE_INDIVIDUAL,"High Tech, Inc.",,HTI-96-MIN,856059,,,,,"{""SENSITIVITY"":-165}",,
SWFSC,HTI_856060,HYDROPHONE_INDIVIDUAL,"High Tech, Inc.",,HTI-96-MIN,856060,,,,,"{""SENSITIVITY"":-165}",,
SWFSC,HTI_856061,HYDROPHONE_INDIVIDUAL,"High Tech, Inc.",,HTI-96-MIN,856061,,,,,"{""SENSITIVITY"":-165.4}",,
SWFSC,HTI_856062,HYDROPHONE_INDIVIDUAL,"High Tech, Inc.",,HTI-96-MIN,856062,,,,,"{""SENSITIVITY"":-164.7}",,
SWFSC,HTI_856063,HYDROPHONE_INDIVIDUAL,"High Tech, Inc.",,HTI-96-MIN,856063,,,,,"{""SENSITIVITY"":-164.8}",,
SWFSC,HTI_856064,HYDROPHONE_INDIVIDUAL,"High Tech, Inc.",,HTI-96-MIN,856064,,,,,"{""SENSITIVITY"":-165}",,
SWFSC,HTI_856065,HYDROPHONE_INDIVIDUAL,"High Tech, Inc.",,HTI-96-MIN,856065,,,,,"{""SENSITIVITY"":-164.9}",,
SWFSC,HTI_856066,HYDROPHONE_INDIVIDUAL,"High Tech, Inc.",,HTI-96-MIN,856066,,,,,"{""SENSITIVITY"":-165.2}",,
SWFSC,HTI_856067,HYDROPHONE_INDIVIDUAL,"High Tech, Inc.",,HTI-96-MIN,856067,,,,,"{""SENSITIVITY"":-164.9}",,
SWFSC,HTI_856068,HYDROPHONE_INDIVIDUAL,"High Tech, Inc.",,HTI-96-MIN,856068,,,,,"{""SENSITIVITY"":-165.1}",,
SWFSC,HTI_856073,HYDROPHONE_INDIVIDUAL,"High Tech, Inc.",,HTI-92-WB,856073,,,,,"{""SENSITIVITY"":-154.8}",,
SWFSC,HTI_856093,HYDROPHONE_INDIVIDUAL,"High Tech, Inc.",,HTI-92-WB,856093,,,,,"{""SENSITIVITY"":-155.4}",,
SWFSC,HTI_856094,HYDROPHONE_INDIVIDUAL,"High Tech, Inc.",,HTI-92-WB,856094,,,,,"{""SENSITIVITY"":-154.8}",,
SWFSC,HTI_856095,HYDROPHONE_INDIVIDUAL,"High Tech, Inc.",,HTI-92-WB,856095,,,,,"{""SENSITIVITY"":-155.2}",,
SWFSC,HTI_856096,HYDROPHONE_INDIVIDUAL,"High Tech, Inc.",,HTI-92-WB,856096,,,,,"{""SENSITIVITY"":-155.6}",,
SWFSC,HTI_856097,HYDROPHONE_INDIVIDUAL,"High Tech, Inc.",,HTI-92-WB,856097,,,,,"{""SENSITIVITY"":-155.6}",,
SWFSC,HTI_856098,HYDROPHONE_INDIVIDUAL,"High Tech, Inc.",,HTI-92-WB,856098,,,,,"{""SENSITIVITY"":-155.1}",,
SWFSC,HTI_856099,HYDROPHONE_INDIVIDUAL,"High Tech, Inc.",,HTI-92-WB,856099,,,,,"{""SENSITIVITY"":-155.6}",,
SWFSC,HTI_856100,HYDROPHONE_INDIVIDUAL,"High Tech, Inc.",,HTI-92-WB,856100,,,,,"{""SENSITIVITY"":-155.5}",,
SWFSC,HTI_856101,HYDROPHONE_INDIVIDUAL,"High Tech, Inc.",,HTI-92-WB,856101,,,,,"{""SENSITIVITY"":-155.2}",,
SWFSC,HTI_856115,HYDROPHONE_INDIVIDUAL,"High Tech, Inc.",,HTI-92-WB,856115,,,,,"{""SENSITIVITY"":-155.2}",,
SWFSC,HTI_856116,HYDROPHONE_INDIVIDUAL,"High Tech, Inc.",,HTI-92-WB,856116,,,,,"{""SENSITIVITY"":-155.2}",,
SWFSC,HTI_856117,HYDROPHONE_INDIVIDUAL,"High Tech, Inc.",,HTI-92-WB,856117,,,,,"{""SENSITIVITY"":-155.3}",,
SWFSC,HTI_856118,HYDROPHONE_INDIVIDUAL,"High Tech, Inc.",,HTI-96-MIN,856118,,,,,"{""SENSITIVITY"":-165.7}",,
SWFSC,HTI_856119,HYDROPHONE_INDIVIDUAL,"High Tech, Inc.",,HTI-96-MIN,856119,,,,,"{""SENSITIVITY"":-165.5}",,
SWFSC,HTI_856120,HYDROPHONE_INDIVIDUAL,"High Tech, Inc.",,HTI-96-MIN,856120,,,,,"{""SENSITIVITY"":-165.8}",,
SWFSC,HTI_856121,HYDROPHONE_INDIVIDUAL,"High Tech, Inc.",,HTI-96-MIN,856121,,,,,"{""SENSITIVITY"":-165.8}",,
SWFSC,HTI_856122,HYDROPHONE_INDIVIDUAL,"High Tech, Inc.",,HTI-92-WB,856122,,,,,"{""SENSITIVITY"":-155.6}",,
SWFSC,HTI_856123,HYDROPHONE_INDIVIDUAL,"High Tech, Inc.",,HTI-96-MIN,856123,,,,,"{""SENSITIVITY"":-165.1}",,
SWFSC,HTI_856124,HYDROPHONE_INDIVIDUAL,"High Tech, Inc.",,HTI-96-MIN,856124,,,,,"{""SENSITIVITY"":-165}",,
SWFSC,HTI_856125,HYDROPHONE_INDIVIDUAL,"High Tech, Inc.",,HTI-96-MIN,856125,,,,,"{""SENSITIVITY"":-164.8}",,
SWFSC,HTI_856126,HYDROPHONE_INDIVIDUAL,"High Tech, Inc.",,HTI-96-MIN,856126,,,,,"{""SENSITIVITY"":-165.1}",,
SWFSC,HTI_856127,HYDROPHONE_INDIVIDUAL,"High Tech, Inc.",,HTI-99-HF,856127,,,,,"{""SENSITIVITY"":-165}",,
SWFSC,HTI_856128,HYDROPHONE_INDIVIDUAL,"High Tech, Inc.",,HTI-99-HF,856128,,,,,"{""SENSITIVITY"":-164.9}",,
SWFSC,HTI_856129,HYDROPHONE_INDIVIDUAL,"High Tech, Inc.",,HTI-99-HF,856129,,,,,"{""SENSITIVITY"":-165.1}",,
SWFSC,HTI_856134,HYDROPHONE_INDIVIDUAL,"High Tech, Inc.",,HTI-92-WB,856134,,,,,"{""SENSITIVITY"":-155.7}",,
SWFSC,HTI_856135,HYDROPHONE_INDIVIDUAL,"High Tech, Inc.",,HTI-92-WB,856135,,,,,"{""SENSITIVITY"":-155.1}",,
SWFSC,HTI_856136,HYDROPHONE_INDIVIDUAL,"High Tech, Inc.",,HTI-92-WB,856136,,,,,"{""SENSITIVITY"":-155.4}",,
SWFSC,HTI_856137,HYDROPHONE_INDIVIDUAL,"High Tech, Inc.",,HTI-92-WB,856137,,,,,"{""SENSITIVITY"":-155.2}",,
SWFSC,HTI_856138,HYDROPHONE_INDIVIDUAL,"High Tech, Inc.",,HTI-92-WB,856138,,,,,"{""SENSITIVITY"":-155.3}",,
SWFSC,HTI_856139,HYDROPHONE_INDIVIDUAL,"High Tech, Inc.",,HTI-92-WB,856139,,,,,"{""SENSITIVITY"":-155.4}",,
SWFSC,HTI_856140,HYDROPHONE_INDIVIDUAL,"High Tech, Inc.",,HTI-92-WB,856140,,,,,"{""SENSITIVITY"":-155.1}",,
SWFSC,HTI_856141,HYDROPHONE_INDIVIDUAL,"High Tech, Inc.",,HTI-92-WB,856141,,,,,"{""SENSITIVITY"":-155}",,
SWFSC,HTI_856142,HYDROPHONE_INDIVIDUAL,"High Tech, Inc.",,HTI-92-WB,856142,,,,,"{""SENSITIVITY"":-155.3}",,
SWFSC,HTI_856143,HYDROPHONE_INDIVIDUAL,"High Tech, Inc.",,HTI-92-WB,856143,,,,,"{""SENSITIVITY"":-155.2}",,
SWFSC,HTI_856144,HYDROPHONE_INDIVIDUAL,"High Tech, Inc.",,HTI-99-HF,856144,,,,,"{""SENSITIVITY"":-159.9}",,
SWFSC,HTI_856145,HYDROPHONE_INDIVIDUAL,"High Tech, Inc.",,HTI-99-HF,856145,,,,,"{""SENSITIVITY"":-160.1}",,
SWFSC,HTI_856146,HYDROPHONE_INDIVIDUAL,"High Tech, Inc.",,HTI-99-HF,856146,,,,,"{""SENSITIVITY"":-160.1}",,
SWFSC,HTI_856147,HYDROPHONE_INDIVIDUAL,"High Tech, Inc.",,HTI-99-HF,856147,,,,,"{""SENSITIVITY"":-160.1}",,
SWFSC,HTI_856148,HYDROPHONE_INDIVIDUAL,"High Tech, Inc.",,HTI-99-HF,856148,,,,,"{""SENSITIVITY"":-160.2}",,
SWFSC,HTI_856149,HYDROPHONE_INDIVIDUAL,"High Tech, Inc.",,HTI-99-HF,856149,,,,,"{""SENSITIVITY"":-159.9}",,
SWFSC,HTI_856150,HYDROPHONE_INDIVIDUAL,"High Tech, Inc.",,HTI-99-HF,856150,,,,,"{""SENSITIVITY"":-160.3}",,
SWFSC,HTI_856151,HYDROPHONE_INDIVIDUAL,"High Tech, Inc.",,HTI-99-HF,856151,,,,,"{""SENSITIVITY"":-160.3}",,
SWFSC,HTI_856152,HYDROPHONE_INDIVIDUAL,"High Tech, Inc.",,HTI-99-HF,856152,,,,,"{""SENSITIVITY"":-160.2}",,
SWFSC,HTI_856153,HYDROPHONE_INDIVIDUAL,"High Tech, Inc.",,HTI-99-HF,856153,,,,,"{""SENSITIVITY"":-160.2}",,
SWFSC,HTI_856154,HYDROPHONE_INDIVIDUAL,"High Tech, Inc.",,HTI-92-WB,856154,,,,,"{""SENSITIVITY"":-155.2}",,
SWFSC,HTI_856155,HYDROPHONE_INDIVIDUAL,"High Tech, Inc.",,HTI-92-WB,856155,,,,,"{""SENSITIVITY"":-155.5}",,
SWFSC,HTI_856156,HYDROPHONE_INDIVIDUAL,"High Tech, Inc.",,HTI-92-WB,856156,,,,,"{""SENSITIVITY"":-155.2}",,
SWFSC,HTI_856157,HYDROPHONE_INDIVIDUAL,"High Tech, Inc.",,HTI-92-WB,856157,,,,,"{""SENSITIVITY"":-155.4}",,
SWFSC,HTI_856158,HYDROPHONE_INDIVIDUAL,"High Tech, Inc.",,HTI-92-WB,856158,,,,,"{""SENSITIVITY"":-155.1}",,
SWFSC,HTI_856159,HYDROPHONE_INDIVIDUAL,"High Tech, Inc.",,HTI-92-WB,856159,,,,,"{""SENSITIVITY"":-155.4}",,
SWFSC,HTI_856160,HYDROPHONE_INDIVIDUAL,"High Tech, Inc.",,HTI-92-WB,856160,,,,,"{""SENSITIVITY"":-155.3}",,
SWFSC,HTI_856161,HYDROPHONE_INDIVIDUAL,"High Tech, Inc.",,HTI-92-WB,856161,,,,,"{""SENSITIVITY"":-155.3}",,
SWFSC,HTI_856162,HYDROPHONE_INDIVIDUAL,"High Tech, Inc.",,HTI-92-WB,856162,,,,,"{""SENSITIVITY"":856097}",,
SWFSC,HTI_856163,HYDROPHONE_INDIVIDUAL,"High Tech, Inc.",,HTI-92-WB,856163,,,,,"{""SENSITIVITY"":-155.5}",,
SWFSC,HTI_856164,HYDROPHONE_INDIVIDUAL,"High Tech, Inc.",,HTI-92-WB,856164,,,,,"{""SENSITIVITY"":-155.1}",,
SWFSC,HTI_856165,HYDROPHONE_INDIVIDUAL,"High Tech, Inc.",,HTI-92-WB,856165,,,,,"{""SENSITIVITY"":-155.4}",,
SWFSC,HTI_856166,HYDROPHONE_INDIVIDUAL,"High Tech, Inc.",,HTI-99-HF,856166,,,,,"{""SENSITIVITY"":-159.3}",,
SWFSC,HTI_856167,HYDROPHONE_INDIVIDUAL,"High Tech, Inc.",,HTI-99-HF,856167,,,,,"{""SENSITIVITY"":-159.8}",,
SWFSC,HTI_856168,HYDROPHONE_INDIVIDUAL,"High Tech, Inc.",,HTI-99-HF,856168,,,,,"{""SENSITIVITY"":-159.6}",,
SWFSC,HTI_856169,HYDROPHONE_INDIVIDUAL,"High Tech, Inc.",,HTI-99-HF,856169,,,,,"{""SENSITIVITY"":-159.5}",,
SWFSC,HTI_856170,HYDROPHONE_INDIVIDUAL,"High Tech, Inc.",,HTI-99-HF,856170,,,,,"{""SENSITIVITY"":-159.8}",,
SWFSC,HTI_856171,HYDROPHONE_INDIVIDUAL,"High Tech, Inc.",,HTI-99-HF,856171,,,,,"{""SENSITIVITY"":-159.7}",,
SWFSC,HTI_856172,HYDROPHONE_INDIVIDUAL,"High Tech, Inc.",,HTI-99-HF,856172,,,,,"{""SENSITIVITY"":-159.7}",,
SWFSC,HTI_856173,HYDROPHONE_INDIVIDUAL,"High Tech, Inc.",,HTI-99-HF,856173,,,,,"{""SENSITIVITY"":-159.5}",,
SWFSC,HTI_856174,HYDROPHONE_INDIVIDUAL,"High Tech, Inc.",,HTI-99-HF,856174,,,,,"{""SENSITIVITY"":-159.6}",,
SWFSC,HTI_856175,HYDROPHONE_INDIVIDUAL,"High Tech, Inc.",,HTI-99-HF,856175,,,,,"{""SENSITIVITY"":-159.9}",,
SWFSC,HTI_856176,HYDROPHONE_INDIVIDUAL,"High Tech, Inc.",,HTI-99-HF,856176,,,,,"{""SENSITIVITY"":-159.6}",,
SWFSC,HTI_856177,HYDROPHONE_INDIVIDUAL,"High Tech, Inc.",,HTI-99-HF,856177,,,,,"{""SENSITIVITY"":-159.8}",,
SWFSC,HTI_856178,HYDROPHONE_INDIVIDUAL,"High Tech, Inc.",,HTI-92-WB,856178,,,,,"{""SENSITIVITY"":-155.3}",,
SWFSC,HTI_856179,HYDROPHONE_INDIVIDUAL,"High Tech, Inc.",,HTI-92-WB,856179,,,,,"{""SENSITIVITY"":-155.8}",,
SWFSC,HTI_856180,HYDROPHONE_INDIVIDUAL,"High Tech, Inc.",,HTI-92-WB,856180,,,,,"{""SENSITIVITY"":-155.4}",,
SWFSC,HTI_856181,HYDROPHONE_INDIVIDUAL,"High Tech, Inc.",,HTI-92-WB,856181,,,,,"{""SENSITIVITY"":-155.1}",,
SWFSC,HTI_856182,HYDROPHONE_INDIVIDUAL,"High Tech, Inc.",,HTI-99-HF,856182,,,,,"{""SENSITIVITY"":-159.9}",,
SWFSC,HTI_856183,HYDROPHONE_INDIVIDUAL,"High Tech, Inc.",,HTI-99-HF,856183,,,,,"{""SENSITIVITY"":-160.1}",,
SWFSC,HTI_856184,HYDROPHONE_INDIVIDUAL,"High Tech, Inc.",,HTI-99-HF,856184,,,,,"{""SENSITIVITY"":-159.8}",,
SWFSC,HTI_856185,HYDROPHONE_INDIVIDUAL,"High Tech, Inc.",,HTI-99-HF,856185,,,,,"{""SENSITIVITY"":-159.6}",,
SWFSC,HTI_856196,HYDROPHONE_INDIVIDUAL,"High Tech, Inc.",,HTI-99-HF,856196,,,,,"{""SENSITIVITY"":-165}",,
SWFSC,HTI_856197,HYDROPHONE_INDIVIDUAL,"High Tech, Inc.",,HTI-99-HF,856197,,,,,"{""SENSITIVITY"":-164.7}",,
SWFSC,HTI_871002,HYDROPHONE_INDIVIDUAL,"High Tech, Inc.",,HTI-96-MIN,871002,,,,,"{""SENSITIVITY"":-180.9}",,
SWFSC,HTI_871003,HYDROPHONE_INDIVIDUAL,"High Tech, Inc.",,HTI-96-MIN,871003,,,,,"{""SENSITIVITY"":-180.7}",,
SWFSC,HTI_871004,HYDROPHONE_INDIVIDUAL,"High Tech, Inc.",,HTI-96-MIN,871004,,,,,"{""SENSITIVITY"":-180.6}",,
SWFSC,HTI_871005,HYDROPHONE_INDIVIDUAL,"High Tech, Inc.",,HTI-96-MIN,871005,,,,,"{""SENSITIVITY"":-180.8}",,
SWFSC,HTI_871006,HYDROPHONE_INDIVIDUAL,"High Tech, Inc.",,HTI-96-MIN,871006,,,,,"{""SENSITIVITY"":-180.6}",,
SWFSC,HTI_871007,HYDROPHONE_INDIVIDUAL,"High Tech, Inc.",,HTI-96-MIN,871007,,,,,"{""SENSITIVITY"":-180.7}",,
SWFSC,HTI_871008,HYDROPHONE_INDIVIDUAL,"High Tech, Inc.",,HTI-96-MIN,871008,,,,,"{""SENSITIVITY"":-180.4}",,
SWFSC,HTI_871009,HYDROPHONE_INDIVIDUAL,"High Tech, Inc.",,HTI-96-MIN,871009,,,,,"{""SENSITIVITY"":-180.7}",,
SWFSC,HTI_871010,HYDROPHONE_INDIVIDUAL,"High Tech, Inc.",,HTI-96-MIN,871010,,,,,"{""SENSITIVITY"":-181}",,
SWFSC,HTI_871011,HYDROPHONE_INDIVIDUAL,"High Tech, Inc.",,HTI-96-MIN,871011,,,,,"{""SENSITIVITY"":""NA""}",,
SWFSC,HTI_871012,HYDROPHONE_INDIVIDUAL,"High Tech, Inc.",,HTI-96-MIN,871012,,,,,"{""SENSITIVITY"":-180.4}",,
SWFSC,HTI_871013,HYDROPHONE_INDIVIDUAL,"High Tech, Inc.",,HTI-96-MIN,871013,,,,,"{""SENSITIVITY"":-180.6}",,
SWFSC,HTI_871014,HYDROPHONE_INDIVIDUAL,"High Tech, Inc.",,HTI-96-MIN,871014,,,,,"{""SENSITIVITY"":-180.6}",,
SWFSC,HTI_871015,HYDROPHONE_INDIVIDUAL,"High Tech, Inc.",,HTI-96-MIN,871015,,,,,"{""SENSITIVITY"":-180.7}",,
SWFSC,HTI_856018-3V,HYDROPHONE_INDIVIDUAL,"High Tech, Inc.",,HTI-96-MIN,856018-3v,,,,,"{""SENSITIVITY"":-181.7}",,
SWFSC,HTI_856018-9V,HYDROPHONE_INDIVIDUAL,"High Tech, Inc.",,HTI-96-MIN,856018-9v,,,,,"{""SENSITIVITY"":-181}",,
SWFSC,HTI_856019-3V,HYDROPHONE_INDIVIDUAL,"High Tech, Inc.",,HTI-96-MIN,856019-3v,,,,,"{""SENSITIVITY"":-181.4}",,
SWFSC,HTI_856019-9V,HYDROPHONE_INDIVIDUAL,"High Tech, Inc.",,HTI-96-MIN,856019-9v,,,,,"{""SENSITIVITY"":-181.2}",,
SWFSC,HTI_856020-3V,HYDROPHONE_INDIVIDUAL,"High Tech, Inc.",,HTI-96-MIN,856020-3v,,,,,"{""SENSITIVITY"":-181.7}",,
SWFSC,HTI_856020-9V,HYDROPHONE_INDIVIDUAL,"High Tech, Inc.",,HTI-96-MIN,856020-9v,,,,,"{""SENSITIVITY"":-181}",,
SWFSC,HTI_856021-3V,HYDROPHONE_INDIVIDUAL,"High Tech, Inc.",,HTI-96-MIN,856021-3v,,,,,"{""SENSITIVITY"":-181.7}",,
SWFSC,HTI_856021-9V,HYDROPHONE_INDIVIDUAL,"High Tech, Inc.",,HTI-96-MIN,856021-9v,,,,,"{""SENSITIVITY"":-180.8}",,
SWFSC,SATELLITE_TRACKER-SO-135,SATELLITE_TRACKER,Globalstar,,SmartOne Solar,SO-135,,,,,,,
SWFSC,SATELLITE_TRACKER-SO-296,SATELLITE_TRACKER,Globalstar,,SmartOne Solar,SO-296,,,,,,,
SWFSC,SATELLITE_TRACKER-SO-305,SATELLITE_TRACKER,Globalstar,,SmartOne Solar,SO-305,,,,,,,
SWFSC,SATELLITE_TRACKER-SO-359,SATELLITE_TRACKER,Globalstar,,SmartOne Solar,SO-359,,,,,,,
SWFSC,SATELLITE_TRACKER-SO-506,SATELLITE_TRACKER,Globalstar,,SmartOne Solar,SO-506,,,,,,,
SWFSC,SATELLITE_TRACKER-SO-533,SATELLITE_TRACKER,Globalstar,,SmartOne Solar,SO-533,,,,,,,
SWFSC,SATELLITE_TRACKER-SO-588,SATELLITE_TRACKER,Globalstar,,SmartOne Solar,SO-588,,,,,,,
SWFSC,SATELLITE_TRACKER-SO-602,SATELLITE_TRACKER,Globalstar,,SmartOne Solar,SO-602,,,,,,,
SWFSC,SATELLITE_TRACKER-SO-638,SATELLITE_TRACKER,Globalstar,,SmartOne Solar,SO-638,,,,,,,
SWFSC,SATELLITE_TRACKER-SO-692,SATELLITE_TRACKER,Globalstar,,SmartOne Solar,SO-692,,,,,,,
SWFSC,SATELLITE_TRACKER-SO-798,SATELLITE_TRACKER,Globalstar,,SmartOne Solar,SO-798,,,,,,,
SWFSC,SATELLITE_TRACKER-E,SATELLITE_TRACKER,SPOT LLC,,SPOT,E,,,,,,,
SWFSC,SATELLITE_TRACKER-F,SATELLITE_TRACKER,SPOT LLC,,SPOT,F,,,,,,,
SWFSC,SATELLITE_TRACKER-G,SATELLITE_TRACKER,SPOT LLC,,SPOT,G,,,,,,,
SWFSC,SATELLITE_TRACKER-J,SATELLITE_TRACKER,SPOT LLC,,SPOT,J,,,,,,,
SWFSC,SATELLITE_TRACKER-K,SATELLITE_TRACKER,SPOT LLC,,SPOT,K,,,,,,,
SWFSC,SATELLITE_TRACKER-L,SATELLITE_TRACKER,SPOT LLC,,SPOT,L,,,,,,,
SWFSC,SATELLITE_TRACKER-R,SATELLITE_TRACKER,SPOT LLC,,SPOT,R,,,,,,,
SWFSC,SATELLITE_TRACKER-S,SATELLITE_TRACKER,SPOT LLC,,SPOT,S,,,,,,,
SWFSC,SATELLITE_TRACKER-T,SATELLITE_TRACKER,SPOT LLC,,SPOT,T,,,,,,,
SWFSC,SATELLITE_TRACKER-SPOT-X,SATELLITE_TRACKER,SPOT LLC,,SPOT,SPOT-X,,,,,,,
SWFSC,SATELLITE_TRACKER-AD,SATELLITE_TRACKER,SPOT LLC,,SPOT,AD,,,,,,,
SWFSC,SATELLITE_TRACKER-AE,SATELLITE_TRACKER,SPOT LLC,,SPOT,AE,,,,,,,
SWFSC,SATELLITE_TRACKER-AF,SATELLITE_TRACKER,SPOT LLC,,SPOT,AF,,,,,,,
SWFSC,SATELLITE_TRACKER-AG,SATELLITE_TRACKER,SPOT LLC,,SPOT,AG,,,,,,,
SWFSC,SATELLITE_TRACKER-AH,SATELLITE_TRACKER,SPOT LLC,,SPOT,AH,,,,,,,
SWFSC,SATELLITE_TRACKER-FB,SATELLITE_TRACKER,SPOT LLC,,SPOT,FB,,,,,,,
SWFSC,SATELLITE_TRACKER-U,SATELLITE_TRACKER,SPOT LLC,,SPOT,U,,,,,,,
SWFSC,SATELLITE_TRACKER-BA,SATELLITE_TRACKER,SPOT LLC,,SPOT,BA,,,,,,,
SWFSC,SATELLITE_TRACKER-BB,SATELLITE_TRACKER,SPOT LLC,,SPOT,BB,,,,,,,
SWFSC,SATELLITE_TRACKER-BC,SATELLITE_TRACKER,SPOT LLC,,SPOT,BC,,,,,,,
SWFSC,SATELLITE_TRACKER-BD,SATELLITE_TRACKER,SPOT LLC,,SPOT,BD,,,,,,,
SWFSC,SATELLITE_TRACKER-BE,SATELLITE_TRACKER,SPOT LLC,,SPOT,BE,,,,,,,
SWFSC,SATELLITE_TRACKER-BF,SATELLITE_TRACKER,SPOT LLC,,SPOT,BF,,,,,,,
SWFSC,SATELLITE_TRACKER-BG,SATELLITE_TRACKER,SPOT LLC,,SPOT,BG,,,,,,,
SWFSC,SATELLITE_TRACKER-BH,SATELLITE_TRACKER,SPOT LLC,,SPOT,BH,,,,,,,
SWFSC,SATELLITE_TRACKER-IES-904894,SATELLITE_TRACKER,SPOT LLC,,SPOT,IES-904894,,,,,,,
SWFSC,SATELLITE_TRACKER-GEN3C,SATELLITE_TRACKER,SPOT LLC,,SPOT,Gen3C,,,,,,,
SWFSC,SATELLITE_TRACKER-GEN3F,SATELLITE_TRACKER,SPOT LLC,,SPOT,Gen3F,,,,,,,
SWFSC,SATELLITE_TRACKER-C,SATELLITE_TRACKER,SPOT LLC,,SPOT,C,,,,,,,
SWFSC,SATELLITE_TRACKER-D,SATELLITE_TRACKER,SPOT LLC,,SPOT,D,,,,,,,
SWFSC,SATELLITE_TRACKER-Z,SATELLITE_TRACKER,SPOT LLC,,SPOT,Z,,,,,,,
SWFSC,SATELLITE_TRACKER-AA,SATELLITE_TRACKER,SPOT LLC,,SPOT,AA,,,,,,,
SWFSC,SATELLITE_TRACKER-A,SATELLITE_TRACKER,SPOT LLC,,SPOT,A,,,,,,,
SWFSC,SATELLITE_TRACKER-B,SATELLITE_TRACKER,SPOT LLC,,SPOT,B,,,,,,,
SWFSC,SATELLITE_TRACKER-X,SATELLITE_TRACKER,SPOT LLC,,SPOT,X,,,,,,,
SWFSC,SATELLITE_TRACKER-Y,SATELLITE_TRACKER,SPOT LLC,,SPOT,Y,,,,,,,
SWFSC,SATELLITE_TRACKER-GEN3A,SATELLITE_TRACKER,SPOT LLC,,SPOT,Gen3A,,,,,,,
SWFSC,SATELLITE_TRACKER-M,SATELLITE_TRACKER,SPOT LLC,,SPOT,M,,,,,,,
SWFSC,SATELLITE_TRACKER-N,SATELLITE_TRACKER,SPOT LLC,,SPOT,N,,,,,,,
SWFSC,SATELLITE_TRACKER-P,SATELLITE_TRACKER,SPOT LLC,,SPOT,P,,,,,,,
SWFSC,SATELLITE_TRACKER-Q,SATELLITE_TRACKER,SPOT LLC,,SPOT,Q,,,,,,,
SWFSC,SATELLITE_TRACKER-SO-331,SATELLITE_TRACKER,Globalstar,,SmartOne Solar,SO-331,,,,,,,
SWFSC,SATELLITE_TRACKER-SO-001,SATELLITE_TRACKER,Globalstar,,SmartOne Solar,SO-001,,,,,,,
SWFSC,SATELLITE_TRACKER-SO-865,SATELLITE_TRACKER,Globalstar,,SmartOne Solar,SO-865,,,,,,,
SWFSC,SATELLITE_TRACKER-SO-866,SATELLITE_TRACKER,Globalstar,,SmartOne Solar,SO-866,,,,,,,
SWFSC,SATELLITE_TRACKER-SO-919,SATELLITE_TRACKER,Globalstar,,SmartOne Solar,SO-919,,,,,,,
SWFSC,SATELLITE_TRACKER-SO-502,SATELLITE_TRACKER,Globalstar,,SmartOne Solar,SO-502,,,,,,,
SWFSC,SATELLITE_TRACKER-SO-083,SATELLITE_TRACKER,Globalstar,,SmartOne Solar,SO-083,,,,,,,
SWFSC,SATELLITE_TRACKER-SO-803,SATELLITE_TRACKER,Globalstar,,SmartOne Solar,SO-803,,,,,,,
SWFSC,SATELLITE_TRACKER-SO-777,SATELLITE_TRACKER,Globalstar,,SmartOne Solar,SO-777,,,,,,,
SWFSC,SATELLITE_TRACKER-SO-082,SATELLITE_TRACKER,Globalstar,,SmartOne Solar,SO-082,,,,,,,
SWFSC,DEPTH_SENSOR-15694,DEPTH_SENSOR,ReefNet Inc.,,Sensus Ultra,15694,,,,,,,
SWFSC,DEPTH_SENSOR-15712,DEPTH_SENSOR,ReefNet Inc.,,Sensus Ultra,15712,,,,,,,
SWFSC,DEPTH_SENSOR-15801,DEPTH_SENSOR,ReefNet Inc.,,Sensus Ultra,15801,,,,,,,
SWFSC,DEPTH_SENSOR-15865,DEPTH_SENSOR,ReefNet Inc.,,Sensus Ultra,15865,,,,,,,
SWFSC,DEPTH_SENSOR-16396,DEPTH_SENSOR,ReefNet Inc.,,Sensus Ultra,16396,,,,,,,
SWFSC,DEPTH_SENSOR-16409,DEPTH_SENSOR,ReefNet Inc.,,Sensus Ultra,16409,,,,,,,
SWFSC,DEPTH_SENSOR-16431,DEPTH_SENSOR,ReefNet Inc.,,Sensus Ultra,16431,,,,,,,
SWFSC,DEPTH_SENSOR-16528,DEPTH_SENSOR,ReefNet Inc.,,Sensus Ultra,16528,,,,,,,
SWFSC,DEPTH_SENSOR-16536,DEPTH_SENSOR,ReefNet Inc.,,Sensus Ultra,16536,,,,,,,
SWFSC,DEPTH_SENSOR-16546,DEPTH_SENSOR,ReefNet Inc.,,Sensus Ultra,16546,,,,,,,
SWFSC,DEPTH_SENSOR-16557,DEPTH_SENSOR,ReefNet Inc.,,Sensus Ultra,16557,,,,,,,
SWFSC,DEPTH_SENSOR-16595,DEPTH_SENSOR,ReefNet Inc.,,Sensus Ultra,16595,,,,,,,
SWFSC,DEPTH_SENSOR-16597,DEPTH_SENSOR,ReefNet Inc.,,Sensus Ultra,16597,,,,,,,
SWFSC,DEPTH_SENSOR-16636,DEPTH_SENSOR,ReefNet Inc.,,Sensus Ultra,16636,,,,,,,
SWFSC,DEPTH_SENSOR-16647,DEPTH_SENSOR,ReefNet Inc.,,Sensus Ultra,16647,,,,,,,
SWFSC,DEPTH_SENSOR-16656,DEPTH_SENSOR,ReefNet Inc.,,Sensus Ultra,16656,,,,,,,
SWFSC,DEPTH_SENSOR-16658,DEPTH_SENSOR,ReefNet Inc.,,Sensus Ultra,16658,,,,,,,
SWFSC,DEPTH_SENSOR-17434,DEPTH_SENSOR,ReefNet Inc.,,Sensus Ultra,17434,,,,,,,
SWFSC,DEPTH_SENSOR-17438,DEPTH_SENSOR,ReefNet Inc.,,Sensus Ultra,17438,,,,,,,
SWFSC,DEPTH_SENSOR-17439,DEPTH_SENSOR,ReefNet Inc.,,Sensus Ultra,17439,,,,,,,
SWFSC,DEPTH_SENSOR-15518,DEPTH_SENSOR,ReefNet Inc.,,Sensus Ultra,15518,,,,,,,
SWFSC,DEPTH_SENSOR-15756,DEPTH_SENSOR,ReefNet Inc.,,Sensus Ultra,15756,,,,,,,
SWFSC,DEPTH_SENSOR-16530,DEPTH_SENSOR,ReefNet Inc.,,Sensus Ultra,16530,,,,,,,
SWFSC,DEPTH_SENSOR-16639,DEPTH_SENSOR,ReefNet Inc.,,Sensus Ultra,16639,,,,,,,
SWFSC,DEPTH_SENSOR-15720,DEPTH_SENSOR,ReefNet Inc.,,Sensus Ultra,15720,,,,,,,
SWFSC,DEPTH_SENSOR-15741,DEPTH_SENSOR,ReefNet Inc.,,Sensus Ultra,15741,,,,,,,
SWFSC,DEPTH_SENSOR-15756-A,DEPTH_SENSOR,ReefNet Inc.,,Sensus Ultra,15756-A,,,,,,,
SWFSC,DEPTH_SENSOR-15815,DEPTH_SENSOR,ReefNet Inc.,,Sensus Ultra,15815,,,,,,,
SWFSC,DEPTH_SENSOR-15817,DEPTH_SENSOR,ReefNet Inc.,,Sensus Ultra,15817,,,,,,,
SWFSC,DEPTH_SENSOR-16627,DEPTH_SENSOR,ReefNet Inc.,,Sensus Ultra,16627,,,,,,,
SWFSC,DEPTH_SENSOR-16835,DEPTH_SENSOR,ReefNet Inc.,,Sensus Ultra,16835,,,,,,,
SWFSC,DEPTH_SENSOR-15737,DEPTH_SENSOR,ReefNet Inc.,,Sensus Ultra,15737,,,,,,,
SWFSC,DEPTH_SENSOR-15761,DEPTH_SENSOR,ReefNet Inc.,,Sensus Ultra,15761,,,,,,,
SWFSC,DEPTH_SENSOR-15766,DEPTH_SENSOR,ReefNet Inc.,,Sensus Ultra,15766,,,,,,,
SWFSC,DEPTH_SENSOR-15771,DEPTH_SENSOR,ReefNet Inc.,,Sensus Ultra,15771,,,,,,,
SWFSC,DEPTH_SENSOR-15968,DEPTH_SENSOR,ReefNet Inc.,,Sensus Ultra,15968,,,,,,,
SWFSC,DEPTH_SENSOR-16408,DEPTH_SENSOR,ReefNet Inc.,,Sensus Ultra,16408,,,,,,,
SWFSC,DEPTH_SENSOR-16549,DEPTH_SENSOR,ReefNet Inc.,,Sensus Ultra,16549,,,,,,,
SWFSC,DEPTH_SENSOR-16583,DEPTH_SENSOR,ReefNet Inc.,,Sensus Ultra,16583,,,,,,,
SWFSC,DEPTH_SENSOR-17435,DEPTH_SENSOR,ReefNet Inc.,,Sensus Ultra,17435,,,,,,,
