organization_code,deployment_code,recording_code,recording_device_codes,recording_start_datetime,recording_end_datetime,recording_duration_secs,recording_interval_secs,recording_sample_rate_khz,recording_bit_depth,recording_channel,recording_n_channels,recording_filetypes,recording_timezone,recording_usable_start_datetime,recording_usable_end_datetime,recording_usable_min_frequency_khz,recording_usable_max_frequency_khz,recording_quality_code,recording_device_lost,recording_device_depth_m,recording_redacted,recording_json,recording_uri,recording_comments
SWFSC,SWFSC_BCN_20160824_PASCAL_006,SOUNDTRAP_RECORDING,"SOUNDTRAP_6538,HTI_856053,HTI_856064",2016-08-24T13:00:23Z,2016-08-30T03:29:26Z,120,120,288,16,1,2,WAV,UTC,2016-08-24T13:00:23Z,2016-08-30T03:29:26Z,0.23,144,COMPROMISED,,100,,,gs://swfsc-1/2016_PASCAL/drifting_recorder/audio_wav/PASCAL_006,
SWFSC,SWFSC_BCN_20160825_PASCAL_007,SM3M_RECORDINGS,"SOUNDTRAP_SM3M_1,HTI_856045,HTI_856042",2016-08-25T09:30:05Z,2016-09-13T09:30:03Z,114,114,256,16,1,2,WAV,UTC,2016-08-25T09:30:05Z,2016-09-13T09:30:03Z,0.25,128,COMPROMISED,,100,,,gs://swfsc-1/2016_PASCAL/drifting_recorder/audio_wav/PASCAL_007,
SWFSC,SWFSC_BCN_20181005_CCES_014,SOUNDTRAP_RECORDING,"SOUNDTRAP_1208791071,HTI_856048,HTI_856059",2018-10-05T06:01:04Z,2018-11-01T16:43:03Z,120,1200,576,16,1,2,WAV,UTC,2018-10-05T06:01:04Z,2018-11-01T16:43:03Z,0.03,576,GOOD,,150,,,gs://swfsc-1/2018_CCES/drifting_recorder/audio_wav/CCES_014,
SWFSC,SWFSC_BCN_20181030_CCES_016,SOUNDTRAP_RECORDING,"SOUNDTRAP_1543770129,HTI_856049,HTI_856068",2018-10-30T14:49:37Z,2018-11-15T23:01:37Z,120,600,576,16,1,2,WAV,UTC,2018-10-30T14:49:37Z,2018-11-15T23:01:37Z,0.03,576,GOOD,,150,,,gs://swfsc-1/2018_CCES/drifting_recorder/audio_wav/CCES_016,
SWFSC,SWFSC_BCN_20181031_CCES_017,SM3M_RECORDINGS,"SOUNDTRAP_SM3M_3,HTI_856073,HTI_856040",2018-10-31T00:00:00Z,2018-11-24T04:30:00Z,120,240,256,16,1,2,WAV,UTC,2018-10-31T00:00:00Z,2018-11-24T04:30:00Z,0,256,COMPROMISED,,100,,,gs://swfsc-1/2018_CCES/drifting_recorder/audio_wav/CCES_017,
SWFSC,SWFSC_BCN_20181031_CCES_018,SOUNDTRAP_RECORDING,"SOUNDTRAP_1208786975,HTI_856096,HTI_856044",2018-10-31T10:05:29Z,2018-11-16T04:12:29Z,120,360,576,16,1,2,WAV,UTC,2018-10-31T10:05:29Z,2018-11-16T04:12:29Z,0,576,GOOD,,150,,,gs://swfsc-1/2018_CCES/drifting_recorder/audio_wav/CCES_018,
SWFSC,SWFSC_BCN_20181101_CCES_019,SOUNDTRAP_RECORDING,"SOUNDTRAP_1678016538,HTI_856095,HTI_856041",2018-11-01T02:23:12Z,2018-11-18T12:54:48Z,120,600,576,16,1,2,WAV,UTC,2018-11-01T02:23:12Z,2018-11-18T12:54:48Z,0.03,576,GOOD,,150,,,gs://swfsc-1/2018_CCES/drifting_recorder/audio_wav/CCES_019,
SWFSC,SWFSC_BCN_20181105_CCES_020,SOUNDTRAP_RECORDING,"SOUNDTRAP_1677738025,HTI_856097,HTI_856017",2018-11-05T14:22:39Z,2018-11-22T09:16:43Z,120,600,576,16,1,2,WAV,UTC,2018-11-05T14:22:39Z,2018-11-22T09:16:43Z,0.02,576,GOOD,,150,,,gs://swfsc-1/2018_CCES/drifting_recorder/audio_wav/CCES_020,
SWFSC,SWFSC_BCN_20181106_CCES_021,SOUNDTRAP_RECORDING,"SOUNDTRAP_1208791071,HTI_856048,HTI_856059",2018-11-06T03:58:51Z,2018-11-11T09:12:51Z,120,360,576,16,1,2,WAV,UTC,2018-11-06T03:58:51Z,2018-11-11T09:12:51Z,0.05,576,GOOD,,150,,,gs://swfsc-1/2018_CCES/drifting_recorder/audio_wav/CCES_021,
SWFSC,SWFSC_BCN_20181107_CCES_022,SOUNDTRAP_RECORDING,"SOUNDTRAP_1544081436,HTI_856051,HTI_856067",2018-11-07T14:23:49Z,2018-11-23T18:55:49Z,120,600,576,16,1,2,WAV,UTC,2018-11-07T14:23:49Z,2018-11-23T18:55:49Z,0.025,576,GOOD,,150,,,gs://swfsc-1/2018_CCES/drifting_recorder/audio_wav/CCES_022,
SWFSC,SWFSC_BCN_20181122_CCES_023,SOUNDTRAP_RECORDING,"SOUNDTRAP_1208791071,HTI_856048,HTI_856059",2018-11-22T08:28:24Z,2018-12-03T00:49:11Z,120,300,576,16,1,2,WAV,UTC,2018-11-22T08:28:24Z,2018-12-03T00:49:11Z,0.02,576,GOOD,,150,,,gs://swfsc-1/2018_CCES/drifting_recorder/audio_wav/CCES_023,
SWFSC,SWFSC_CHI_20160822_PASCAL_005,SOUNDTRAP_RECORDING,"SOUNDTRAP_8677,HTI_856048,HTI_856059",2016-08-22T15:03:57Z,2016-09-04T22:55:57Z,120,600,288,16,1,2,WAV,UTC,2016-08-22T15:03:57Z,2016-09-04T22:55:57Z,0,144,GOOD,,100,,,gs://swfsc-1/2016_PASCAL/drifting_recorder/audio_wav/PASCAL_005,
SWFSC,SWFSC_CHI_20160826_PASCAL_008,SM2BAT_RECORDINGS,"SOUNDTRAP_SM2BAT_1,HTI_856028,HTI_856025",2016-08-26T04:56:00Z,2016-09-14T02:46:00Z,120,240,192,16,1,2,WAV,UTC,2016-08-26T04:56:00Z,2016-09-14T02:46:00Z,0.25,96,COMPROMISED,,100,,,gs://swfsc-1/2016_PASCAL/drifting_recorder/audio_wav/PASCAL_008,
SWFSC,SWFSC_CHI_20160904_PASCAL_019,SOUNDTRAP_RECORDING,"SOUNDTRAP_0129,HTI_856047,HTI_856062",2016-09-04T01:47:23Z,2016-09-23T06:59:21Z,120,600,288,16,1,2,WAV,UTC,2016-09-04T01:47:23Z,2016-09-23T06:59:21Z,0.046,144,GOOD,,100,,,gs://swfsc-1/2016_PASCAL/drifting_recorder/audio_wav/PASCAL_019,
SWFSC,SWFSC_CHI_20160906_PASCAL_020,SOUNDTRAP_RECORDING,"SOUNDTRAP_0773,HTI_856061,HTI_856056",2016-09-06T02:37:11Z,2016-09-29T05:18:16Z,120,600,288,16,1,2,WAV,UTC,2016-09-06T02:37:11Z,2016-09-29T05:18:16Z,0.167,144,COMPROMISED,,100,,,gs://swfsc-1/2016_PASCAL/drifting_recorder/audio_wav/PASCAL_020,
SWFSC,SWFSC_CHI_20160924_PASCAL_026,SOUNDTRAP_RECORDING_0774,"SOUNDTRAP_0774,HTI_856050,HTI_856065",2016-09-24T15:15:28Z,2016-09-26T04:21:29Z,120,120,288,16,1,2,WAV,UTC,2016-09-24T15:15:28Z,2016-09-26T04:21:29Z,0,144,GOOD,,100,,,gs://swfsc-1/2016_PASCAL/drifting_recorder/audio_wav/PASCAL_026,
SWFSC,SWFSC_CHI_20160924_PASCAL_026,SOUNDTRAP_RECORDING_3689,"SOUNDTRAP_3689,HTI_201883689",2016-09-24T15:15:58Z,2016-09-26T04:22:03Z,120,120,288,16,1,2,WAV,UTC,2016-09-24T15:15:58Z,2016-09-26T04:22:03Z,0,144,GOOD,,250,,,gs://swfsc-1/2016_PASCAL/drifting_recorder/audio_wav/PASCAL_026,
SWFSC,SWFSC_CHI_20160924_PASCAL_027,SOUNDTRAP_RECORDING,"SOUNDTRAP_8025,HTI_856049,HTI_856068",2016-09-24T15:49:50Z,2016-09-26T03:53:51Z,120,120,288,16,1,2,WAV,UTC,2016-09-24T15:49:50Z,2016-09-26T03:53:51Z,0,144,GOOD,,100,,,gs://swfsc-1/2016_PASCAL/drifting_recorder/audio_wav/PASCAL_027,
SWFSC,SWFSC_CHI_20160924_PASCAL_028,SOUNDTRAP_RECORDING,"SOUNDTRAP_4581,HTI_856055,HTI_856066",2016-09-24T16:40:33Z,2016-09-29T03:38:00Z,120,120,288,16,1,2,WAV,UTC,2016-09-24T16:40:33Z,2016-09-29T03:38:00Z,0,144,GOOD,,100,,,gs://swfsc-1/2016_PASCAL/drifting_recorder/audio_wav/PASCAL_028,
SWFSC,SWFSC_CHI_20160926_PASCAL_029,SOUNDTRAP_RECORDING_0774,"SOUNDTRAP_0774,HTI_856050,HTI_856065",2016-09-26T05:39:29Z,2016-09-28T14:17:31Z,120,120,288,16,1,2,WAV,UTC,2016-09-26T05:39:29Z,2016-09-28T14:17:31Z,0.25,144,COMPROMISED,,100,,,gs://swfsc-1/2016_PASCAL/drifting_recorder/audio_wav/PASCAL_029,
SWFSC,SWFSC_CHI_20160926_PASCAL_029,SOUNDTRAP_RECORDING_3689,"SOUNDTRAP_3689,HTI_201883689",2016-09-26T05:42:04Z,2016-09-28T14:18:11Z,120,120,288,16,1,2,WAV,UTC,2016-09-26T05:42:04Z,2016-09-28T14:18:11Z,0,144,GOOD,,250,,,gs://swfsc-1/2016_PASCAL/drifting_recorder/audio_wav/PASCAL_029,
SWFSC,SWFSC_CHI_20160926_PASCAL_030,SOUNDTRAP_RECORDING,"SOUNDTRAP_8025,HTI_856049,HTI_856068",2016-09-26T06:07:51Z,2016-09-28T15:13:54Z,120,120,288,16,1,2,WAV,UTC,2016-09-26T06:07:51Z,2016-09-28T15:13:54Z,0,144,GOOD,,100,,,gs://swfsc-1/2016_PASCAL/drifting_recorder/audio_wav/PASCAL_030,
SWFSC,SWFSC_CHI_20180911_CCES_013,SOUNDTRAP_RECORDING,"SOUNDTRAP_1677738025,HTI_856051,HTI_856067",2018-09-11T20:56:28Z,2018-10-23T13:58:28Z,120,1200,288,16,1,2,WAV,UTC,2018-09-11T20:56:28Z,2018-10-23T13:58:28Z,0.025,288,GOOD,,150,,,gs://swfsc-1/2018_CCES/drifting_recorder/audio_wav/CCES_013,
SWFSC,SWFSC_COL_20160829_PASCAL_012,SOUNDTRAP_RECORDING,"SOUNDTRAP_0774,HTI_856049,HTI_856068",2016-08-29T09:01:46Z,2016-09-17T19:53:46Z,120,600,288,16,1,2,WAV,UTC,2016-08-29T09:01:46Z,2016-09-17T19:53:46Z,0.027,144,GOOD,,100,,,gs://swfsc-1/2016_PASCAL/drifting_recorder/audio_wav/PASCAL_012,
SWFSC,SWFSC_COL_20160829_PASCAL_013,SM3M_RECORDINGS,"SOUNDTRAP_SM3M_3,HTI_856044,HTI_856040",2016-08-29T20:50:05Z,2016-09-15T17:26:06Z,120,120,256,16,1,2,WAV,UTC,2016-08-29T20:50:05Z,2016-09-15T17:26:06Z,0.25,128,COMPROMISED,,100,,,gs://swfsc-1/2016_PASCAL/drifting_recorder/audio_wav/PASCAL_013,
SWFSC,SWFSC_HMB_20210609_ADRIFT_002,SOUNDTRAP_RECORDING,"SOUNDTRAP_5296,HTI_856097,HTI_856059",2021-06-09T18:12:23Z,2021-06-16T22:48:53Z,360,360,384,16,1,2,WAV,UTC,2021-06-09T18:12:23Z,2021-06-16T22:48:53Z,0.025,384,COMPROMISED,,100,,,gs://swfsc-1/2021-23_ADRIFT_Rankin/drifting_recorder/audio_wav/ADRIFT_002,
SWFSC,SWFSC_HUM_20160821_PASCAL_002,SOUNDTRAP_RECORDING,"SOUNDTRAP_0773,HTI_856061,HTI_856056",2016-08-20T18:44:06Z,2016-09-01T02:06:05Z,120,600,288,16,1,2,WAV,UTC,2016-08-20T18:44:06Z,2016-09-01T02:06:05Z,0.028,144,GOOD,,100,,,gs://swfsc-1/2016_PASCAL/drifting_recorder/audio_wav/PASCAL_002,
SWFSC,SWFSC_HUM_20160901_PASCAL_016,SOUNDTRAP_RECORDING,"SOUNDTRAP_4581,HTI_856054,HTI_856057",2016-09-01T13:22:02Z,2016-09-21T00:04:02Z,120,600,288,16,1,2,WAV,UTC,2016-09-01T13:22:02Z,2016-09-21T00:04:02Z,0.1,144,COMPROMISED,,100,,,gs://swfsc-1/2016_PASCAL/drifting_recorder/audio_wav/PASCAL_016,
SWFSC,SWFSC_HUM_20180725_CCES_004,SM3M_RECORDINGS,"SOUNDTRAP_SM3M_3,HTI_856073,HTI_856040",2018-07-30T00:00:00Z,2018-10-12T23:59:59Z,120,1200,256,16,1,2,WAV,UTC,2018-07-30T00:00:00Z,2018-10-12T23:59:59Z,0.1,256,COMPROMISED,,100,,,gs://swfsc-1/2018_CCES/drifting_recorder/audio_wav/CCES_004,
SWFSC,SWFSC_HUM_20180805_CCES_007,SOUNDTRAP_RECORDING,"SOUNDTRAP_1208791071,HTI_856049,HTI_856068",2018-08-05T15:27:50Z,2018-09-22T18:09:50Z,120,1200,288,16,1,2,WAV,UTC,2018-08-05T15:27:50Z,2018-09-22T18:09:50Z,0.02,288,GOOD,,150,,,gs://swfsc-1/2018_CCES/drifting_recorder/audio_wav/CCES_007,
SWFSC,SWFSC_HUM_20180816_CCES_008,SOUNDTRAP_RECORDING,"SOUNDTRAP_1678016538,HTI_856095,HTI_856041",2018-08-16T04:38:04Z,2018-10-01T01:59:55Z,120,1200,288,16,1,2,WAV,UTC,2018-08-16T04:38:04Z,2018-10-01T01:59:55Z,0.03,288,GOOD,,150,,,gs://swfsc-1/2018_CCES/drifting_recorder/audio_wav/CCES_008,
SWFSC,SWFSC_HUM_20210822_ADRIFT_001,SOUNDTRAP_RECORDING,"SOUNDTRAP_5987,HTI_856135,HTI_856147",2021-08-22T18:59:59Z,2021-08-29T09:30:30Z,360,720,384,16,1,2,WAV,UTC,2021-08-22T18:59:59Z,2021-08-29T09:30:30Z,0.05,384,COMPROMISED,,100,,,gs://swfsc-1/2021-23_ADRIFT_Rankin/drifting_recorder/audio_wav/ADRIFT_001,
SWFSC,SWFSC_HUM_20220118_ADRIFT_012,SOUNDTRAP_RECORDING,"SOUNDTRAP_5992,HTI_856162,HTI_856168",2022-01-18T03:42:19Z,2022-01-21T19:39:12Z,360,360,384,16,1,2,WAV,UTC,2022-01-18T03:42:19Z,2022-01-21T19:39:12Z,0.03,192,COMPROMISED,,100,,,gs://swfsc-1/2021-23_ADRIFT_Rankin/drifting_recorder/audio_wav/ADRIFT_012,
SWFSC,SWFSC_HUM_20220425_ADRIFT_017,SOUNDTRAP_RECORDING,"SOUNDTRAP_5987,HTI_856162,HTI_856168",2022-04-25T18:59:59Z,2022-04-28T19:22:16Z,1350,1350,384,16,1,2,WAV,UTC,2022-04-25T18:59:59Z,2022-04-28T19:22:16Z,0.08,192,GOOD,,100,,,gs://swfsc-1/2021-23_ADRIFT_Rankin/drifting_recorder/audio_wav/ADRIFT_017,
SWFSC,SWFSC_HUM_20220425_ADRIFT_018,SOUNDTRAP_RECORDING,"SOUNDTRAP_5989,HTI_856155,HTI_856166",2022-04-25T19:59:57Z,2022-04-28T20:22:15Z,1350,1350,384,16,1,2,WAV,UTC,2022-04-25T19:59:57Z,2022-04-28T20:22:15Z,0.08,192,GOOD,,100,,,gs://swfsc-1/2021-23_ADRIFT_Rankin/drifting_recorder/audio_wav/ADRIFT_018,
SWFSC,SWFSC_HUM_20220728_ADRIFT_030,SOUNDTRAP_RECORDING,"SOUNDTRAP_5987,HTI_856161,HTI_856176",2022-07-28T18:59:58Z,2022-08-01T11:29:40Z,1350,1350,384,16,1,2,WAV,UTC,2022-07-28T18:59:58Z,2022-08-01T11:29:40Z,0.05,192,GOOD,,100,,,gs://swfsc-1/2021-23_ADRIFT_Rankin/drifting_recorder/audio_wav/ADRIFT_030,
SWFSC,SWFSC_HUM_20220728_ADRIFT_031,SOUNDTRAP_RECORDING,"SOUNDTRAP_5984,HTI_856155,HTI_856166",2022-07-28T18:59:58Z,2022-08-01T08:52:13Z,1350,1350,384,16,1,2,WAV,UTC,2022-07-28T18:59:58Z,2022-08-01T08:52:13Z,0.05,192,GOOD,,100,,,gs://swfsc-1/2021-23_ADRIFT_Rankin/drifting_recorder/audio_wav/ADRIFT_031,
SWFSC,SWFSC_HUM_20220913_ADRIFT_032,SOUNDTRAP_RECORDING,"SOUNDTRAP_5987,HTI_856155,HTI_856166",2022-09-13T06:59:56Z,2022-09-15T18:14:45Z,1350,1350,384,16,1,2,WAV,UTC,2022-09-13T06:59:56Z,2022-09-15T18:14:45Z,0.03,192,GOOD,,100,,,gs://swfsc-1/2021-23_ADRIFT_Rankin/drifting_recorder/audio_wav/ADRIFT_032,
SWFSC,SWFSC_HUM_20220913_ADRIFT_033,SOUNDTRAP_RECORDING,"SOUNDTRAP_5984,HTI_856162,HTI_856168",2022-09-13T04:44:56Z,2022-09-15T17:29:45Z,1350,1350,384,16,1,2,WAV,UTC,2022-09-13T04:44:56Z,2022-09-15T17:29:45Z,0.25,192,COMPROMISED,,100,,,gs://swfsc-1/2021-23_ADRIFT_Rankin/drifting_recorder/audio_wav/ADRIFT_033,
SWFSC,SWFSC_HUM_20221116_ADRIFT_036,SOUNDTRAP_RECORDING,"SOUNDTRAP_5984,HTI_856155,HTI_856166",2022-11-16T19:14:57Z,2022-11-20T07:37:12Z,1350,1350,384,16,1,2,WAV,UTC,2022-11-16T19:14:57Z,2022-11-20T07:37:12Z,0.05,192,GOOD,,100,,,gs://swfsc-1/2021-23_ADRIFT_Rankin/drifting_recorder/audio_wav/ADRIFT_036,
SWFSC,SWFSC_HUM_20221116_ADRIFT_037,SOUNDTRAP_RECORDING,"SOUNDTRAP_8025,HTI_856162,HTI_856168",2022-11-16T18:59:58Z,2022-11-21T10:59:46Z,1350,1350,288,16,1,2,WAV,UTC,2022-11-16T18:59:58Z,2022-11-21T10:59:46Z,0.03,192,GOOD,,100,,,gs://swfsc-1/2021-23_ADRIFT_Rankin/drifting_recorder/audio_wav/ADRIFT_037,
SWFSC,SWFSC_HUM_20221116_ADRIFT_038,SOUNDTRAP_RECORDING,"SOUNDTRAP_5987,HTI_856161,HTI_856176",2022-11-16T19:14:57Z,2022-11-20T03:29:42Z,1350,1350,384,16,1,2,WAV,UTC,2022-11-16T19:14:57Z,2022-11-20T03:29:42Z,0.05,192,GOOD,,100,,,gs://swfsc-1/2021-23_ADRIFT_Rankin/drifting_recorder/audio_wav/ADRIFT_038,
SWFSC,SWFSC_HUM_20221213_ADRIFT_039,SOUNDTRAP_RECORDING,"SOUNDTRAP_5984,HTI_856155,HTI_856166",2022-12-13T21:29:57Z,2022-12-16T20:22:14Z,1350,1350,384,16,1,2,WAV,UTC,2022-12-13T21:29:57Z,2022-12-16T20:22:14Z,1,192,COMPROMISED,,100,,,gs://swfsc-1/2021-23_ADRIFT_Rankin/drifting_recorder/audio_wav/ADRIFT_039,
SWFSC,SWFSC_HUM_20221213_ADRIFT_040,SOUNDTRAP_RECORDING,"SOUNDTRAP_8025,HTI_856162,HTI_856168",2022-12-13T21:29:57Z,2022-12-16T21:29:49Z,1350,1350,288,16,1,2,WAV,UTC,2022-12-13T21:29:57Z,2022-12-16T21:29:49Z,0.25,192,GOOD,,100,,,gs://swfsc-1/2021-23_ADRIFT_Rankin/drifting_recorder/audio_wav/ADRIFT_040,
SWFSC,SWFSC_HUM_20221213_ADRIFT_041,SOUNDTRAP_RECORDING,"SOUNDTRAP_5987,HTI_856161,HTI_856176",2022-12-13T21:52:27Z,2022-12-16T22:37:14Z,1350,1350,384,16,1,2,WAV,UTC,2022-12-13T21:52:27Z,2022-12-16T22:37:14Z,0.25,192,COMPROMISED,,100,,,gs://swfsc-1/2021-23_ADRIFT_Rankin/drifting_recorder/audio_wav/ADRIFT_041,
SWFSC,SWFSC_HUM_20230316_ADRIFT_054,SOUNDTRAP_RECORDING,"SOUNDTRAP_5984,HTI_856155,HTI_856166",2023-03-16T18:29:57Z,2023-03-18T16:59:48Z,1350,1350,384,16,1,2,WAV,UTC,2023-03-16T18:29:57Z,2023-03-18T16:59:48Z,0.25,192,COMPROMISED,,100,,,gs://swfsc-1/2021-23_ADRIFT_Rankin/drifting_recorder/audio_wav/ADRIFT_054,
SWFSC,SWFSC_HUM_20230316_ADRIFT_055,SOUNDTRAP_RECORDING,"SOUNDTRAP_8025,HTI_856161,HTI_856176",2023-03-16T18:29:57Z,2023-03-18T17:29:52Z,1350,1350,288,16,1,2,WAV,UTC,2023-03-16T18:29:57Z,2023-03-18T17:29:52Z,0.25,192,COMPROMISED,,100,,,gs://swfsc-1/2021-23_ADRIFT_Rankin/drifting_recorder/audio_wav/ADRIFT_055,
SWFSC,SWFSC_HUM_20230316_ADRIFT_057,SOUNDTRAP_RECORDING,"SOUNDTRAP_5992,HTI_856162,HTI_856168",2023-03-16T19:14:57Z,2023-03-18T16:59:48Z,1350,1350,384,16,1,2,WAV,UTC,2023-03-16T19:14:57Z,2023-03-18T16:59:48Z,1,192,COMPROMISED,,100,,,gs://swfsc-1/2021-23_ADRIFT_Rankin/drifting_recorder/audio_wav/ADRIFT_057,
SWFSC,SWFSC_HUM_20230507_ADRIFT_068,SOUNDTRAP_RECORDING,"SOUNDTRAP_5992,HTI_856155,HTI_856166",2023-05-07T00:29:57Z,2023-05-09T16:14:48Z,1350,1350,384,16,1,2,WAV,UTC,2023-05-07T00:29:57Z,2023-05-09T16:14:48Z,0.25,192,COMPROMISED,,100,,,gs://swfsc-1/2021-23_ADRIFT_Rankin/drifting_recorder/audio_wav/ADRIFT_068,
SWFSC,SWFSC_HUM_20230507_ADRIFT_070,SOUNDTRAP_RECORDING,"SOUNDTRAP_5984,HTI_856156,HTI_856167",2023-05-07T00:52:27Z,2023-05-09T17:44:46Z,1350,1350,384,16,1,2,WAV,UTC,2023-05-07T00:52:27Z,2023-05-09T17:44:46Z,0.05,192,GOOD,,100,,,gs://swfsc-1/2021-23_ADRIFT_Rankin/drifting_recorder/audio_wav/ADRIFT_070,
SWFSC,SWFSC_HUM_20230507_ADRIFT_071,SOUNDTRAP_RECORDING,"SOUNDTRAP_8025,HTI_856162,HTI_856168",2023-05-07T00:59:58Z,2023-05-09T17:59:47Z,1350,1350,288,16,1,2,WAV,UTC,2023-05-07T00:59:58Z,2023-05-09T17:59:47Z,0.25,192,COMPROMISED,,100,,,gs://swfsc-1/2021-23_ADRIFT_Rankin/drifting_recorder/audio_wav/ADRIFT_071,
SWFSC,SWFSC_HUM_20230825_ADRIFT_088,SOUNDTRAP_RECORDING,"SOUNDTRAP_5992,HTI_856155,HTI_856166",2023-08-25T17:29:58Z,2023-08-28T20:23:59Z,360,360,384,16,1,2,WAV,UTC,2023-08-25T17:29:58Z,2023-08-28T20:23:59Z,0.25,192,COMPROMISED,,100,,,gs://swfsc-1/2021-23_ADRIFT_Rankin/drifting_recorder/audio_wav/ADRIFT_088,
SWFSC,SWFSC_HUM_20230825_ADRIFT_089,SOUNDTRAP_RECORDING,"SOUNDTRAP_5990,HTI_856161,HTI_856176",2023-08-25T17:17:58Z,2023-08-26T18:23:58Z,360,360,384,16,1,2,WAV,UTC,2023-08-25T17:17:58Z,2023-08-26T18:23:58Z,0.05,192,COMPROMISED,,100,,,gs://swfsc-1/2021-23_ADRIFT_Rankin/drifting_recorder/audio_wav/ADRIFT_089,
SWFSC,SWFSC_HUM_20230825_ADRIFT_090,SOUNDTRAP_RECORDING,"SOUNDTRAP_5984,HTI_856156,HTI_856167",2023-08-25T17:41:58Z,2023-08-26T21:11:58Z,360,360,384,16,1,2,WAV,UTC,2023-08-25T17:41:58Z,2023-08-26T21:11:58Z,0.05,192,COMPROMISED,,100,,,gs://swfsc-1/2021-23_ADRIFT_Rankin/drifting_recorder/audio_wav/ADRIFT_090,
SWFSC,SWFSC_HUM_20230825_ADRIFT_091,SOUNDTRAP_RECORDING,"SOUNDTRAP_8025,HTI_856162,HTI_856168",2023-08-25T18:05:58Z,2023-08-28T21:29:59Z,360,360,288,16,1,2,WAV,UTC,2023-08-25T18:05:58Z,2023-08-28T21:29:59Z,0.05,192,COMPROMISED,,100,,,gs://swfsc-1/2021-23_ADRIFT_Rankin/drifting_recorder/audio_wav/ADRIFT_091,
SWFSC,SWFSC_HUM_20231005_ADRIFT_097,SOUNDTRAP_RECORDING,"SOUNDTRAP_5992,HTI_856155,HTI_856166",2023-10-05T23:29:58Z,2023-10-06T23:23:58Z,360,360,384,16,1,2,WAV,UTC,2023-10-05T23:29:58Z,2023-10-06T23:23:58Z,0.075,192,COMPROMISED,,100,,,gs://swfsc-1/2021-23_ADRIFT_Rankin/drifting_recorder/audio_wav/ADRIFT_097,
SWFSC,SWFSC_HUM_20231005_ADRIFT_098,SOUNDTRAP_RECORDING,"SOUNDTRAP_5990,HTI_856161,HTI_856176",2023-10-05T23:29:58Z,2023-10-06T23:41:58Z,360,360,384,16,1,2,WAV,UTC,2023-10-05T23:29:58Z,2023-10-06T23:41:58Z,0.08,192,COMPROMISED,,100,,,gs://swfsc-1/2021-23_ADRIFT_Rankin/drifting_recorder/audio_wav/ADRIFT_098,
SWFSC,SWFSC_HUM_20231005_ADRIFT_099,SOUNDTRAP_RECORDING,"SOUNDTRAP_5984,HTI_856156,HTI_856167",2023-10-05T23:41:58Z,2023-10-06T23:53:58Z,360,360,384,16,1,2,WAV,UTC,2023-10-05T23:41:58Z,2023-10-06T23:53:58Z,0.25,192,COMPROMISED,,100,,,gs://swfsc-1/2021-23_ADRIFT_Rankin/drifting_recorder/audio_wav/ADRIFT_099,
SWFSC,SWFSC_HUM_20231005_ADRIFT_100,SOUNDTRAP_RECORDING,"SOUNDTRAP_8025,HTI_856162,HTI_856168",2023-10-05T23:53:58Z,2023-10-07T00:23:58Z,360,360,288,16,1,2,WAV,UTC,2023-10-05T23:53:58Z,2023-10-07T00:23:58Z,0.25,192,COMPROMISED,,100,,,gs://swfsc-1/2021-23_ADRIFT_Rankin/drifting_recorder/audio_wav/ADRIFT_100,
SWFSC,SWFSC_MBY_20160822_PASCAL_004,SOUNDTRAP_RECORDING,"SOUNDTRAP_2634,HTI_856060,HTI_856058",2016-08-22T00:28:27Z,2016-09-03T19:14:33Z,120,600,288,16,1,2,WAV,UTC,2016-08-22T00:28:27Z,2016-09-03T19:14:33Z,0.07,144,GOOD,,100,,,gs://swfsc-1/2016_PASCAL/drifting_recorder/audio_wav/PASCAL_004,
SWFSC,SWFSC_MBY_20160827_PASCAL_009,SOUNDTRAP_RECORDING_1436,"SOUNDTRAP_1436,HTI_856050,HTI_856065",2016-08-27T00:22:14Z,2016-09-15T13:04:14Z,120,600,288,16,1,2,WAV,UTC,2016-08-27T00:22:14Z,2016-09-15T13:04:14Z,0,288,GOOD,,100,,,gs://swfsc-1/2016_PASCAL/drifting_recorder/audio_wav/PASCAL_009,
SWFSC,SWFSC_MBY_20160827_PASCAL_009,SOUNDTRAP_RECORDING_3689,"SOUNDTRAP_3689,HTI_201883689",2016-08-27T02:14:57Z,2016-09-15T20:12:13Z,120,120,48,16,1,2,WAV,UTC,2016-08-27T02:14:57Z,2016-09-15T20:12:13Z,0,24,GOOD,,100,,,gs://swfsc-1/2016_PASCAL/drifting_recorder/audio_wav/PASCAL_009,
SWFSC,SWFSC_MBY_20160903_PASCAL_018,SM2BAT_RECORDINGS,"SOUNDTRAP_SM2BAT_4,HTI_856026",2016-09-03T05:32:00Z,2016-09-22T11:50:00Z,120,240,192,16,1,2,WAV,UTC,2016-09-03T05:32:00Z,2016-09-22T11:50:00Z,0,96,GOOD,,100,,,gs://swfsc-1/2016_PASCAL/drifting_recorder/audio_wav/PASCAL_018,
SWFSC,SWFSC_MBY_20220621_ADRIFT_019,SOUNDTRAP_RECORDING,"SOUNDTRAP_6673,HTI_856157,HTI_856169",2022-06-21T16:15:00Z,2022-06-25T22:14:42Z,1350,1350,384,16,1,2,WAV,UTC,2022-06-21T16:15:00Z,2022-06-25T22:14:42Z,0.3,192,COMPROMISED,,100,,,gs://swfsc-1/2021-23_ADRIFT_Rankin/drifting_recorder/audio_wav/ADRIFT_019,
SWFSC,SWFSC_MBY_20220621_ADRIFT_020,SOUNDTRAP_RECORDING,"SOUNDTRAP_6666,HTI_856156,HTI_856167",2022-06-21T16:45:00Z,2022-06-25T17:52:13Z,1350,1350,384,16,1,2,WAV,UTC,2022-06-21T16:45:00Z,2022-06-25T17:52:13Z,0.4,192,COMPROMISED,,100,,,gs://swfsc-1/2021-23_ADRIFT_Rankin/drifting_recorder/audio_wav/ADRIFT_020,
SWFSC,SWFSC_MBY_20220621_ADRIFT_021,SOUNDTRAP_RECORDING,"SOUNDTRAP_6670,HTI_856164,HTI_856175",2022-06-21T17:07:29Z,2022-06-25T18:37:12Z,1350,1350,384,16,1,2,WAV,UTC,2022-06-21T17:07:29Z,2022-06-25T18:37:12Z,0.8,192,COMPROMISED,,100,,,gs://swfsc-1/2021-23_ADRIFT_Rankin/drifting_recorder/audio_wav/ADRIFT_021,
SWFSC,SWFSC_MBY_20220621_ADRIFT_022,SOUNDTRAP_RECORDING,"SOUNDTRAP_6667,HTI_856159,HTI_856177",2022-06-21T17:37:30Z,2022-06-25T16:52:16Z,1350,1350,384,16,1,2,WAV,UTC,2022-06-21T17:37:30Z,2022-06-25T16:52:16Z,1.5,192,COMPROMISED,,100,,,gs://swfsc-1/2021-23_ADRIFT_Rankin/drifting_recorder/audio_wav/ADRIFT_022,
SWFSC,SWFSC_MBY_20220621_ADRIFT_023,SOUNDTRAP_RECORDING,"SOUNDTRAP_6665,HTI_856141,HTI_856144",2022-06-21T18:52:29Z,2022-06-25T21:29:41Z,1350,1350,384,16,1,2,WAV,UTC,2022-06-21T18:52:29Z,2022-06-25T21:29:41Z,0.8,192,COMPROMISED,,100,,,gs://swfsc-1/2021-23_ADRIFT_Rankin/drifting_recorder/audio_wav/ADRIFT_023,
SWFSC,SWFSC_MBY_20220621_ADRIFT_024,SOUNDTRAP_RECORDING,"SOUNDTRAP_6664,HTI_856163,HTI_856171",2022-06-21T19:29:59Z,2022-06-25T20:14:42Z,1350,1350,384,16,1,2,WAV,UTC,2022-06-21T19:29:59Z,2022-06-25T20:14:42Z,0.065,192,GOOD,,100,,,gs://swfsc-1/2021-23_ADRIFT_Rankin/drifting_recorder/audio_wav/ADRIFT_024,
SWFSC,SWFSC_MBY_20220621_ADRIFT_025,SOUNDTRAP_RECORDING,"SOUNDTRAP_6672,HTI_856139,HTI_856148",2022-06-21T19:44:59Z,2022-06-25T17:29:42Z,1350,1350,384,16,1,2,WAV,UTC,2022-06-21T19:44:59Z,2022-06-25T17:29:42Z,0.01,192,GOOD,,100,,,gs://swfsc-1/2021-23_ADRIFT_Rankin/drifting_recorder/audio_wav/ADRIFT_025,
SWFSC,SWFSC_MBY_20220621_ADRIFT_026,SOUNDTRAP_RECORDING,"SOUNDTRAP_6663,HTI_856165,HTI_856173",2022-06-21T20:22:29Z,2022-06-25T20:44:44Z,1350,1350,384,16,1,2,WAV,UTC,2022-06-21T20:22:29Z,2022-06-25T20:44:44Z,20,192,COMPROMISED,,100,,,gs://swfsc-1/2021-23_ADRIFT_Rankin/drifting_recorder/audio_wav/ADRIFT_026,
SWFSC,SWFSC_MBY_20230311_ADRIFT_046,SOUNDTRAP_RECORDING,"SOUNDTRAP_6655,HTI_856158,HTI_856172",2023-03-11T19:00:00Z,2023-03-16T21:30:01Z,360,360,384,16,1,2,WAV,UTC,2023-03-11T19:00:00Z,2023-03-16T21:30:01Z,0.03,192,GOOD,,100,,,gs://swfsc-1/2021-23_ADRIFT_Rankin/drifting_recorder/audio_wav/ADRIFT_046,
SWFSC,SWFSC_MBY_20230311_ADRIFT_047,SOUNDTRAP_RECORDING,"SOUNDTRAP_6668,HTI_856117,HTI_856128",2023-03-11T19:30:00Z,2023-03-16T21:12:01Z,360,360,384,16,1,2,WAV,UTC,2023-03-11T19:30:00Z,2023-03-16T21:12:01Z,0.05,192,GOOD,,100,,,gs://swfsc-1/2021-23_ADRIFT_Rankin/drifting_recorder/audio_wav/ADRIFT_047,
SWFSC,SWFSC_MBY_20230311_ADRIFT_048,SOUNDTRAP_RECORDING,"SOUNDTRAP_7519,HTI_856157,HTI_856169",2023-03-11T19:54:00Z,2023-03-18T18:12:02Z,360,360,384,16,1,2,WAV,UTC,2023-03-11T19:54:00Z,2023-03-18T18:12:02Z,0.05,192,GOOD,,100,,,gs://swfsc-1/2021-23_ADRIFT_Rankin/drifting_recorder/audio_wav/ADRIFT_048,
SWFSC,SWFSC_MBY_20230311_ADRIFT_049,SOUNDTRAP_RECORDING,"SOUNDTRAP_6671,HTI_856141,HTI_856144",2023-03-11T20:35:59Z,2023-03-16T17:42:01Z,360,360,384,16,1,2,WAV,UTC,2023-03-11T20:35:59Z,2023-03-16T17:42:01Z,0,192,GOOD,,100,,,gs://swfsc-1/2021-23_ADRIFT_Rankin/drifting_recorder/audio_wav/ADRIFT_049,
SWFSC,SWFSC_MBY_20230311_ADRIFT_050,SOUNDTRAP_RECORDING,"SOUNDTRAP_6664,HTI_856165,HTI_856173",2023-03-11T21:00:00Z,2023-03-16T20:00:01Z,360,360,384,16,1,2,WAV,UTC,2023-03-11T21:00:00Z,2023-03-16T20:00:01Z,0.03,192,GOOD,,100,,,gs://swfsc-1/2021-23_ADRIFT_Rankin/drifting_recorder/audio_wav/ADRIFT_050,
SWFSC,SWFSC_MBY_20230311_ADRIFT_051,SOUNDTRAP_RECORDING,"SOUNDTRAP_6667,HTI_856154,HTI_856170",2023-03-11T21:30:00Z,2023-03-16T19:24:00Z,360,360,384,16,1,2,WAV,UTC,2023-03-11T21:30:00Z,2023-03-16T19:24:00Z,0.05,192,GOOD,,100,,,gs://swfsc-1/2021-23_ADRIFT_Rankin/drifting_recorder/audio_wav/ADRIFT_051,
SWFSC,SWFSC_MBY_20230311_ADRIFT_052,SOUNDTRAP_RECORDING,"SOUNDTRAP_7517,HTI_856164,HTI_856175",2023-03-11T21:54:00Z,2023-03-16T22:54:01Z,360,360,384,16,1,2,WAV,UTC,2023-03-11T21:54:00Z,2023-03-16T22:54:01Z,0.075,192,GOOD,,100,,,gs://swfsc-1/2021-23_ADRIFT_Rankin/drifting_recorder/audio_wav/ADRIFT_052,
SWFSC,SWFSC_MBY_20230311_ADRIFT_053,SOUNDTRAP_RECORDING,"SOUNDTRAP_6665,HTI_856139,HTI_856148",2023-03-11T22:18:00Z,2023-03-16T23:30:01Z,360,360,384,16,1,2,WAV,UTC,2023-03-11T22:18:00Z,2023-03-16T23:30:01Z,0.05,192,GOOD,,100,,,gs://swfsc-1/2021-23_ADRIFT_Rankin/drifting_recorder/audio_wav/ADRIFT_053,
SWFSC,SWFSC_MBY_20230711_ADRIFT_079,SOUNDTRAP_RECORDING,"SOUNDTRAP_6664,HTI_856154,HTI_856170",2023-07-11T19:54:00Z,2023-07-16T16:24:02Z,360,360,384,16,1,2,WAV,UTC,2023-07-11T19:54:00Z,2023-07-16T16:24:02Z,0.2,192,GOOD,,100,,,gs://swfsc-1/2021-23_ADRIFT_Rankin/drifting_recorder/audio_wav/ADRIFT_079,
SWFSC,SWFSC_MBY_20230711_ADRIFT_080,SOUNDTRAP_RECORDING,"SOUNDTRAP_6655,HTI_856165,HTI_856173",2023-07-11T20:42:00Z,2023-07-16T20:12:01Z,360,360,384,16,1,2,WAV,UTC,2023-07-11T20:42:00Z,2023-07-16T20:12:01Z,0.05,192,GOOD,,100,,,gs://swfsc-1/2021-23_ADRIFT_Rankin/drifting_recorder/audio_wav/ADRIFT_080,
SWFSC,SWFSC_MBY_20230711_ADRIFT_081,SOUNDTRAP_RECORDING,"SOUNDTRAP_7517,HTI_856139,HTI_856148",2023-07-11T21:17:59Z,2023-07-16T17:42:02Z,360,360,384,16,1,2,WAV,UTC,2023-07-11T21:17:59Z,2023-07-16T17:42:02Z,0.25,192,GOOD,,100,,,gs://swfsc-1/2021-23_ADRIFT_Rankin/drifting_recorder/audio_wav/ADRIFT_081,
SWFSC,SWFSC_MBY_20230711_ADRIFT_082,SOUNDTRAP_RECORDING,"SOUNDTRAP_7521,HTI_856137,HTI_856149",2023-07-11T21:54:00Z,2023-07-15T18:42:01Z,360,360,384,16,1,2,WAV,UTC,2023-07-11T21:54:00Z,2023-07-15T18:42:01Z,0.025,192,GOOD,,100,,,gs://swfsc-1/2021-23_ADRIFT_Rankin/drifting_recorder/audio_wav/ADRIFT_082,
SWFSC,SWFSC_MBY_20230711_ADRIFT_083,SOUNDTRAP_RECORDING,"SOUNDTRAP_6665,HTI_856141,HTI_856144",2023-07-11T22:42:00Z,2023-07-16T17:18:01Z,360,360,384,16,1,2,WAV,UTC,2023-07-11T22:42:00Z,2023-07-16T17:18:01Z,0.025,192,GOOD,,100,,,gs://swfsc-1/2021-23_ADRIFT_Rankin/drifting_recorder/audio_wav/ADRIFT_083,
SWFSC,SWFSC_MBY_20231106_ADRIFT_101,SOUNDTRAP_RECORDING,"SOUNDTRAP_7932,HTI_856137,HTI_856149",2023-11-06T17:06:00Z,2023-11-10T18:18:01Z,360,360,384,16,1,2,WAV,UTC,2023-11-06T17:06:00Z,2023-11-10T18:18:01Z,0.03,192,COMPROMISED,,100,,,gs://swfsc-1/2021-23_ADRIFT_Rankin/drifting_recorder/audio_wav/ADRIFT_101,
SWFSC,SWFSC_MBY_20231106_ADRIFT_102,SOUNDTRAP_RECORDING,"SOUNDTRAP_6667,HTI_856141,HTI_856144",2023-11-06T17:42:00Z,2023-11-10T19:48:01Z,360,360,384,16,1,2,WAV,UTC,2023-11-06T17:42:00Z,2023-11-10T19:48:01Z,0.03,192,COMPROMISED,,100,,,gs://swfsc-1/2021-23_ADRIFT_Rankin/drifting_recorder/audio_wav/ADRIFT_102,
SWFSC,SWFSC_MBY_20231106_ADRIFT_103,SOUNDTRAP_RECORDING,"SOUNDTRAP_7939,HTI_856135,HTI_856147",2023-11-06T18:54:00Z,2023-11-10T20:54:00Z,360,360,384,16,1,2,WAV,UTC,2023-11-06T18:54:00Z,2023-11-10T20:54:00Z,0.06,192,COMPROMISED,,100,,,gs://swfsc-1/2021-23_ADRIFT_Rankin/drifting_recorder/audio_wav/ADRIFT_103,
SWFSC,SWFSC_MBY_20231106_ADRIFT_104,SOUNDTRAP_RECORDING,"SOUNDTRAP_7930,HTI_856157,HTI_856169",2023-11-06T19:24:00Z,2023-11-10T22:48:01Z,360,360,384,16,1,2,WAV,UTC,2023-11-06T19:24:00Z,2023-11-10T22:48:01Z,0.25,192,COMPROMISED,,100,,,gs://swfsc-1/2021-23_ADRIFT_Rankin/drifting_recorder/audio_wav/ADRIFT_104,
SWFSC,SWFSC_MBY_20231106_ADRIFT_105,SOUNDTRAP_RECORDING,"SOUNDTRAP_7951,HTI_856164,HTI_856175",2023-11-06T20:00:00Z,2023-11-10T22:00:01Z,360,360,384,16,1,2,WAV,UTC,2023-11-06T20:00:00Z,2023-11-10T22:00:01Z,0.25,192,COMPROMISED,,100,,,gs://swfsc-1/2021-23_ADRIFT_Rankin/drifting_recorder/audio_wav/ADRIFT_105,
SWFSC,SWFSC_MBY_20231106_ADRIFT_106,SOUNDTRAP_RECORDING,"SOUNDTRAP_6663,HTI_856165,HTI_856173",2023-11-06T20:35:59Z,2023-11-10T22:18:01Z,360,360,384,16,1,2,WAV,UTC,2023-11-06T20:35:59Z,2023-11-10T22:18:01Z,0.25,192,COMPROMISED,,100,,,gs://swfsc-1/2021-23_ADRIFT_Rankin/drifting_recorder/audio_wav/ADRIFT_106,
SWFSC,SWFSC_MBY_20231106_ADRIFT_107,SOUNDTRAP_RECORDING,"SOUNDTRAP_7934,HTI_856139,HTI_856148",2023-11-06T21:00:00Z,2023-11-10T20:24:01Z,360,360,384,16,1,2,WAV,UTC,2023-11-06T21:00:00Z,2023-11-10T20:24:01Z,0.25,192,COMPROMISED,,100,,,gs://swfsc-1/2021-23_ADRIFT_Rankin/drifting_recorder/audio_wav/ADRIFT_107,
SWFSC,SWFSC_MBY_20231106_ADRIFT_108,SOUNDTRAP_RECORDING,"SOUNDTRAP_7519,HTI_856154,HTI_856170",2023-11-06T21:41:59Z,2023-11-10T21:24:00Z,360,360,384,16,1,2,WAV,UTC,2023-11-06T21:41:59Z,2023-11-10T21:24:00Z,0.25,192,COMPROMISED,,100,,,gs://swfsc-1/2021-23_ADRIFT_Rankin/drifting_recorder/audio_wav/ADRIFT_108,
SWFSC,SWFSC_MND_20160821_PASCAL_003,SOUNDTRAP_RECORDING,"SOUNDTRAP_2438,HTI_856051,HTI_856067",2016-08-21T10:37:16Z,2016-09-02T16:39:16Z,120,600,288,16,1,2,WAV,UTC,2016-08-21T10:37:16Z,2016-09-02T16:39:16Z,0.25,144,COMPROMISED,,100,,,gs://swfsc-1/2016_PASCAL/drifting_recorder/audio_wav/PASCAL_003,
SWFSC,SWFSC_MND_20160827_PASCAL_010,SM3M_RECORDINGS,"SOUNDTRAP_SM3M_2,HTI_856046,HTI_856039",2016-08-27T17:44:06Z,2016-09-17T04:24:05Z,114,114,256,16,1,2,WAV,UTC,2016-08-27T17:44:06Z,2016-09-17T04:24:05Z,0.03,256,GOOD,,100,,,gs://swfsc-1/2016_PASCAL/drifting_recorder/audio_wav/PASCAL_010,
SWFSC,SWFSC_MOB_20160904_PASCAL_021,SOUNDTRAP_RECORDING,"SOUNDTRAP_8505,HTI_856060,HTI_856058",2016-09-03T23:54:34Z,2016-09-25T10:02:46Z,120,600,288,16,1,2,WAV,UTC,2016-09-03T23:54:34Z,2016-09-25T10:02:46Z,0,144,GOOD,,100,,,gs://swfsc-1/2016_PASCAL/drifting_recorder/audio_wav/PASCAL_021,
SWFSC,SWFSC_MOB_20180830_CCES_012,SOUNDTRAP_RECORDING,"SOUNDTRAP_1544081436,HTI_856097,HTI_856017",2018-08-30T02:58:44Z,2018-10-06T17:00:44Z,120,1200,288,16,1,2,WAV,UTC,2018-08-30T02:58:44Z,2018-10-06T17:00:44Z,0.02,288,GOOD,,150,,,gs://swfsc-1/2018_CCES/drifting_recorder/audio_wav/CCES_012,
SWFSC,SWFSC_MOB_20220423_ADRIFT_013,SOUNDTRAP_RECORDING,"SOUNDTRAP_6655,HTI_856163,HTI_856171",2022-04-23T20:44:52Z,2022-05-04T20:36:02Z,1350,1350,384,16,1,2,WAV,UTC,2022-04-23T20:44:52Z,2022-05-04T20:36:02Z,1,192,COMPROMISED,,100,,,gs://swfsc-1/2021-23_ADRIFT_Rankin/drifting_recorder/audio_wav/ADRIFT_013,
SWFSC,SWFSC_NEPAC_20240817_CALCURCEAS_001,SOUNDTRAP_RECORDING,"SOUNDTRAP_7951,HTI_856135,HTI_856147",2024-08-17T19:00:00Z,2024-08-25T13:02:00Z,360,360,384,16,1,2,WAV,UTC,2024-08-17T19:00:00Z,2024-08-25T13:02:00Z,0.05,192,GOOD,,100,,,gs://swfsc-1/2024_CalCurCEAS/drifting_recorder/audio_wav/CalCurCEAS_001,
SWFSC,SWFSC_NEPAC_20240820_CALCURCEAS_002,SOUNDTRAP_RECORDING,"SOUNDTRAP_6663,HTI_856164,HTI_856175",2024-08-20T13:36:00Z,2024-08-30T02:00:00Z,360,360,384,16,1,2,WAV,UTC,2024-08-20T13:36:00Z,2024-08-30T02:00:00Z,0.5,192,GOOD,,100,,,gs://swfsc-1/2024_CalCurCEAS/drifting_recorder/audio_wav/CalCurCEAS_002,
SWFSC,SWFSC_NEPAC_20240820_CALCURCEAS_003,SOUNDTRAP_RECORDING,"SOUNDTRAP_7517,HTI_856154,HTI_856170",2024-08-20T20:40:00Z,2024-08-30T05:00:00Z,360,360,384,16,1,2,WAV,UTC,2024-08-20T20:40:00Z,2024-08-30T05:00:00Z,0.1,192,GOOD,,100,,,gs://swfsc-1/2024_CalCurCEAS/drifting_recorder/audio_wav/CalCurCEAS_003,
SWFSC,SWFSC_NEPAC_20240821_CALCURCEAS_004,SOUNDTRAP_RECORDING,"SOUNDTRAP_7518,HTI_856141,HTI_856144",2024-08-21T04:02:00Z,2024-08-28T02:58:00Z,360,360,384,16,1,2,WAV,UTC,2024-08-21T04:02:00Z,2024-08-28T02:58:00Z,0.05,192,GOOD,,100,,,gs://swfsc-1/2024_CalCurCEAS/drifting_recorder/audio_wav/CalCurCEAS_004,
SWFSC,SWFSC_NEPAC_20240823_CALCURCEAS_006,SOUNDTRAP_RECORDING,"SOUNDTRAP_7936,HTI_856139,HTI_856148",2024-08-23T00:49:59Z,2024-08-30T15:28:00Z,360,360,384,16,1,2,WAV,UTC,2024-08-23T00:49:59Z,2024-08-30T15:28:00Z,0.05,192,GOOD,,100,,,gs://swfsc-1/2024_CalCurCEAS/drifting_recorder/audio_wav/CalCurCEAS_006,
SWFSC,SWFSC_NEPAC_20240913_CALCURCEAS_008,SOUNDTRAP_RECORDING,"SOUNDTRAP_7936,HTI_856136,HTI_856145",2024-09-13T22:12:00Z,2024-09-21T00:46:00Z,360,360,384,16,1,2,WAV,UTC,2024-09-13T22:12:00Z,2024-09-21T00:46:00Z,0,192,GOOD,,100,,,gs://swfsc-1/2024_CalCurCEAS/drifting_recorder/audio_wav/CalCurCEAS_008,
SWFSC,SWFSC_NEPAC_20240914_CALCURCEAS_009,SOUNDTRAP_RECORDING,"SOUNDTRAP_7517,HTI_856138,HTI_856151",2024-09-14T14:06:00Z,2024-09-23T21:22:00Z,360,360,384,16,1,2,WAV,UTC,2024-09-14T14:06:00Z,2024-09-23T21:22:00Z,0.115,192,GOOD,,100,,,gs://swfsc-1/2024_CalCurCEAS/drifting_recorder/audio_wav/CalCurCEAS_009,
SWFSC,SWFSC_NEPAC_20240914_CALCURCEAS_010,SOUNDTRAP_RECORDING,"SOUNDTRAP_6663,HTI_856159,HTI_856177",2024-09-14T21:23:00Z,2024-09-24T01:24:29Z,360,360,384,16,1,2,WAV,UTC,2024-09-14T21:23:00Z,2024-09-24T01:24:29Z,0.35,192,GOOD,,100,,,gs://swfsc-1/2024_CalCurCEAS/drifting_recorder/audio_wav/CalCurCEAS_010,
SWFSC,SWFSC_NEPAC_20240915_CALCURCEAS_011,SOUNDTRAP_RECORDING,"SOUNDTRAP_7518,HTI_856156,HTI_856167",2024-09-15T17:00:00Z,2024-09-22T14:55:00Z,360,360,384,16,1,2,WAV,UTC,2024-09-15T17:00:00Z,2024-09-22T14:55:00Z,0.06,192,GOOD,,100,,,gs://swfsc-1/2024_CalCurCEAS/drifting_recorder/audio_wav/CalCurCEAS_011,
SWFSC,SWFSC_NEPAC_20241001_CALCURCEAS_012,SOUNDTRAP_RECORDING,"SOUNDTRAP_7930,HTI_856135,HTI_856147",2024-10-01T23:16:00Z,2024-10-05T03:02:00Z,360,360,384,16,1,2,WAV,UTC,2024-10-01T23:16:00Z,2024-10-05T03:02:00Z,0.3,192,COMPROMISED,,100,,,gs://swfsc-1/2024_CalCurCEAS/drifting_recorder/audio_wav/CalCurCEAS_012,
SWFSC,SWFSC_NEPAC_20241002_CALCURCEAS_013,SOUNDTRAP_RECORDING,"SOUNDTRAP_7518,HTI_856163,HTI_856171",2024-10-02T01:10:42Z,2024-10-04T03:49:59Z,360,360,384,16,1,2,WAV,UTC,2024-10-02T01:10:42Z,2024-10-04T03:49:59Z,0.1,192,GOOD,,100,,,gs://swfsc-1/2024_CalCurCEAS/drifting_recorder/audio_wav/CalCurCEAS_013,
SWFSC,SWFSC_NEPAC_20241002_CALCURCEAS_014,SOUNDTRAP_RECORDING,"SOUNDTRAP_7519,HTI_856161,HTI_856176",2024-10-02T01:53:00Z,2024-10-05T02:06:00Z,360,360,384,16,1,2,WAV,UTC,2024-10-02T01:53:00Z,2024-10-05T02:06:00Z,0.02,192,GOOD,,100,,,gs://swfsc-1/2024_CalCurCEAS/drifting_recorder/audio_wav/CalCurCEAS_014,
SWFSC,SWFSC_NEPAC_20241005_CALCURCEAS_015,SOUNDTRAP_RECORDING,"SOUNDTRAP_6663,HTI_856136,HTI_856145",2024-10-05T14:30:00Z,2024-10-11T14:32:59Z,360,360,384,16,1,2,WAV,UTC,2024-10-05T14:30:00Z,2024-10-11T14:32:59Z,0,192,GOOD,,100,,,gs://swfsc-1/2024_CalCurCEAS/drifting_recorder/audio_wav/CalCurCEAS_015,
SWFSC,SWFSC_NEPAC_20241006_CALCURCEAS_016,SOUNDTRAP_RECORDING,"SOUNDTRAP_7936,HTI_856135,HTI_856147",2024-10-06T02:00:07Z,2024-10-13T15:54:00Z,360,360,384,16,1,2,WAV,UTC,2024-10-06T02:00:07Z,2024-10-13T15:54:00Z,0.035,192,GOOD,,100,,,gs://swfsc-1/2024_CalCurCEAS/drifting_recorder/audio_wav/CalCurCEAS_016,
SWFSC,SWFSC_NEPAC_20241006_CALCURCEAS_017,SOUNDTRAP_RECORDING,"SOUNDTRAP_7518,HTI_856159,HTI_856177",2024-10-06T14:45:00Z,2024-10-12T13:53:00Z,360,360,384,16,1,2,WAV,UTC,2024-10-06T14:45:00Z,2024-10-12T13:53:00Z,0.125,192,GOOD,,100,,,gs://swfsc-1/2024_CalCurCEAS/drifting_recorder/audio_wav/CalCurCEAS_017,
SWFSC,SWFSC_NEPAC_20241006_CALCURCEAS_018,SOUNDTRAP_RECORDING,"SOUNDTRAP_7930,HTI_856138,HTI_856151",2024-10-06T23:54:02Z,2024-10-11T21:40:00Z,360,360,384,16,1,2,WAV,UTC,2024-10-06T23:54:02Z,2024-10-11T21:40:00Z,0,192,GOOD,,100,,,gs://swfsc-1/2024_CalCurCEAS/drifting_recorder/audio_wav/CalCurCEAS_018,
SWFSC,SWFSC_NEPAC_20241009_CALCURCEAS_019,SOUNDTRAP_RECORDING,"SOUNDTRAP_8595,HTI_856155,HTI_856166",2024-10-09T04:56:00Z,2024-10-15T21:30:00Z,360,360,384,16,1,2,WAV,UTC,2024-10-09T04:56:00Z,2024-10-15T21:30:00Z,0.1,192,GOOD,,100,,,gs://swfsc-1/2024_CalCurCEAS/drifting_recorder/audio_wav/CalCurCEAS_019,
SWFSC,SWFSC_NEPAC_20241026_CALCURCEAS_020,SOUNDTRAP_RECORDING,"SOUNDTRAP_7936,HTI_856163,HTI_856171",2024-10-26T14:48:01Z,2024-11-09T09:35:16Z,360,360,384,16,1,2,WAV,UTC,2024-10-26T14:48:01Z,2024-11-09T09:35:16Z,0.02,192,GOOD,,100,,,gs://swfsc-1/2024_CalCurCEAS/drifting_recorder/audio_wav/CalCurCEAS_020,
SWFSC,SWFSC_NEPAC_20241027_CALCURCEAS_021,SOUNDTRAP_RECORDING,"SOUNDTRAP_8595,HTI_856141,HTI_856144",2024-10-27T01:06:01Z,2024-11-07T14:56:23Z,360,360,384,16,1,2,WAV,UTC,2024-10-27T01:06:01Z,2024-11-07T14:56:23Z,0,192,GOOD,,100,,,gs://swfsc-1/2024_CalCurCEAS/drifting_recorder/audio_wav/CalCurCEAS_021,
SWFSC,SWFSC_NEPAC_20241027_CALCURCEAS_022,SOUNDTRAP_RECORDING,"SOUNDTRAP_7521,HTI_856138,HTI_856151",2024-10-27T14:06:00Z,2024-11-09T07:40:32Z,360,360,384,16,1,2,WAV,UTC,2024-10-27T14:06:00Z,2024-11-09T07:40:32Z,0,192,GOOD,,100,,,gs://swfsc-1/2024_CalCurCEAS/drifting_recorder/audio_wav/CalCurCEAS_022,
SWFSC,SWFSC_NEPAC_20241028_CALCURCEAS_023,SOUNDTRAP_RECORDING,"SOUNDTRAP_7518,HTI_856156,HTI_856167",2024-10-28T00:00:00Z,2024-11-11T06:27:54Z,360,360,384,16,1,2,WAV,UTC,2024-10-28T00:00:00Z,2024-11-11T06:27:54Z,0.02,192,GOOD,,100,,,gs://swfsc-1/2024_CalCurCEAS/drifting_recorder/audio_wav/CalCurCEAS_023,
SWFSC,SWFSC_NEPAC_20241111_CALCURCEAS_024,SOUNDTRAP_RECORDING,"SOUNDTRAP_8595,HTI_856141,HTI_856144",2024-11-11T02:00:00Z,2024-11-24T15:16:00Z,360,360,384,16,1,2,WAV,UTC,2024-11-11T02:00:00Z,2024-11-24T15:16:00Z,0,192,GOOD,,100,,,gs://swfsc-1/2024_CalCurCEAS/drifting_recorder/audio_wav/CalCurCEAS_024,
SWFSC,SWFSC_NEPAC_20241120_CALCURCEAS_025,SOUNDTRAP_RECORDING,"SOUNDTRAP_7517,HTI_856163,HTI_856171",2024-11-20T16:42:01Z,2024-12-03T17:15:22Z,360,360,384,16,1,2,WAV,UTC,2024-11-20T16:42:01Z,2024-12-03T17:15:22Z,0.015,192,GOOD,,100,,,gs://swfsc-1/2024_CalCurCEAS/drifting_recorder/audio_wav/CalCurCEAS_025,
SWFSC,SWFSC_NEPAC_20241122_CALCURCEAS_026,SOUNDTRAP_RECORDING,"SOUNDTRAP_7939,HTI_856138,HTI_856151",2024-11-22T14:36:02Z,2024-12-02T23:09:46Z,360,360,384,16,1,2,WAV,UTC,2024-11-22T14:36:02Z,2024-12-02T23:09:46Z,0,192,GOOD,,100,,,gs://swfsc-1/2024_CalCurCEAS/drifting_recorder/audio_wav/CalCurCEAS_026,
SWFSC,SWFSC_NEPAC_20241123_CALCURCEAS_027,SOUNDTRAP_RECORDING,"SOUNDTRAP_7950,HTI_856139,HTI_856148",2024-11-23T16:00:02Z,2024-12-03T06:17:03Z,360,360,384,16,1,2,WAV,UTC,2024-11-23T16:00:02Z,2024-12-03T06:17:03Z,0.1,192,GOOD,,100,,,gs://swfsc-1/2024_CalCurCEAS/drifting_recorder/audio_wav/CalCurCEAS_027,
SWFSC,SWFSC_ORE_20160819_PASCAL_001,SOUNDTRAP_RECORDING,"SOUNDTRAP_8505,HTI_856052,HTI_856063",2016-08-20T02:20:07Z,2016-08-31T14:42:00Z,120,600,288,16,1,2,WAV,UTC,2016-08-20T02:20:07Z,2016-08-31T14:42:00Z,0.25,144,COMPROMISED,,100,,,gs://swfsc-1/2016_PASCAL/drifting_recorder/audio_wav/PASCAL_001,
SWFSC,SWFSC_ORE_20160828_PASCAL_011,SM2BAT_RECORDINGS,"SOUNDTRAP_SM2BAT_2,HTI_856019,HTI_856023",2016-08-28T12:44:00Z,2016-09-17T04:18:00Z,120,240,192,16,1,2,WAV,UTC,2016-08-28T12:44:00Z,2016-09-17T04:18:00Z,0.25,96,COMPROMISED,,100,,,gs://swfsc-1/2016_PASCAL/drifting_recorder/audio_wav/PASCAL_011,
SWFSC,SWFSC_ORE_20160831_PASCAL_015,SOUNDTRAP_RECORDING,"SOUNDTRAP_8025,HTI_856055,HTI_856066",2016-08-31T07:11:38Z,2016-09-05T04:48:42Z,120,120,288,16,1,2,WAV,UTC,2016-08-31T07:11:38Z,2016-09-05T04:48:42Z,0.024,144,GOOD,,100,,,gs://swfsc-1/2016_PASCAL/drifting_recorder/audio_wav/PASCAL_015,
SWFSC,SWFSC_ORE_20230316_ADRIFT_042,SOUNDTRAP_RECORDING,"SOUNDTRAP_5296,HTI_856163,HTI_856171",2023-03-16T19:29:57Z,2023-03-21T00:44:35Z,1350,1350,384,16,1,2,WAV,UTC,2023-03-16T19:29:57Z,2023-03-21T00:44:35Z,0.25,192,COMPROMISED,,100,,,gs://swfsc-1/2021-23_ADRIFT_Rankin/drifting_recorder/audio_wav/ADRIFT_042,
SWFSC,SWFSC_ORE_20230316_ADRIFT_043,SOUNDTRAP_RECORDING,"SOUNDTRAP_5986,HTI_856159,HTI_856177",2023-03-16T18:52:27Z,2023-03-20T08:53:16Z,1350,1350,384,16,1,2,WAV,UTC,2023-03-16T18:52:27Z,2023-03-20T08:53:16Z,0.05,192,GOOD,,100,,,gs://swfsc-1/2021-23_ADRIFT_Rankin/drifting_recorder/audio_wav/ADRIFT_043,
SWFSC,SWFSC_ORE_20230316_ADRIFT_044,SOUNDTRAP_RECORDING,"SOUNDTRAP_5991,HTI_856136,HTI_856145",2023-03-16T20:14:58Z,2023-03-20T21:11:29Z,1350,1350,384,16,1,2,WAV,UTC,2023-03-16T20:14:58Z,2023-03-20T21:11:29Z,0.075,192,COMPROMISED,,100,,,gs://swfsc-1/2021-23_ADRIFT_Rankin/drifting_recorder/audio_wav/ADRIFT_044,
SWFSC,SWFSC_ORE_20230316_ADRIFT_045,SOUNDTRAP_RECORDING,"SOUNDTRAP_5994,HTI_856138,HTI_856151",2023-03-16T18:59:58Z,2023-03-20T11:40:17Z,1350,1350,384,16,1,2,WAV,UTC,2023-03-16T18:59:58Z,2023-03-20T11:40:17Z,0.05,192,GOOD,,100,,,gs://swfsc-1/2021-23_ADRIFT_Rankin/drifting_recorder/audio_wav/ADRIFT_045,
SWFSC,SWFSC_ORE_20230413_ADRIFT_058,SOUNDTRAP_RECORDING,"SOUNDTRAP_5296,HTI_856163,HTI_856171",2023-04-13T07:49:55Z,2023-04-16T17:09:46Z,1350,1350,384,16,1,2,WAV,UTC,2023-04-13T07:49:55Z,2023-04-16T17:09:46Z,1.5,192,GOOD,,100,,,gs://swfsc-1/2021-23_ADRIFT_Rankin/drifting_recorder/audio_wav/ADRIFT_058,
SWFSC,SWFSC_ORE_20230413_ADRIFT_059,SOUNDTRAP_RECORDING,"SOUNDTRAP_5986,HTI_856159,HTI_856177",2023-04-13T06:15:12Z,2023-04-16T18:18:58Z,1350,1350,384,16,1,2,WAV,UTC,2023-04-13T06:15:12Z,2023-04-16T18:18:58Z,0.1,192,GOOD,,100,,,gs://swfsc-1/2021-23_ADRIFT_Rankin/drifting_recorder/audio_wav/ADRIFT_059,
SWFSC,SWFSC_ORE_20230413_ADRIFT_060,SOUNDTRAP_RECORDING,"SOUNDTRAP_5991,HTI_856136,HTI_856145",2023-04-13T06:58:22Z,2023-04-16T18:13:06Z,1350,1350,384,16,1,2,WAV,UTC,2023-04-13T06:58:22Z,2023-04-16T18:13:06Z,0.075,192,COMPROMISED,,100,,,gs://swfsc-1/2021-23_ADRIFT_Rankin/drifting_recorder/audio_wav/ADRIFT_060,
SWFSC,SWFSC_ORE_20230413_ADRIFT_061,SOUNDTRAP_RECORDING,"SOUNDTRAP_5994,HTI_856138,HTI_856151",2023-04-13T05:14:02Z,2023-04-16T18:56:45Z,1350,1350,384,16,1,2,WAV,UTC,2023-04-13T05:14:02Z,2023-04-16T18:56:45Z,0.73,192,COMPROMISED,,100,,,gs://swfsc-1/2021-23_ADRIFT_Rankin/drifting_recorder/audio_wav/ADRIFT_061,
SWFSC,SWFSC_ORE_20230426_ADRIFT_062,SOUNDTRAP_RECORDING,"SOUNDTRAP_5296,HTI_856163,HTI_856171",2023-04-26T03:37:21Z,2023-04-29T05:28:54Z,1350,1350,384,16,1,2,WAV,UTC,2023-04-26T03:37:21Z,2023-04-29T05:28:54Z,0.25,192,GOOD,,100,,,gs://swfsc-1/2021-23_ADRIFT_Rankin/drifting_recorder/audio_wav/ADRIFT_062,
SWFSC,SWFSC_ORE_20230426_ADRIFT_063,SOUNDTRAP_RECORDING,"SOUNDTRAP_5986,HTI_856159,HTI_856177",2023-04-26T03:03:33Z,2023-04-29T03:44:57Z,1350,1350,384,16,1,2,WAV,UTC,2023-04-26T03:03:33Z,2023-04-29T03:44:57Z,0.25,192,GOOD,,100,,,gs://swfsc-1/2021-23_ADRIFT_Rankin/drifting_recorder/audio_wav/ADRIFT_063,
SWFSC,SWFSC_ORE_20230426_ADRIFT_064,SOUNDTRAP_RECORDING,"SOUNDTRAP_5991,HTI_856136,HTI_856145",2023-04-26T02:06:08Z,2023-04-29T07:20:35Z,1350,1350,384,16,1,2,WAV,UTC,2023-04-26T02:06:08Z,2023-04-29T07:20:35Z,0.7,192,COMPROMISED,,100,,,gs://swfsc-1/2021-23_ADRIFT_Rankin/drifting_recorder/audio_wav/ADRIFT_064,
SWFSC,SWFSC_ORE_20230426_ADRIFT_065,SOUNDTRAP_RECORDING,"SOUNDTRAP_5994,HTI_856138,HTI_856151",2023-04-26T02:59:55Z,2023-04-29T06:47:58Z,1350,1350,384,16,1,2,WAV,UTC,2023-04-26T02:59:55Z,2023-04-29T06:47:58Z,1,192,COMPROMISED,,100,,,gs://swfsc-1/2021-23_ADRIFT_Rankin/drifting_recorder/audio_wav/ADRIFT_065,
SWFSC,SWFSC_ORE_20230517_ADRIFT_072,SOUNDTRAP_RECORDING,"SOUNDTRAP_5296,HTI_856163,HTI_856171",2023-05-17T18:13:55Z,2023-05-23T13:36:52Z,1350,1350,384,16,1,2,WAV,UTC,2023-05-17T18:13:55Z,2023-05-23T13:36:52Z,0.05,192,GOOD,,100,,,gs://swfsc-1/2021-23_ADRIFT_Rankin/drifting_recorder/audio_wav/ADRIFT_072,
SWFSC,SWFSC_ORE_20230517_ADRIFT_073,SOUNDTRAP_RECORDING,"SOUNDTRAP_5986,HTI_856159,HTI_856177",2023-05-17T18:38:28Z,2023-05-21T06:28:31Z,1350,1350,384,16,1,2,WAV,UTC,2023-05-17T18:38:28Z,2023-05-21T06:28:31Z,0.05,192,GOOD,,100,,,gs://swfsc-1/2021-23_ADRIFT_Rankin/drifting_recorder/audio_wav/ADRIFT_073,
SWFSC,SWFSC_ORE_20230517_ADRIFT_074,SOUNDTRAP_RECORDING,"SOUNDTRAP_5991,HTI_856136,HTI_856145",2023-05-17T18:58:57Z,2023-05-21T20:30:14Z,1350,1350,384,16,1,2,WAV,UTC,2023-05-17T18:58:57Z,2023-05-21T20:30:14Z,0.25,192,COMPROMISED,,100,,,gs://swfsc-1/2021-23_ADRIFT_Rankin/drifting_recorder/audio_wav/ADRIFT_074,
SWFSC,SWFSC_ORE_20230517_ADRIFT_075,SOUNDTRAP_RECORDING,"SOUNDTRAP_5994,HTI_856138,HTI_856151",2023-05-17T19:25:22Z,2023-05-21T09:00:04Z,1350,1350,384,16,1,2,WAV,UTC,2023-05-17T19:25:22Z,2023-05-21T09:00:04Z,0.25,192,GOOD,,100,,,gs://swfsc-1/2021-23_ADRIFT_Rankin/drifting_recorder/audio_wav/ADRIFT_075,
SWFSC,SWFSC_ORE_20230717_ADRIFT_077,SOUNDTRAP_RECORDING,"SOUNDTRAP_5986,HTI_856159,HTI_856177",2023-07-17T19:08:24Z,2023-07-21T08:34:54Z,360,360,384,16,1,2,WAV,UTC,2023-07-17T19:08:24Z,2023-07-21T08:34:54Z,0.15,192,COMPROMISED,,100,,,gs://swfsc-1/2021-23_ADRIFT_Rankin/drifting_recorder/audio_wav/ADRIFT_077,
SWFSC,SWFSC_ORE_20230717_ADRIFT_078,SOUNDTRAP_RECORDING,"SOUNDTRAP_5994,HTI_856138,HTI_856151",2023-07-17T20:03:06Z,2023-07-21T11:22:38Z,360,360,384,16,1,2,WAV,UTC,2023-07-17T20:03:06Z,2023-07-21T11:22:38Z,0.055,192,COMPROMISED,,100,,,gs://swfsc-1/2021-23_ADRIFT_Rankin/drifting_recorder/audio_wav/ADRIFT_078,
SWFSC,SWFSC_ORE_20230804_ADRIFT_085,SOUNDTRAP_RECORDING,"SOUNDTRAP_5296,HTI_856163,HTI_856171",2023-08-04T22:05:51Z,2023-08-11T02:37:32Z,360,360,384,16,1,2,WAV,UTC,2023-08-04T22:05:51Z,2023-08-11T02:37:32Z,0.075,192,COMPROMISED,,100,,,gs://swfsc-1/2021-23_ADRIFT_Rankin/drifting_recorder/audio_wav/ADRIFT_085,
SWFSC,SWFSC_ORE_20230804_ADRIFT_086,SOUNDTRAP_RECORDING,"SOUNDTRAP_5986,HTI_856159,HTI_856177",2023-08-04T22:41:21Z,2023-08-08T10:11:54Z,360,360,384,16,1,2,WAV,UTC,2023-08-04T22:41:21Z,2023-08-08T10:11:54Z,0.25,192,COMPROMISED,,100,,,gs://swfsc-1/2021-23_ADRIFT_Rankin/drifting_recorder/audio_wav/ADRIFT_086,
SWFSC,SWFSC_ORE_20230804_ADRIFT_087,SOUNDTRAP_RECORDING,"SOUNDTRAP_5994,HTI_856138,HTI_856151",2023-08-04T23:14:28Z,2023-08-08T11:44:44Z,360,360,384,16,1,2,WAV,UTC,2023-08-04T23:14:28Z,2023-08-08T11:44:44Z,0.04,192,COMPROMISED,,100,,,gs://swfsc-1/2021-23_ADRIFT_Rankin/drifting_recorder/audio_wav/ADRIFT_087,
SWFSC,SWFSC_PTA_20160902_PASCAL_017,SM3M_RECORDINGS,"SOUNDTRAP_SM3M_4,HTI_856041,HTI_856043",2016-09-02T03:54:06Z,2016-09-21T23:14:00Z,114,114,256,16,1,2,WAV,UTC,2016-09-02T03:54:06Z,2016-09-21T23:14:00Z,0.105,128,COMPROMISED,,100,,,gs://swfsc-1/2016_PASCAL/drifting_recorder/audio_wav/PASCAL_017,
SWFSC,SWFSC_PTA_20180822_CCES_010,SOUNDTRAP_RECORDING,"SOUNDTRAP_1208786975,HTI_856096,HTI_856044",2018-08-22T02:24:55Z,2018-10-21T23:48:58Z,120,1200,576,16,1,2,WAV,UTC,2018-08-22T02:24:55Z,2018-10-21T23:48:58Z,0.03,576,GOOD,,150,,,gs://swfsc-1/2018_CCES/drifting_recorder/audio_wav/CCES_010,
SWFSC,SWFSC_SFB_20210610_ADRIFT_005,SOUNDTRAP_RECORDING,"SOUNDTRAP_1208786975,HTI_856122,HTI_856121",2021-06-10T18:30:40Z,2021-06-22T21:21:24Z,360,720,384,16,1,2,WAV,UTC,2021-06-10T18:30:40Z,2021-06-22T21:21:24Z,0.03,384,COMPROMISED,,100,,,gs://swfsc-1/2021-23_ADRIFT_Rankin/drifting_recorder/audio_wav/ADRIFT_005,
SWFSC,SWFSC_SFB_20210610_ADRIFT_007,SOUNDTRAP_RECORDING,"SOUNDTRAP_5318,HTI_856116,HTI_856120",2021-06-10T17:33:22Z,2021-06-24T10:00:08Z,360,720,384,16,1,2,WAV,UTC,2021-06-10T17:33:22Z,2021-06-24T10:00:08Z,0.03,384,COMPROMISED,,100,,,gs://swfsc-1/2021-23_ADRIFT_Rankin/drifting_recorder/audio_wav/ADRIFT_007,
SWFSC,SWFSC_SFB_20210725_ADRIFT_003,SOUNDTRAP_RECORDING,"SOUNDTRAP_1208786975,HTI_856122,HTI_856121",2021-07-25T18:35:58Z,2021-08-03T16:32:07Z,360,720,384,16,1,2,WAV,UTC,2021-07-25T18:35:58Z,2021-08-03T16:32:07Z,0.05,384,COMPROMISED,,100,,,gs://swfsc-1/2021-23_ADRIFT_Rankin/drifting_recorder/audio_wav/ADRIFT_003,
SWFSC,SWFSC_SFB_20210725_ADRIFT_006,SOUNDTRAP_RECORDING,"SOUNDTRAP_5318,HTI_856116,HTI_856120",2021-07-25T19:11:59Z,2021-07-28T22:05:59Z,360,720,384,16,1,2,WAV,UTC,2021-07-25T19:11:59Z,2021-07-28T22:05:59Z,0.05,384,COMPROMISED,,100,,,gs://swfsc-1/2021-23_ADRIFT_Rankin/drifting_recorder/audio_wav/ADRIFT_006,
SWFSC,SWFSC_SFB_20220618_ADRIFT_015,SOUNDTRAP_RECORDING,"SOUNDTRAP_6668,HTI_856154,HTI_856170",2022-06-18T08:07:12Z,2022-06-21T06:14:36Z,1350,1350,384,16,1,2,WAV,UTC,2022-06-18T08:07:12Z,2022-06-21T06:14:36Z,6,192,COMPROMISED,,100,,,gs://swfsc-1/2021-23_ADRIFT_Rankin/drifting_recorder/audio_wav/ADRIFT_015,
SWFSC,SWFSC_SFB_20220726_ADRIFT_027,SOUNDTRAP_RECORDING,"SOUNDTRAP_6671,HTI_856117,HTI_856118",2022-07-26T18:37:12Z,2022-07-30T18:14:25Z,1350,1350,384,16,1,2,WAV,UTC,2022-07-26T18:37:12Z,2022-07-30T18:14:25Z,0.05,192,GOOD,,100,,,gs://swfsc-1/2021-23_ADRIFT_Rankin/drifting_recorder/audio_wav/ADRIFT_027,
SWFSC,SWFSC_SFB_20220726_ADRIFT_028,SOUNDTRAP_RECORDING,"SOUNDTRAP_6668,HTI_856154,HTI_856170",2022-07-26T17:29:47Z,2022-07-30T20:20:32Z,1350,1350,384,16,1,2,WAV,UTC,2022-07-26T17:29:47Z,2022-07-30T20:20:32Z,0.03,192,GOOD,,100,,,gs://swfsc-1/2021-23_ADRIFT_Rankin/drifting_recorder/audio_wav/ADRIFT_028,
SWFSC,SWFSC_SFB_20220927_ADRIFT_034,SOUNDTRAP_RECORDING,"SOUNDTRAP_6668,HTI_856154,HTI_856170",2022-09-27T18:37:14Z,2022-10-01T15:59:35Z,1350,1350,384,16,1,2,WAV,UTC,2022-09-27T18:37:14Z,2022-10-01T15:59:35Z,0.05,192,GOOD,,100,,,gs://swfsc-1/2021-23_ADRIFT_Rankin/drifting_recorder/audio_wav/ADRIFT_034,
SWFSC,SWFSC_SFB_20230508_ADRIFT_067,SOUNDTRAP_RECORDING,"SOUNDTRAP_6668,HTI_856158,HTI_856172",2023-05-08T04:18:02Z,2023-05-12T01:36:03Z,360,360,384,16,1,2,WAV,UTC,2023-05-08T04:18:02Z,2023-05-12T01:36:03Z,0.05,192,COMPROMISED,,100,,,gs://swfsc-1/2021-23_ADRIFT_Rankin/drifting_recorder/audio_wav/ADRIFT_067,
SWFSC,SWFSC_SFB_20230917_ADRIFT_092,SOUNDTRAP_RECORDING,"SOUNDTRAP_6663,HTI_856157,HTI_856169",2023-09-17T17:42:00Z,2023-09-22T01:42:02Z,360,360,384,16,1,2,WAV,UTC,2023-09-17T17:42:00Z,2023-09-22T01:42:02Z,0.25,192,COMPROMISED,,100,,,gs://swfsc-1/2021-23_ADRIFT_Rankin/drifting_recorder/audio_wav/ADRIFT_092,
SWFSC,SWFSC_SND_20160905_PASCAL_022,SOUNDTRAP_RECORDING,"SOUNDTRAP_2634,HTI_856048,HTI_856059",2016-09-05T06:46:24Z,2016-09-28T17:06:40Z,120,600,288,16,1,2,WAV,UTC,2016-09-05T06:46:24Z,2016-09-28T17:06:40Z,0.106,144,COMPROMISED,,100,,,gs://swfsc-1/2016_PASCAL/drifting_recorder/audio_wav/PASCAL_022,
SWFSC,SWFSC_SND_20160924_PASCAL_023,SOUNDTRAP_RECORDING,"SOUNDTRAP_8677,HTI_856054,HTI_856057",2016-09-24T00:37:42Z,2016-09-28T00:57:46Z,120,120,288,16,1,2,WAV,UTC,2016-09-24T00:37:42Z,2016-09-28T00:57:46Z,0.026,144,GOOD,,100,,,gs://swfsc-1/2016_PASCAL/drifting_recorder/audio_wav/PASCAL_023,
SWFSC,SWFSC_SND_20160924_PASCAL_024,SOUNDTRAP_RECORDING_9174,"SOUNDTRAP_9174,HTI_1678299174",2016-09-24T01:46:49Z,2016-09-28T02:11:14Z,120,120,288,16,1,2,WAV,UTC,2016-09-24T01:46:49Z,2016-09-28T02:11:14Z,0,144,GOOD,,100,,,gs://swfsc-1/2016_PASCAL/drifting_recorder/audio_wav/PASCAL_024,
SWFSC,SWFSC_SND_20160924_PASCAL_024,SOUNDTRAP_RECORDING_6538,"SOUNDTRAP_6538,HTI_856052,HTI_856063",2016-09-24T01:47:57Z,2016-09-28T02:09:43Z,120,120,288,16,1,2,WAV,UTC,2016-09-24T01:47:57Z,2016-09-28T02:09:43Z,0,144,GOOD,,100,,,gs://swfsc-1/2016_PASCAL/drifting_recorder/audio_wav/PASCAL_024,
SWFSC,SWFSC_SND_20160924_PASCAL_025,SOUNDTRAP_RECORDING,"SOUNDTRAP_1436,HTI_856053,HTI_856064",2016-09-24T04:09:39Z,2016-09-28T02:25:43Z,120,120,288,16,1,2,WAV,UTC,2016-09-24T04:09:39Z,2016-09-28T02:25:43Z,0.047,144,GOOD,,100,,,gs://swfsc-1/2016_PASCAL/drifting_recorder/audio_wav/PASCAL_025,
